platform,metric,local_hour,density,n_phases,kappa,min_phases
BR1,PC1,0.0,0.04510666448033851,98,4.0,20
BR1,PC1,0.1,0.04522764309358664,98,4.0,20
BR1,PC1,0.2,0.0453534479675051,98,4.0,20
BR1,PC1,0.30000000000000004,0.045484158560588656,98,4.0,20
BR1,PC1,0.4,0.04561991053743295,98,4.0,20
BR1,PC1,0.5,0.04576089060205857,98,4.0,20
BR1,PC1,0.6000000000000001,0.04590732863975968,98,4.0,20
BR1,PC1,0.7000000000000001,0.04605948721177822,98,4.0,20
BR1,PC1,0.8,0.04621764853222606,98,4.0,20
BR1,PC1,0.9,0.04638209914381521,98,4.0,20
BR1,PC1,1.0,0.04655311259522437,98,4.0,20
BR1,PC1,1.1,0.046730930505255903,98,4.0,20
BR1,PC1,1.2000000000000002,0.04691574247420188,98,4.0,20
BR1,PC1,1.3,0.047107665367972645,98,4.0,20
BR1,PC1,1.4000000000000001,0.04730672255267333,98,4.0,20
BR1,PC1,1.5,0.04751282369387396,98,4.0,20
BR1,PC1,1.6,0.04772574575367076,98,4.0,20
BR1,PC1,1.7000000000000002,0.047945115818176114,98,4.0,20
BR1,PC1,1.8,0.04817039636731679,98,4.0,20
BR1,PC1,1.9000000000000001,0.04840087355747701,98,4.0,20
BR1,PC1,2.0,0.04863564902603029,98,4.0,20
BR1,PC1,2.1,0.048873635646354316,98,4.0,20
BR1,PC1,2.2,0.04911355756444175,98,4.0,20
BR1,PC1,2.3000000000000003,0.049353954736326075,98,4.0,20
BR1,PC1,2.4000000000000004,0.04959319206248374,98,4.0,20
BR1,PC1,2.5,0.0498294730849203,98,4.0,20
BR1,PC1,2.6,0.05006085807898354,98,4.0,20
BR1,PC1,2.7,0.050285286239510264,98,4.0,20
BR1,PC1,2.8000000000000003,0.050500601534261245,98,4.0,20
BR1,PC1,2.9000000000000004,0.05070458168122374,98,4.0,20
BR1,PC1,3.0,0.050894969604526316,98,4.0,20
BR1,PC1,3.1,0.051069506640278955,98,4.0,20
BR1,PC1,3.2,0.05122596670192866,98,4.0,20
BR1,PC1,3.3000000000000003,0.05136219057730257,98,4.0,20
BR1,PC1,3.4000000000000004,0.051476119518170625,98,4.0,20
BR1,PC1,3.5,0.05156582729874493,98,4.0,20
BR1,PC1,3.6,0.051629549961910236,98,4.0,20
BR1,PC1,3.7,0.05166571254000523,98,4.0,20
BR1,PC1,3.8000000000000003,0.05167295212851588,98,4.0,20
BR1,PC1,3.9000000000000004,0.05165013680303103,98,4.0,20
BR1,PC1,4.0,0.05159637999834609,98,4.0,20
BR1,PC1,4.1000000000000005,0.0515110501090822,98,4.0,20
BR1,PC1,4.2,0.051393775218489736,98,4.0,20
BR1,PC1,4.3,0.05124444301077441,98,4.0,20
BR1,PC1,4.4,0.05106319606675947,98,4.0,20
BR1,PC1,4.5,0.050850422877546174,98,4.0,20
BR1,PC1,4.6000000000000005,0.050606745030972754,98,4.0,20
BR1,PC1,4.7,0.050333001126600205,98,4.0,20
BR1,PC1,4.800000000000001,0.05003022805294429,98,4.0,20
BR1,PC1,4.9,0.04969964031295471,98,4.0,20
BR1,PC1,5.0,0.049342608108614114,98,4.0,20
BR1,PC1,5.1000000000000005,0.04896063489246137,98,4.0,20
BR1,PC1,5.2,0.04855533506348765,98,4.0,20
BR1,PC1,5.300000000000001,0.0481284124290402,98,4.0,20
BR1,PC1,5.4,0.04768163997600685,98,4.0,20
BR1,PC1,5.5,0.04721684139751332,98,4.0,20
BR1,PC1,5.6000000000000005,0.04673587471029318,98,4.0,20
BR1,PC1,5.7,0.04624061817799366,98,4.0,20
BR1,PC1,5.800000000000001,0.045732958632486984,98,4.0,20
BR1,PC1,5.9,0.04521478216435289,98,4.0,20
BR1,PC1,6.0,0.04468796704046756,98,4.0,20
BR1,PC1,6.1000000000000005,0.0441543786060102,98,4.0,20
BR1,PC1,6.2,0.04361586584443395,98,4.0,20
BR1,PC1,6.300000000000001,0.043074259205423245,98,4.0,20
BR1,PC1,6.4,0.04253136926994047,98,4.0,20
BR1,PC1,6.5,0.04198898580439622,98,4.0,20
BR1,PC1,6.6000000000000005,0.041448876762858494,98,4.0,20
BR1,PC1,6.7,0.04091278682600489,98,4.0,20
BR1,PC1,6.800000000000001,0.04038243511611797,98,4.0,20
BR1,PC1,6.9,0.0398595117957932,98,4.0,20
BR1,PC1,7.0,0.03934567334036664,98,4.0,20
BR1,PC1,7.1000000000000005,0.038842536366012086,98,4.0,20
BR1,PC1,7.2,0.038351669992300746,98,4.0,20
BR1,PC1,7.300000000000001,0.03787458681495762,98,4.0,20
BR1,PC1,7.4,0.03741273265691615,98,4.0,20
BR1,PC1,7.5,0.03696747534925248,98,4.0,20
BR1,PC1,7.6000000000000005,0.0365400928644045,98,4.0,20
BR1,PC1,7.7,0.036131761179195476,98,4.0,20
BR1,PC1,7.800000000000001,0.03574354228236321,98,4.0,20
BR1,PC1,7.9,0.0353763727592261,98,4.0,20
BR1,PC1,8.0,0.03503105338441151,98,4.0,20
BR1,PC1,8.1,0.03470824013275657,98,4.0,20
BR1,PC1,8.200000000000001,0.03440843697993979,98,4.0,20
BR1,PC1,8.3,0.034131990810233014,98,4.0,20
BR1,PC1,8.4,0.033879088681706096,98,4.0,20
BR1,PC1,8.5,0.033649757622452744,98,4.0,20
BR1,PC1,8.6,0.03344386704840405,98,4.0,20
BR1,PC1,8.700000000000001,0.033261133807630454,98,4.0,20
BR1,PC1,8.8,0.03310112977122436,98,4.0,20
BR1,PC1,8.9,0.03296329181020695,98,4.0,20
BR1,PC1,9.0,0.032846933924374454,98,4.0,20
BR1,PC1,9.1,0.0327512612250938,98,4.0,20
BR1,PC1,9.200000000000001,0.03267538542174604,98,4.0,20
BR1,PC1,9.3,0.032618341422190514,98,4.0,20
BR1,PC1,9.4,0.0325791046320822,98,4.0,20
BR1,PC1,9.5,0.032556608526335816,98,4.0,20
BR1,PC1,9.600000000000001,0.032549762068177925,98,4.0,20
BR1,PC1,9.700000000000001,0.03255746656626177,98,4.0,20
BR1,PC1,9.8,0.032578631587053014,98,4.0,20
BR1,PC1,9.9,0.032612189576620876,98,4.0,20
BR1,PC1,10.0,0.03265710889137574,98,4.0,20
BR1,PC1,10.100000000000001,0.03271240498933718,98,4.0,20
BR1,PC1,10.200000000000001,0.03277714959031685,98,4.0,20
BR1,PC1,10.3,0.0328504776731098,98,4.0,20
BR1,PC1,10.4,0.032931592238658346,98,4.0,20
BR1,PC1,10.5,0.0330197668285715,98,4.0,20
BR1,PC1,10.600000000000001,0.03311434584691414,98,4.0,20
BR1,PC1,10.700000000000001,0.03321474278856751,98,4.0,20
BR1,PC1,10.8,0.03332043652864001,98,4.0,20
BR1,PC1,10.9,0.03343096587348448,98,4.0,20
BR1,PC1,11.0,0.03354592261412291,98,4.0,20
BR1,PC1,11.100000000000001,0.03366494335670259,98,4.0,20
BR1,PC1,11.200000000000001,0.033787700431530385,98,4.0,20
BR1,PC1,11.3,0.033913892201881006,98,4.0,20
BR1,PC1,11.4,0.034043233105851924,98,4.0,20
BR1,PC1,11.5,0.03417544376882793,98,4.0,20
BR1,PC1,11.600000000000001,0.034310241520481066,98,4.0,20
BR1,PC1,11.700000000000001,0.034447331638612015,98,4.0,20
BR1,PC1,11.8,0.03458639962258836,98,4.0,20
BR1,PC1,11.9,0.03472710477182716,98,4.0,20
BR1,PC1,12.0,0.03486907531002744,98,4.0,20
BR1,PC1,12.100000000000001,0.03501190525418177,98,4.0,20
BR1,PC1,12.200000000000001,0.03515515317947949,98,4.0,20
BR1,PC1,12.3,0.035298342977962215,98,4.0,20
BR1,PC1,12.4,0.03544096665132868,98,4.0,20
BR1,PC1,12.5,0.035582489117945405,98,4.0,20
BR1,PC1,12.600000000000001,0.035722354952428426,98,4.0,20
BR1,PC1,12.700000000000001,0.035859996914809414,98,4.0,20
BR1,PC1,12.8,0.03599484606708874,98,4.0,20
BR1,PC1,12.9,0.036126343219769486,98,4.0,20
BR1,PC1,13.0,0.03625395140161174,98,4.0,20
BR1,PC1,13.100000000000001,0.03637716900411344,98,4.0,20
BR1,PC1,13.200000000000001,0.03649554321972097,98,4.0,20
BR1,PC1,13.3,0.03660868337087641,98,4.0,20
BR1,PC1,13.4,0.03671627371679062,98,4.0,20
BR1,PC1,13.5,0.036818085327005416,98,4.0,20
BR1,PC1,13.600000000000001,0.036913986625679046,98,4.0,20
BR1,PC1,13.700000000000001,0.03700395223796759,98,4.0,20
BR1,PC1,13.8,0.03708806980930498,98,4.0,20
BR1,PC1,13.9,0.037166544518792394,98,4.0,20
BR1,PC1,14.0,0.03723970106787291,98,4.0,20
BR1,PC1,14.100000000000001,0.037307982993201066,98,4.0,20
BR1,PC1,14.200000000000001,0.037371949226037225,98,4.0,20
BR1,PC1,14.3,0.037432267897289415,98,4.0,20
BR1,PC1,14.4,0.037489707465043064,98,4.0,20
BR1,PC1,14.5,0.03754512531756344,98,4.0,20
BR1,PC1,14.600000000000001,0.03759945407687509,98,4.0,20
BR1,PC1,14.700000000000001,0.03765368589380148,98,4.0,20
BR1,PC1,14.8,0.037708855082690874,98,4.0,20
BR1,PC1,14.9,0.03776601949116123,98,4.0,20
BR1,PC1,15.0,0.037826241035626124,98,4.0,20
BR1,PC1,15.100000000000001,0.037890565856076634,98,4.0,20
BR1,PC1,15.200000000000001,0.037960004552990464,98,4.0,20
BR1,PC1,15.3,0.03803551296517044,98,4.0,20
BR1,PC1,15.4,0.038117973930076605,98,4.0,20
BR1,PC1,15.5,0.03820818043854167,98,4.0,20
BR1,PC1,15.600000000000001,0.03830682055477375,98,4.0,20
BR1,PC1,15.700000000000001,0.03841446442173124,98,4.0,20
BR1,PC1,15.8,0.038531553613074795,98,4.0,20
BR1,PC1,15.9,0.03865839302795748,98,4.0,20
BR1,PC1,16.0,0.03879514545606037,98,4.0,20
BR1,PC1,16.1,0.03894182886974688,98,4.0,20
BR1,PC1,16.2,0.03909831643022761,98,4.0,20
BR1,PC1,16.3,0.03926433912735381,98,4.0,20
BR1,PC1,16.400000000000002,0.03943949091010105,98,4.0,20
BR1,PC1,16.5,0.0396232361087616,98,4.0,20
BR1,PC1,16.6,0.03981491890186119,98,4.0,20
BR1,PC1,16.7,0.04001377454205998,98,4.0,20
BR1,PC1,16.8,0.04021894202665032,98,4.0,20
BR1,PC1,16.900000000000002,0.04042947788020121,98,4.0,20
BR1,PC1,17.0,0.040644370709529545,98,4.0,20
BR1,PC1,17.1,0.0408625561942166,98,4.0,20
BR1,PC1,17.2,0.041082932188707205,98,4.0,20
BR1,PC1,17.3,0.04130437363366783,98,4.0,20
BR1,PC1,17.400000000000002,0.041525747003500854,98,4.0,20
BR1,PC1,17.5,0.041745924052257216,98,4.0,20
BR1,PC1,17.6,0.041963794660033145,98,4.0,20
BR1,PC1,17.7,0.042178278624565885,98,4.0,20
BR1,PC1,17.8,0.04238833628642402,98,4.0,20
BR1,PC1,17.900000000000002,0.04259297791923151,98,4.0,20
BR1,PC1,18.0,0.04279127185720515,98,4.0,20
BR1,PC1,18.1,0.042982351369529576,98,4.0,20
BR1,PC1,18.2,0.04316542032358073,98,4.0,20
BR1,PC1,18.3,0.04333975770584513,98,4.0,20
BR1,PC1,18.400000000000002,0.04350472108997045,98,4.0,20
BR1,PC1,18.5,0.043659749155435086,98,4.0,20
BR1,PC1,18.6,0.04380436336785798,98,4.0,20
BR1,PC1,18.7,0.0439381689332933,98,4.0,20
BR1,PC1,18.8,0.044060855134537336,98,4.0,20
BR1,PC1,18.900000000000002,0.04417219514830553,98,4.0,20
BR1,PC1,19.0,0.044272045429075535,98,4.0,20
BR1,PC1,19.1,0.04436034472951314,98,4.0,20
BR1,PC1,19.200000000000003,0.04443711280983022,98,4.0,20
BR1,PC1,19.3,0.04450244887029581,98,4.0,20
BR1,PC1,19.400000000000002,0.04455652972350093,98,4.0,20
BR1,PC1,19.5,0.04459960770682923,98,4.0,20
BR1,PC1,19.6,0.04463200832171873,98,4.0,20
BR1,PC1,19.700000000000003,0.04465412757535557,98,4.0,20
BR1,PC1,19.8,0.04466642899285536,98,4.0,20
BR1,PC1,19.900000000000002,0.04466944026400038,98,4.0,20
BR1,PC1,20.0,0.044663749488250304,98,4.0,20
BR1,PC1,20.1,0.04465000098488785,98,4.0,20
BR1,PC1,20.200000000000003,0.044628890641499684,98,4.0,20
BR1,PC1,20.3,0.04460116078309956,98,4.0,20
BR1,PC1,20.400000000000002,0.044567594555561,98,4.0,20
BR1,PC1,20.5,0.04452900983006612,98,4.0,20
BR1,PC1,20.6,0.04448625264941224,98,4.0,20
BR1,PC1,20.700000000000003,0.0444401902516692,98,4.0,20
BR1,PC1,20.8,0.04439170372131853,98,4.0,20
BR1,PC1,20.900000000000002,0.044341680332156005,98,4.0,20
BR1,PC1,21.0,0.04429100565950478,98,4.0,20
BR1,PC1,21.1,0.04424055555134432,98,4.0,20
BR1,PC1,21.200000000000003,0.04419118805856364,98,4.0,20
BR1,PC1,21.3,0.0441437354335143,98,4.0,20
BR1,PC1,21.400000000000002,0.0440989963132332,98,4.0,20
BR1,PC1,21.5,0.044057728209030055,98,4.0,20
BR1,PC1,21.6,0.0440206404274982,98,4.0,20
BR1,PC1,21.700000000000003,0.04398838754932185,98,4.0,20
BR1,PC1,21.8,0.04396156359140588,98,4.0,20
BR1,PC1,21.900000000000002,0.0439406969747114,98,4.0,20
BR1,PC1,22.0,0.04392624641457329,98,4.0,20
BR1,PC1,22.1,0.04391859784201163,98,4.0,20
BR1,PC1,22.200000000000003,0.04391806245342183,98,4.0,20
BR1,PC1,22.3,0.04392487597183076,98,4.0,20
BR1,PC1,22.400000000000002,0.043939199185466155,98,4.0,20
BR1,PC1,22.5,0.043961119808579065,98,4.0,20
BR1,PC1,22.6,0.043990655685257125,98,4.0,20
BR1,PC1,22.700000000000003,0.0440277593294513,98,4.0,20
BR1,PC1,22.8,0.04407232376384795,98,4.0,20
BR1,PC1,22.900000000000002,0.044124189586958386,98,4.0,20
BR1,PC1,23.0,0.04418315316246412,98,4.0,20
BR1,PC1,23.1,0.04424897578824512,98,4.0,20
BR1,PC1,23.200000000000003,0.04432139366561827,98,4.0,20
BR1,PC1,23.3,0.04440012845329435,98,4.0,20
BR1,PC1,23.400000000000002,0.044484898156745126,98,4.0,20
BR1,PC1,23.5,0.04457542807349161,98,4.0,20
BR1,PC1,23.6,0.04467146148977459,98,4.0,20
BR1,PC1,23.700000000000003,0.044772769805637186,98,4.0,20
BR1,PC1,23.8,0.044879161755062895,98,4.0,20
BR1,PC1,23.900000000000002,0.04499049138674148,98,4.0,20
BR1,PC2,0.0,0.07505004320408823,59,4.0,20
BR1,PC2,0.1,0.07444874167192625,59,4.0,20
BR1,PC2,0.2,0.07383051816442539,59,4.0,20
BR1,PC2,0.30000000000000004,0.07319648419057488,59,4.0,20
BR1,PC2,0.4,0.07254780333442083,59,4.0,20
BR1,PC2,0.5,0.07188568331773702,59,4.0,20
BR1,PC2,0.6000000000000001,0.0712113656178331,59,4.0,20
BR1,PC2,0.7000000000000001,0.07052611304384732,59,4.0,20
BR1,PC2,0.8,0.06983119575085334,59,4.0,20
BR1,PC2,0.9,0.06912787622577461,59,4.0,20
BR1,PC2,1.0,0.06841739381056523,59,4.0,20
BR1,PC2,1.1,0.06770094933550291,59,4.0,20
BR1,PC2,1.2000000000000002,0.06697969041889584,59,4.0,20
BR1,PC2,1.3,0.06625469795018606,59,4.0,20
BR1,PC2,1.4000000000000001,0.06552697421344715,59,4.0,20
BR1,PC2,1.5,0.0647974330305756,59,4.0,20
BR1,PC2,1.6,0.06406689221173965,59,4.0,20
BR1,PC2,1.7000000000000002,0.0633360684990942,59,4.0,20
BR1,PC2,1.8,0.06260557508299044,59,4.0,20
BR1,PC2,1.9000000000000001,0.06187592166264993,59,4.0,20
BR1,PC2,2.0,0.061147516920253206,59,4.0,20
BR1,PC2,2.1,0.06042067318307353,59,4.0,20
BR1,PC2,2.2,0.05969561296669771,59,4.0,20
BR1,PC2,2.3000000000000003,0.05897247702693827,59,4.0,20
BR1,PC2,2.4000000000000004,0.058251333501415856,59,4.0,20
BR1,PC2,2.5,0.057532187695778544,59,4.0,20
BR1,PC2,2.6,0.05681499206498215,59,4.0,20
BR1,PC2,2.7,0.056099655956868236,59,4.0,20
BR1,PC2,2.8000000000000003,0.05538605472237034,59,4.0,20
BR1,PC2,2.9000000000000004,0.054674037852068175,59,4.0,20
BR1,PC2,3.0,0.05396343586969611,59,4.0,20
BR1,PC2,3.1,0.053254065796108065,59,4.0,20
BR1,PC2,3.2,0.052545735088091794,59,4.0,20
BR1,PC2,3.3000000000000003,0.05183824405094624,59,4.0,20
BR1,PC2,3.4000000000000004,0.05113138681737392,59,4.0,20
BR1,PC2,3.5,0.05042495107353154,59,4.0,20
BR1,PC2,3.6,0.04971871679181151,59,4.0,20
BR1,PC2,3.7,0.04901245429532039,59,4.0,20
BR1,PC2,3.8000000000000003,0.0483059220279018,59,4.0,20
BR1,PC2,3.9000000000000004,0.04759886443349778,59,4.0,20
BR1,PC2,4.0,0.04689101035807121,59,4.0,20
BR1,PC2,4.1000000000000005,0.04618207237556981,59,4.0,20
BR1,PC2,4.2,0.04547174740678409,59,4.0,20
BR1,PC2,4.3,0.044759718947660836,59,4.0,20
BR1,PC2,4.4,0.04404566115378149,59,4.0,20
BR1,PC2,4.5,0.04332924494318073,59,4.0,20
BR1,PC2,4.6000000000000005,0.04261014618401525,59,4.0,20
BR1,PC2,4.7,0.04188805593083789,59,4.0,20
BR1,PC2,4.800000000000001,0.04116269256776852,59,4.0,20
BR1,PC2,4.9,0.04043381561319747,59,4.0,20
BR1,PC2,5.0,0.039701240843276024,59,4.0,20
BR1,PC2,5.1000000000000005,0.038964856304568,59,4.0,20
BR1,PC2,5.2,0.03822463871366523,59,4.0,20
BR1,PC2,5.300000000000001,0.03748066968654236,59,4.0,20
BR1,PC2,5.4,0.036733151205470466,59,4.0,20
BR1,PC2,5.5,0.035982419718149194,59,4.0,20
BR1,PC2,5.6000000000000005,0.035228958273205976,59,4.0,20
BR1,PC2,5.7,0.03447340612830559,59,4.0,20
BR1,PC2,5.800000000000001,0.03371656532088578,59,4.0,20
BR1,PC2,5.9,0.032959403765216375,59,4.0,20
BR1,PC2,6.0,0.03220305453054776,59,4.0,20
BR1,PC2,6.1000000000000005,0.0314488110603985,59,4.0,20
BR1,PC2,6.2,0.030698118208851027,59,4.0,20
BR1,PC2,6.300000000000001,0.02995255909203785,59,4.0,20
BR1,PC2,6.4,0.02921383787757453,59,4.0,20
BR1,PC2,6.5,0.028483758757263597,59,4.0,20
BR1,PC2,6.6000000000000005,0.0277642014648263,59,4.0,20
BR1,PC2,6.7,0.02705709380687044,59,4.0,20
BR1,PC2,6.800000000000001,0.02636438176834876,59,4.0,20
BR1,PC2,6.9,0.025687997830516892,59,4.0,20
BR1,PC2,7.0,0.025029828197596485,59,4.0,20
BR1,PC2,7.1000000000000005,0.024391679666413865,59,4.0,20
BR1,PC2,7.2,0.023775246890355185,59,4.0,20
BR1,PC2,7.300000000000001,0.023182080784918783,59,4.0,20
BR1,PC2,7.4,0.02261355879751354,59,4.0,20
BR1,PC2,7.5,0.02207085772015544,59,4.0,20
BR1,PC2,7.6000000000000005,0.021554929662138254,59,4.0,20
BR1,PC2,7.7,0.02106648172287208,59,4.0,20
BR1,PC2,7.800000000000001,0.020605959815556192,59,4.0,20
BR1,PC2,7.9,0.020173536993120474,59,4.0,20
BR1,PC2,8.0,0.019769106522034827,59,4.0,20
BR1,PC2,8.1,0.019392279840306743,59,4.0,20
BR1,PC2,8.200000000000001,0.0190423894263639,59,4.0,20
BR1,PC2,8.3,0.018718496498502366,59,4.0,20
BR1,PC2,8.4,0.018419403362883207,59,4.0,20
BR1,PC2,8.5,0.01814367013408408,59,4.0,20
BR1,PC2,8.6,0.01788963546799562,59,4.0,20
BR1,PC2,8.700000000000001,0.017655440874030707,59,4.0,20
BR1,PC2,8.8,0.017439058113400394,59,4.0,20
BR1,PC2,8.9,0.01723831914338489,59,4.0,20
BR1,PC2,9.0,0.01705094803445945,59,4.0,20
BR1,PC2,9.1,0.016874594267793412,59,4.0,20
BR1,PC2,9.200000000000001,0.0167068668146439,59,4.0,20
BR1,PC2,9.3,0.016545368405816673,59,4.0,20
BR1,PC2,9.4,0.01638772941770908,59,4.0,20
BR1,PC2,9.5,0.016231640830323583,59,4.0,20
BR1,PC2,9.600000000000001,0.01607488575073294,59,4.0,20
BR1,PC2,9.700000000000001,0.015915369041384932,59,4.0,20
BR1,PC2,9.8,0.015751144644904243,59,4.0,20
BR1,PC2,9.9,0.015580440254229657,59,4.0,20
BR1,PC2,10.0,0.015401679037601394,59,4.0,20
BR1,PC2,10.100000000000001,0.015213498190735794,59,4.0,20
BR1,PC2,10.200000000000001,0.015014764152229477,59,4.0,20
BR1,PC2,10.3,0.014804584381659155,59,4.0,20
BR1,PC2,10.4,0.014582315661926738,59,4.0,20
BR1,PC2,10.5,0.014347568947191167,59,4.0,20
BR1,PC2,10.600000000000001,0.014100210834374838,59,4.0,20
BR1,PC2,10.700000000000001,0.01384036178897808,59,4.0,20
BR1,PC2,10.8,0.013568391304107436,59,4.0,20
BR1,PC2,10.9,0.01328491021463241,59,4.0,20
BR1,PC2,11.0,0.012990760425712481,59,4.0,20
BR1,PC2,11.100000000000001,0.012687002346137333,59,4.0,20
BR1,PC2,11.200000000000001,0.012374900341626199,59,4.0,20
BR1,PC2,11.3,0.01205590654114504,59,4.0,20
BR1,PC2,11.4,0.01173164334021705,59,4.0,20
BR1,PC2,11.5,0.011403884949016454,59,4.0,20
BR1,PC2,11.600000000000001,0.01107453832975162,59,4.0,20
BR1,PC2,11.700000000000001,0.010745623857589226,59,4.0,20
BR1,PC2,11.8,0.01041925602240917,59,4.0,20
BR1,PC2,11.9,0.010097624465416346,59,4.0,20
BR1,PC2,12.0,0.009782975615623654,59,4.0,20
BR1,PC2,12.100000000000001,0.00947759515716062,59,4.0,20
BR1,PC2,12.200000000000001,0.009183791520094194,59,4.0,20
BR1,PC2,12.3,0.008903880545938082,59,4.0,20
BR1,PC2,12.4,0.008640171435349118,59,4.0,20
BR1,PC2,12.5,0.008394954040818185,59,4.0,20
BR1,PC2,12.600000000000001,0.008170487522669124,59,4.0,20
BR1,PC2,12.700000000000001,0.007968990343607204,59,4.0,20
BR1,PC2,12.8,0.007792631536620857,59,4.0,20
BR1,PC2,12.9,0.007643523144391137,59,4.0,20
BR1,PC2,13.0,0.007523713696569396,59,4.0,20
BR1,PC2,13.100000000000001,0.007435182565284453,59,4.0,20
BR1,PC2,13.200000000000001,0.007379835019821432,59,4.0,20
BR1,PC2,13.3,0.0073594977891752525,59,4.0,20
BR1,PC2,13.4,0.00737591493651873,59,4.0,20
BR1,PC2,13.5,0.007430743852711913,59,4.0,20
BR1,PC2,13.600000000000001,0.007525551186758019,59,4.0,20
BR1,PC2,13.700000000000001,0.0076618085492893015,59,4.0,20
BR1,PC2,13.8,0.007840887850218352,59,4.0,20
BR1,PC2,13.9,0.008064056162867754,59,4.0,20
BR1,PC2,14.0,0.008332470043238456,59,4.0,20
BR1,PC2,14.100000000000001,0.00864716927345182,59,4.0,20
BR1,PC2,14.200000000000001,0.009009070041501237,59,4.0,20
BR1,PC2,14.3,0.009418957613848008,59,4.0,20
BR1,PC2,14.4,0.009877478601576293,59,4.0,20
BR1,PC2,14.5,0.010385132963216841,59,4.0,20
BR1,PC2,14.600000000000001,0.010942265926392325,59,4.0,20
BR1,PC2,14.700000000000001,0.011549060044603921,59,4.0,20
BR1,PC2,14.8,0.012205527633342674,59,4.0,20
BR1,PC2,14.9,0.012911503849984702,59,4.0,20
BR1,PC2,15.0,0.013666640693527979,59,4.0,20
BR1,PC2,15.100000000000001,0.014470402202299715,59,4.0,20
BR1,PC2,15.200000000000001,0.015322061119737742,59,4.0,20
BR1,PC2,15.3,0.016220697279977565,59,4.0,20
BR1,PC2,15.4,0.017165197936347805,59,4.0,20
BR1,PC2,15.5,0.018154260217447288,59,4.0,20
BR1,PC2,15.600000000000001,0.01918639584806172,59,4.0,20
BR1,PC2,15.700000000000001,0.020259938216953478,59,4.0,20
BR1,PC2,15.8,0.021373051812036966,59,4.0,20
BR1,PC2,15.9,0.02252374397743977,59,4.0,20
BR1,PC2,16.0,0.023709878878509554,59,4.0,20
BR1,PC2,16.1,0.024929193492200626,59,4.0,20
BR1,PC2,16.2,0.026179315373824445,59,4.0,20
BR1,PC2,16.3,0.027457781889262924,59,4.0,20
BR1,PC2,16.400000000000002,0.02876206054675808,59,4.0,20
BR1,PC2,16.5,0.030089570016500932,59,4.0,20
BR1,PC2,16.6,0.03143770139140036,59,4.0,20
BR1,PC2,16.7,0.03280383922026413,59,4.0,20
BR1,PC2,16.8,0.03418538183643822,59,4.0,20
BR1,PC2,16.900000000000002,0.035579760511519426,59,4.0,20
BR1,PC2,17.0,0.03698445698542427,59,4.0,20
BR1,PC2,17.1,0.038397018960646456,59,4.0,20
BR1,PC2,17.2,0.039815073199257096,59,4.0,20
BR1,PC2,17.3,0.04123633592485074,59,4.0,20
BR1,PC2,17.400000000000002,0.04265862030649976,59,4.0,20
BR1,PC2,17.5,0.04407984088569763,59,4.0,20
BR1,PC2,17.6,0.04549801489772732,59,4.0,20
BR1,PC2,17.7,0.046911260533076884,59,4.0,20
BR1,PC2,17.8,0.04831779227944859,59,4.0,20
BR1,PC2,17.900000000000002,0.0497159135774591,59,4.0,20
BR1,PC2,18.0,0.051104007110231574,59,4.0,20
BR1,PC2,18.1,0.052480523125740114,59,4.0,20
BR1,PC2,18.2,0.05384396625822441,59,4.0,20
BR1,PC2,18.3,0.055192881368777084,59,4.0,20
BR1,PC2,18.400000000000002,0.05652583896323754,59,4.0,20
BR1,PC2,18.5,0.05784142076621312,59,4.0,20
BR1,PC2,18.6,0.05913820603228327,59,4.0,20
BR1,PC2,18.7,0.06041475915874056,59,4.0,20
BR1,PC2,18.8,0.061669619128661785,59,4.0,20
BR1,PC2,18.900000000000002,0.06290129125939742,59,4.0,20
BR1,PC2,19.0,0.06410824166103911,59,4.0,20
BR1,PC2,19.1,0.0652888947239745,59,4.0,20
BR1,PC2,19.200000000000003,0.06644163385671577,59,4.0,20
BR1,PC2,19.3,0.06756480558772512,59,4.0,20
BR1,PC2,19.400000000000002,0.06865672703128636,59,4.0,20
BR1,PC2,19.5,0.06971569660123249,59,4.0,20
BR1,PC2,19.6,0.07074000774138106,59,4.0,20
BR1,PC2,19.700000000000003,0.07172796533176118,59,4.0,20
BR1,PC2,19.8,0.07267790432902124,59,4.0,20
BR1,PC2,19.900000000000002,0.07358821011145533,59,4.0,20
BR1,PC2,20.0,0.0744573399272389,59,4.0,20
BR1,PC2,20.1,0.0752838447916233,59,4.0,20
BR1,PC2,20.200000000000003,0.07606639114732139,59,4.0,20
BR1,PC2,20.3,0.07680378159375947,59,4.0,20
BR1,PC2,20.400000000000002,0.07749497400613287,59,4.0,20
BR1,PC2,20.5,0.0781390984043032,59,4.0,20
BR1,PC2,20.6,0.07873547099366644,59,4.0,20
BR1,PC2,20.700000000000003,0.0792836048834809,59,4.0,20
BR1,PC2,20.8,0.07978321709021456,59,4.0,20
BR1,PC2,20.900000000000002,0.08023423155092543,59,4.0,20
BR1,PC2,21.0,0.08063677800053812,59,4.0,20
BR1,PC2,21.1,0.08099118670260783,59,4.0,20
BR1,PC2,21.200000000000003,0.08129797916088315,59,4.0,20
BR1,PC2,21.3,0.0815578550736315,59,4.0,20
BR1,PC2,21.400000000000002,0.08177167591922176,59,4.0,20
BR1,PC2,21.5,0.08194044567504391,59,4.0,20
BR1,PC2,21.6,0.08206528926807281,59,4.0,20
BR1,PC2,21.700000000000003,0.0821474294304518,59,4.0,20
BR1,PC2,21.8,0.08218816268435891,59,4.0,20
BR1,PC2,21.900000000000002,0.08218883520500755,59,4.0,20
BR1,PC2,22.0,0.08215081930782794,59,4.0,20
BR1,PC2,22.1,0.08207549127565084,59,4.0,20
BR1,PC2,22.200000000000003,0.08196421118513864,59,4.0,20
BR1,PC2,22.3,0.08181830531090027,59,4.0,20
BR1,PC2,22.400000000000002,0.08163905158379271,59,4.0,20
BR1,PC2,22.5,0.08142766846081544,59,4.0,20
BR1,PC2,22.6,0.08118530743240489,59,4.0,20
BR1,PC2,22.700000000000003,0.0809130492540115,59,4.0,20
BR1,PC2,22.8,0.08061190384805682,59,4.0,20
BR1,PC2,22.900000000000002,0.08028281368526664,59,4.0,20
BR1,PC2,23.0,0.07992666032632845,59,4.0,20
BR1,PC2,23.1,0.07954427369082546,59,4.0,20
BR1,PC2,23.200000000000003,0.07913644352485054,59,4.0,20
BR1,PC2,23.3,0.07870393246522525,59,4.0,20
BR1,PC2,23.400000000000002,0.07824749004954516,59,4.0,20
BR1,PC2,23.5,0.07776786699901192,59,4.0,20
BR1,PC2,23.6,0.07726582910577526,59,4.0,20
BR1,PC2,23.700000000000003,0.07674217008775984,59,4.0,20
BR1,PC2,23.8,0.07619772283008447,59,4.0,20
BR1,PC2,23.900000000000002,0.07563336851058054,59,4.0,20
EUN1,PC1,0.0,0.056660057403474705,112,4.0,20
EUN1,PC1,0.1,0.055839868871500185,112,4.0,20
EUN1,PC1,0.2,0.0550067883351162,112,4.0,20
EUN1,PC1,0.30000000000000004,0.05416375775931684,112,4.0,20
EUN1,PC1,0.4,0.05331383294160203,112,4.0,20
EUN1,PC1,0.5,0.05246016147476649,112,4.0,20
EUN1,PC1,0.6000000000000001,0.05160595870868692,112,4.0,20
EUN1,PC1,0.7000000000000001,0.0507544820469511,112,4.0,20
EUN1,PC1,0.8,0.04990900394144845,112,4.0,20
EUN1,PC1,0.9,0.04907278396924254,112,4.0,20
EUN1,PC1,1.0,0.04824904039117835,112,4.0,20
EUN1,PC1,1.1,0.04744092160073717,112,4.0,20
EUN1,PC1,1.2000000000000002,0.04665147787462505,112,4.0,20
EUN1,PC1,1.3,0.04588363383342365,112,4.0,20
EUN1,PC1,1.4000000000000001,0.04514016201128716,112,4.0,20
EUN1,PC1,1.5,0.04442365791807243,112,4.0,20
EUN1,PC1,1.6,0.04373651695540266,112,4.0,20
EUN1,PC1,1.7000000000000002,0.04308091352000773,112,4.0,20
EUN1,PC1,1.8,0.042458782593365996,112,4.0,20
EUN1,PC1,1.9000000000000001,0.04187180407643827,112,4.0,20
EUN1,PC1,2.0,0.04132139008254319,112,4.0,20
EUN1,PC1,2.1,0.040808675350778006,112,4.0,20
EUN1,PC1,2.2,0.04033451088765293,112,4.0,20
EUN1,PC1,2.3000000000000003,0.03989946088681213,112,4.0,20
EUN1,PC1,2.4000000000000004,0.039503802917093205,112,4.0,20
EUN1,PC1,2.5,0.03914753130914535,112,4.0,20
EUN1,PC1,2.6,0.03883036361193681,112,4.0,20
EUN1,PC1,2.7,0.03855174993437073,112,4.0,20
EUN1,PC1,2.8000000000000003,0.03831088493554808,112,4.0,20
EUN1,PC1,2.9000000000000004,0.038106722181566785,112,4.0,20
EUN1,PC1,3.0,0.03793799054858638,112,4.0,20
EUN1,PC1,3.1,0.037803212322476666,112,4.0,20
EUN1,PC1,3.2,0.037700722625675726,112,4.0,20
EUN1,PC1,3.3000000000000003,0.03762868979254585,112,4.0,20
EUN1,PC1,3.4000000000000004,0.03758513631578548,112,4.0,20
EUN1,PC1,3.5,0.03756795999817415,112,4.0,20
EUN1,PC1,3.6,0.03757495496552555,112,4.0,20
EUN1,PC1,3.7,0.03760383222723126,112,4.0,20
EUN1,PC1,3.8000000000000003,0.037652239508867626,112,4.0,20
EUN1,PC1,3.9000000000000004,0.037717780125381684,112,4.0,20
EUN1,PC1,4.0,0.037798030711514705,112,4.0,20
EUN1,PC1,4.1000000000000005,0.03789055767637091,112,4.0,20
EUN1,PC1,4.2,0.03799293229936156,112,4.0,20
EUN1,PC1,4.3,0.03810274443317365,112,4.0,20
EUN1,PC1,4.4,0.03821761482410562,112,4.0,20
EUN1,PC1,4.5,0.03833520609949745,112,4.0,20
EUN1,PC1,4.6000000000000005,0.03845323250478925,112,4.0,20
EUN1,PC1,4.7,0.03856946849807395,112,4.0,20
EUN1,PC1,4.800000000000001,0.03868175632736863,112,4.0,20
EUN1,PC1,4.9,0.0387880127251385,112,4.0,20
EUN1,PC1,5.0,0.03888623485618926,112,4.0,20
EUN1,PC1,5.1000000000000005,0.038974505649596376,112,4.0,20
EUN1,PC1,5.2,0.03905099863387033,112,4.0,20
EUN1,PC1,5.300000000000001,0.0391139823783276,112,4.0,20
EUN1,PC1,5.4,0.039161824624065124,112,4.0,20
EUN1,PC1,5.5,0.03919299616652179,112,4.0,20
EUN1,PC1,5.6000000000000005,0.039206074529835315,112,4.0,20
EUN1,PC1,5.7,0.039199747452449064,112,4.0,20
EUN1,PC1,5.800000000000001,0.03917281618489914,112,4.0,20
EUN1,PC1,5.9,0.03912419858538264,112,4.0,20
EUN1,PC1,6.0,0.03905293198725767,112,4.0,20
EUN1,PC1,6.1000000000000005,0.03895817580542492,112,4.0,20
EUN1,PC1,6.2,0.038839213845644135,112,4.0,20
EUN1,PC1,6.300000000000001,0.038695456281997075,112,4.0,20
EUN1,PC1,6.4,0.038526441272400416,112,4.0,20
EUN1,PC1,6.5,0.03833183618955317,112,4.0,20
EUN1,PC1,6.6000000000000005,0.03811143845406555,112,4.0,20
EUN1,PC1,6.7,0.03786517596675566,112,4.0,20
EUN1,PC1,6.800000000000001,0.03759310714719043,112,4.0,20
EUN1,PC1,6.9,0.03729542059450589,112,4.0,20
EUN1,PC1,7.0,0.036972434393504026,112,4.0,20
EUN1,PC1,7.1000000000000005,0.0366245950932848,112,4.0,20
EUN1,PC1,7.2,0.03625247638675164,112,4.0,20
EUN1,PC1,7.300000000000001,0.03585677751697608,112,4.0,20
EUN1,PC1,7.4,0.03543832143063734,112,4.0,20
EUN1,PC1,7.5,0.03499805268982782,112,4.0,20
EUN1,PC1,7.6000000000000005,0.03453703514193545,112,4.0,20
EUN1,PC1,7.7,0.03405644933378232,112,4.0,20
EUN1,PC1,7.800000000000001,0.03355758964157968,112,4.0,20
EUN1,PC1,7.9,0.03304186107352376,112,4.0,20
EUN1,PC1,8.0,0.032510775688028785,112,4.0,20
EUN1,PC1,8.1,0.03196594855868592,112,4.0,20
EUN1,PC1,8.200000000000001,0.03140909320799871,112,4.0,20
EUN1,PC1,8.3,0.030842016426601174,112,4.0,20
EUN1,PC1,8.4,0.030266612393674393,112,4.0,20
EUN1,PC1,8.5,0.029684856018094796,112,4.0,20
EUN1,PC1,8.6,0.029098795428693976,112,4.0,20
EUN1,PC1,8.700000000000001,0.028510543555865082,112,4.0,20
EUN1,PC1,8.8,0.02792226876534334,112,4.0,20
EUN1,PC1,8.9,0.027336184527811544,112,4.0,20
EUN1,PC1,9.0,0.02675453813431471,112,4.0,20
EUN1,PC1,9.1,0.02617959849640212,112,4.0,20
EUN1,PC1,9.200000000000001,0.02561364310040236,112,4.0,20
EUN1,PC1,9.3,0.025058944216123834,112,4.0,20
EUN1,PC1,9.4,0.02451775449036168,112,4.0,20
EUN1,PC1,9.5,0.02399229208368268,112,4.0,20
EUN1,PC1,9.600000000000001,0.02348472553390396,112,4.0,20
EUN1,PC1,9.700000000000001,0.022997158550433463,112,4.0,20
EUN1,PC1,9.8,0.022531614959292276,112,4.0,20
EUN1,PC1,9.9,0.022090024028467426,112,4.0,20
EUN1,PC1,10.0,0.02167420640672927,112,4.0,20
EUN1,PC1,10.100000000000001,0.02128586090590436,112,4.0,20
EUN1,PC1,10.200000000000001,0.02092655234677488,112,4.0,20
EUN1,PC1,10.3,0.02059770067247738,112,4.0,20
EUN1,PC1,10.4,0.020300571510928334,112,4.0,20
EUN1,PC1,10.5,0.020036268340065673,112,4.0,20
EUN1,PC1,10.600000000000001,0.019805726377409856,112,4.0,20
EUN1,PC1,10.700000000000001,0.01960970827962693,112,4.0,20
EUN1,PC1,10.8,0.019448801699553327,112,4.0,20
EUN1,PC1,10.9,0.01932341870873677,112,4.0,20
EUN1,PC1,11.0,0.019233797054213745,112,4.0,20
EUN1,PC1,11.100000000000001,0.01918000318022663,112,4.0,20
EUN1,PC1,11.200000000000001,0.01916193691007409,112,4.0,20
EUN1,PC1,11.3,0.019179337651376253,112,4.0,20
EUN1,PC1,11.4,0.01923179196067683,112,4.0,20
EUN1,PC1,11.5,0.019318742281278046,112,4.0,20
EUN1,PC1,11.600000000000001,0.01943949665209599,112,4.0,20
EUN1,PC1,11.700000000000001,0.019593239175500612,112,4.0,20
EUN1,PC1,11.8,0.01977904102870643,112,4.0,20
EUN1,PC1,11.9,0.01999587180622117,112,4.0,20
EUN1,PC1,12.0,0.02024261098983245,112,4.0,20
EUN1,PC1,12.100000000000001,0.020518059357109705,112,4.0,20
EUN1,PC1,12.200000000000001,0.02082095015872937,112,4.0,20
EUN1,PC1,12.3,0.02114995991826151,112,4.0,20
EUN1,PC1,12.4,0.02150371873443333,112,4.0,20
EUN1,PC1,12.5,0.021880819994287433,112,4.0,20
EUN1,PC1,12.600000000000001,0.022279829435020576,112,4.0,20
EUN1,PC1,12.700000000000001,0.0226992935215727,112,4.0,20
EUN1,PC1,12.8,0.023137747135227663,112,4.0,20
EUN1,PC1,12.9,0.023593720594662203,112,4.0,20
EUN1,PC1,13.0,0.024065746054219985,112,4.0,20
EUN1,PC1,13.100000000000001,0.024552363344012822,112,4.0,20
EUN1,PC1,13.200000000000001,0.025052125332230023,112,4.0,20
EUN1,PC1,13.3,0.025563602901404702,112,4.0,20
EUN1,PC1,13.4,0.026085389637140372,112,4.0,20
EUN1,PC1,13.5,0.02661610632990862,112,4.0,20
EUN1,PC1,13.600000000000001,0.027154405388107292,112,4.0,20
EUN1,PC1,13.700000000000001,0.027698975253877732,112,4.0,20
EUN1,PC1,13.8,0.028248544902603773,112,4.0,20
EUN1,PC1,13.9,0.02880188849303581,112,4.0,20
EUN1,PC1,14.0,0.029357830218164925,112,4.0,20
EUN1,PC1,14.100000000000001,0.029915249387928288,112,4.0,20
EUN1,PC1,14.200000000000001,0.03047308575420855,112,4.0,20
EUN1,PC1,14.3,0.031030345067049995,112,4.0,20
EUN1,PC1,14.4,0.031586104829203196,112,4.0,20
EUN1,PC1,14.5,0.032139520194645145,112,4.0,20
EUN1,PC1,14.600000000000001,0.03268982993618618,112,4.0,20
EUN1,PC1,14.700000000000001,0.03323636238819716,112,4.0,20
EUN1,PC1,14.8,0.03377854125334793,112,4.0,20
EUN1,PC1,14.9,0.03431589114745409,112,4.0,20
EUN1,PC1,15.0,0.034848042744442656,112,4.0,20
EUN1,PC1,15.100000000000001,0.035374737374364314,112,4.0,20
EUN1,PC1,15.200000000000001,0.03589583092154622,112,4.0,20
EUN1,PC1,15.3,0.036411296867585694,112,4.0,20
EUN1,PC1,15.4,0.036921228325079374,112,4.0,20
EUN1,PC1,15.5,0.037425838912865564,112,4.0,20
EUN1,PC1,15.600000000000001,0.037925462332191594,112,4.0,20
EUN1,PC1,15.700000000000001,0.038420550515622015,112,4.0,20
EUN1,PC1,15.8,0.03891167023665565,112,4.0,20
EUN1,PC1,15.9,0.03939949808784787,112,4.0,20
EUN1,PC1,16.0,0.03988481375861821,112,4.0,20
EUN1,PC1,16.1,0.04036849157067555,112,4.0,20
EUN1,PC1,16.2,0.0408514902588615,112,4.0,20
EUN1,PC1,16.3,0.04133484101785999,112,4.0,20
EUN1,PC1,16.400000000000002,0.041819633870221924,112,4.0,20
EUN1,PC1,16.5,0.042307002447988046,112,4.0,20
EUN1,PC1,16.6,0.04279810731822923,112,4.0,20
EUN1,PC1,16.7,0.04329411802133001,112,4.0,20
EUN1,PC1,16.8,0.04379619402898455,112,4.0,20
EUN1,PC1,16.900000000000002,0.044305464865716154,112,4.0,20
EUN1,PC1,17.0,0.04482300967226638,112,4.0,20
EUN1,PC1,17.1,0.045349836520349816,112,4.0,20
EUN1,PC1,17.2,0.04588686181493419,112,4.0,20
EUN1,PC1,17.3,0.046434890141275484,112,4.0,20
EUN1,PC1,17.400000000000002,0.04699459492835474,112,4.0,20
EUN1,PC1,17.5,0.047566500307143524,112,4.0,20
EUN1,PC1,17.6,0.04815096454042036,112,4.0,20
EUN1,PC1,17.7,0.04874816538999431,112,4.0,20
EUN1,PC1,17.8,0.04935808776671183,112,4.0,20
EUN1,PC1,17.900000000000002,0.04998051397833116,112,4.0,20
EUN1,PC1,18.0,0.050615016850351975,112,4.0,20
EUN1,PC1,18.1,0.051260955945602864,112,4.0,20
EUN1,PC1,18.2,0.051917477050579065,112,4.0,20
EUN1,PC1,18.3,0.05258351503128044,112,4.0,20
EUN1,PC1,18.400000000000002,0.053257800090046346,112,4.0,20
EUN1,PC1,18.5,0.05393886737934858,112,4.0,20
EUN1,PC1,18.6,0.054625069850660006,112,4.0,20
EUN1,PC1,18.7,0.05531459413856209,112,4.0,20
EUN1,PC1,18.8,0.05600547920451385,112,4.0,20
EUN1,PC1,18.900000000000002,0.056695637393566416,112,4.0,20
EUN1,PC1,19.0,0.057382877493144135,112,4.0,20
EUN1,PC1,19.1,0.05806492932807912,112,4.0,20
EUN1,PC1,19.200000000000003,0.058739469382436314,112,4.0,20
EUN1,PC1,19.3,0.05940414690807442,112,4.0,20
EUN1,PC1,19.400000000000002,0.060056609963748266,112,4.0,20
EUN1,PC1,19.5,0.06069453082784322,112,4.0,20
EUN1,PC1,19.6,0.06131563024301622,112,4.0,20
EUN1,PC1,19.700000000000003,0.061917699982046215,112,4.0,20
EUN1,PC1,19.8,0.06249862327048192,112,4.0,20
EUN1,PC1,19.900000000000002,0.06305639266207419,112,4.0,20
EUN1,PC1,20.0,0.0635891250358462,112,4.0,20
EUN1,PC1,20.1,0.06409507346686859,112,4.0,20
EUN1,PC1,20.200000000000003,0.0645726358138423,112,4.0,20
EUN1,PC1,20.3,0.0650203599626117,112,4.0,20
EUN1,PC1,20.400000000000002,0.06543694576267299,112,4.0,20
EUN1,PC1,20.5,0.06582124379043386,112,4.0,20
EUN1,PC1,20.6,0.06617225116525574,112,4.0,20
EUN1,PC1,20.700000000000003,0.06648910472912098,112,4.0,20
EUN1,PC1,20.8,0.06677107197530546,112,4.0,20
EUN1,PC1,20.900000000000002,0.06701754017323353,112,4.0,20
EUN1,PC1,21.0,0.0672280041837107,112,4.0,20
EUN1,PC1,21.1,0.06740205348945176,112,4.0,20
EUN1,PC1,21.200000000000003,0.06753935897929166,112,4.0,20
EUN1,PC1,21.3,0.06763966002033818,112,4.0,20
EUN1,PC1,21.400000000000002,0.0677027523308648,112,4.0,20
EUN1,PC1,21.5,0.06772847712882123,112,4.0,20
EUN1,PC1,21.6,0.06771671197789582,112,4.0,20
EUN1,PC1,21.700000000000003,0.06766736368704139,112,4.0,20
EUN1,PC1,21.8,0.06758036354265178,112,4.0,20
EUN1,PC1,21.900000000000002,0.06745566506785705,112,4.0,20
EUN1,PC1,22.0,0.06729324441363156,112,4.0,20
EUN1,PC1,22.1,0.0670931033946289,112,4.0,20
EUN1,PC1,22.200000000000003,0.06685527509192221,112,4.0,20
EUN1,PC1,22.3,0.06657983185806593,112,4.0,20
EUN1,PC1,22.400000000000002,0.06626689547981499,112,4.0,20
EUN1,PC1,22.5,0.06591664918282429,112,4.0,20
EUN1,PC1,22.6,0.06552935110269832,112,4.0,20
EUN1,PC1,22.700000000000003,0.06510534879940066,112,4.0,20
EUN1,PC1,22.8,0.06464509435830172,112,4.0,20
EUN1,PC1,22.900000000000002,0.06414915960157193,112,4.0,20
EUN1,PC1,23.0,0.06361825092823588,112,4.0,20
EUN1,PC1,23.1,0.06305322330954012,112,4.0,20
EUN1,PC1,23.200000000000003,0.062455092987470845,112,4.0,20
EUN1,PC1,23.3,0.06182504845704029,112,4.0,20
EUN1,PC1,23.400000000000002,0.06116445935580198,112,4.0,20
EUN1,PC1,23.5,0.0604748829352105,112,4.0,20
EUN1,PC1,23.6,0.05975806784603725,112,4.0,20
EUN1,PC1,23.700000000000003,0.05901595503218667,112,4.0,20
EUN1,PC1,23.8,0.05825067559205034,112,4.0,20
EUN1,PC1,23.900000000000002,0.05746454553223246,112,4.0,20
EUN1,PC2,0.0,0.012438715646552356,68,4.0,20
EUN1,PC2,0.1,0.012790326446423741,68,4.0,20
EUN1,PC2,0.2,0.013166136737798139,68,4.0,20
EUN1,PC2,0.30000000000000004,0.013565610153724107,68,4.0,20
EUN1,PC2,0.4,0.013988217212300131,68,4.0,20
EUN1,PC2,0.5,0.014433426974777354,68,4.0,20
EUN1,PC2,0.6000000000000001,0.01490069711083473,68,4.0,20
EUN1,PC2,0.7000000000000001,0.015389462548231777,68,4.0,20
EUN1,PC2,0.8,0.015899122941192896,68,4.0,20
EUN1,PC2,0.9,0.016429029246584473,68,4.0,20
EUN1,PC2,1.0,0.016978469747264337,68,4.0,20
EUN1,PC2,1.1,0.017546655905994614,68,4.0,20
EUN1,PC2,1.2000000000000002,0.018132708469189917,68,4.0,20
EUN1,PC2,1.3,0.018735644265862328,68,4.0,20
EUN1,PC2,1.4000000000000001,0.01935436416198438,68,4.0,20
EUN1,PC2,1.5,0.019987642632966086,68,4.0,20
EUN1,PC2,1.6,0.020634119406208504,68,4.0,20
EUN1,PC2,1.7000000000000002,0.021292293601306887,68,4.0,20
EUN1,PC2,1.8,0.02196052075738819,68,4.0,20
EUN1,PC2,1.9000000000000001,0.02263701308566536,68,4.0,20
EUN1,PC2,2.0,0.023319843221390035,68,4.0,20
EUN1,PC2,2.1,0.024006951674227676,68,4.0,20
EUN1,PC2,2.2,0.024696158091310236,68,4.0,20
EUN1,PC2,2.3000000000000003,0.025385176354855883,68,4.0,20
EUN1,PC2,2.4000000000000004,0.02607163343861643,68,4.0,20
EUN1,PC2,2.5,0.026753091847114687,68,4.0,20
EUN1,PC2,2.6,0.02742707536144391,68,4.0,20
EUN1,PC2,2.7,0.028091097718202715,68,4.0,20
EUN1,PC2,2.8000000000000003,0.02874269375682932,68,4.0,20
EUN1,PC2,2.9000000000000004,0.029379452487999308,68,4.0,20
EUN1,PC2,3.0,0.029999051464509915,68,4.0,20
EUN1,PC2,3.1,0.03059929177857626,68,4.0,20
EUN1,PC2,3.2,0.03117813296774832,68,4.0,20
EUN1,PC2,3.3000000000000003,0.031733727087329806,68,4.0,20
EUN1,PC2,3.4000000000000004,0.03226445120136279,68,4.0,20
EUN1,PC2,3.5,0.03276893755751244,68,4.0,20
EUN1,PC2,3.6,0.033246100743555405,68,4.0,20
EUN1,PC2,3.7,0.033695161174068726,68,4.0,20
EUN1,PC2,3.8000000000000003,0.03411566432418983,68,4.0,20
EUN1,PC2,3.9000000000000004,0.034507495211282886,68,4.0,20
EUN1,PC2,4.0,0.034870887722828335,68,4.0,20
EUN1,PC2,4.1000000000000005,0.035206428497248636,68,4.0,20
EUN1,PC2,4.2,0.03551505518076413,68,4.0,20
EUN1,PC2,4.3,0.035798049004565444,68,4.0,20
EUN1,PC2,4.4,0.03605702174929744,68,4.0,20
EUN1,PC2,4.5,0.036293897284754906,68,4.0,20
EUN1,PC2,4.6000000000000005,0.03651088798857062,68,4.0,20
EUN1,PC2,4.7,0.036710466455507164,68,4.0,20
EUN1,PC2,4.800000000000001,0.03689533300601695,68,4.0,20
EUN1,PC2,4.9,0.03706837958665755,68,4.0,20
EUN1,PC2,5.0,0.03723265072383529,68,4.0,20
EUN1,PC2,5.1000000000000005,0.0373913022447802,68,4.0,20
EUN1,PC2,5.2,0.037547558514730586,68,4.0,20
EUN1,PC2,5.300000000000001,0.03770466895664623,68,4.0,20
EUN1,PC2,5.4,0.03786586461950912,68,4.0,20
EUN1,PC2,5.5,0.03803431554401985,68,4.0,20
EUN1,PC2,5.6000000000000005,0.038213089641299054,68,4.0,20
EUN1,PC2,5.7,0.03840511375247458,68,4.0,20
EUN1,PC2,5.800000000000001,0.03861313749650006,68,4.0,20
EUN1,PC2,5.9,0.03883970044216956,68,4.0,20
EUN1,PC2,6.0,0.03908710306018849,68,4.0,20
EUN1,PC2,6.1000000000000005,0.03935738182454626,68,4.0,20
EUN1,PC2,6.2,0.03965228874155105,68,4.0,20
EUN1,PC2,6.300000000000001,0.03997327549193408,68,4.0,20
EUN1,PC2,6.4,0.040321482278528754,68,4.0,20
EUN1,PC2,6.5,0.040697731381166974,68,4.0,20
EUN1,PC2,6.6000000000000005,0.04110252533343606,68,4.0,20
EUN1,PC2,6.7,0.0415360495544466,68,4.0,20
EUN1,PC2,6.800000000000001,0.041998179194205384,68,4.0,20
EUN1,PC2,6.9,0.04248848988479209,68,4.0,20
EUN1,PC2,7.0,0.043006272032301465,68,4.0,20
EUN1,PC2,7.1000000000000005,0.043550548237216595,68,4.0,20
EUN1,PC2,7.2,0.044120093394083716,68,4.0,20
EUN1,PC2,7.300000000000001,0.04471345699541209,68,4.0,20
EUN1,PC2,7.4,0.04532898714975887,68,4.0,20
EUN1,PC2,7.5,0.045964855819910416,68,4.0,20
EUN1,PC2,7.6000000000000005,0.04661908479366746,68,4.0,20
EUN1,PC2,7.7,0.04728957191651942,68,4.0,20
EUN1,PC2,7.800000000000001,0.04797411714180229,68,4.0,20
EUN1,PC2,7.9,0.048670447988944446,68,4.0,20
EUN1,PC2,8.0,0.049376244043115185,68,4.0,20
EUN1,PC2,8.1,0.05008916017884343,68,4.0,20
EUN1,PC2,8.200000000000001,0.050806848244667156,68,4.0,20
EUN1,PC2,8.3,0.05152697700418096,68,4.0,20
EUN1,PC2,8.4,0.05224725018944021,68,4.0,20
EUN1,PC2,8.5,0.05296542258394861,68,4.0,20
EUN1,PC2,8.6,0.05367931411275232,68,4.0,20
EUN1,PC2,8.700000000000001,0.05438682197482463,68,4.0,20
EUN1,PC2,8.8,0.055085930906316465,68,4.0,20
EUN1,PC2,8.9,0.05577472171081313,68,4.0,20
EUN1,PC2,9.0,0.0564513782330258,68,4.0,20
EUN1,PC2,9.1,0.05711419298408545,68,4.0,20
EUN1,PC2,9.200000000000001,0.057761571648723746,68,4.0,20
EUN1,PC2,9.3,0.05839203671631799,68,4.0,20
EUN1,PC2,9.4,0.05900423047853594,68,4.0,20
EUN1,PC2,9.5,0.05959691762597812,68,4.0,20
EUN1,PC2,9.600000000000001,0.06016898765498937,68,4.0,20
EUN1,PC2,9.700000000000001,0.060719457264288186,68,4.0,20
EUN1,PC2,9.8,0.06124747288025083,68,4.0,20
EUN1,PC2,9.9,0.06175231340096566,68,4.0,20
EUN1,PC2,10.0,0.06223339319431695,68,4.0,20
EUN1,PC2,10.100000000000001,0.06269026532645307,68,4.0,20
EUN1,PC2,10.200000000000001,0.06312262493641863,68,4.0,20
EUN1,PC2,10.3,0.06353031261305525,68,4.0,20
EUN1,PC2,10.4,0.06391331757419351,68,4.0,20
EUN1,PC2,10.5,0.06427178039836597,68,4.0,20
EUN1,PC2,10.600000000000001,0.06460599501837815,68,4.0,20
EUN1,PC2,10.700000000000001,0.06491640965646428,68,4.0,20
EUN1,PC2,10.8,0.06520362636449213,68,4.0,20
EUN1,PC2,10.9,0.06546839883138657,68,4.0,20
EUN1,PC2,11.0,0.06571162813469687,68,4.0,20
EUN1,PC2,11.100000000000001,0.06593435614450567,68,4.0,20
EUN1,PC2,11.200000000000001,0.06613775633545453,68,4.0,20
EUN1,PC2,11.3,0.06632312182563005,68,4.0,20
EUN1,PC2,11.4,0.06649185053778144,68,4.0,20
EUN1,PC2,11.5,0.0666454274665386,68,4.0,20
EUN1,PC2,11.600000000000001,0.06678540413204988,68,4.0,20
EUN1,PC2,11.700000000000001,0.0669133754023511,68,4.0,20
EUN1,PC2,11.8,0.06703095397000065,68,4.0,20
EUN1,PC2,11.9,0.06713974286903628,68,4.0,20
EUN1,PC2,12.0,0.06724130651201257,68,4.0,20
EUN1,PC2,12.100000000000001,0.06733714080976902,68,4.0,20
EUN1,PC2,12.200000000000001,0.06742864300494292,68,4.0,20
EUN1,PC2,12.3,0.0675170819008234,68,4.0,20
EUN1,PC2,12.4,0.0676035691973054,68,4.0,20
EUN1,PC2,12.5,0.06768903265355085,68,4.0,20
EUN1,PC2,12.600000000000001,0.06777419178144908,68,4.0,20
EUN1,PC2,12.700000000000001,0.06785953673495265,68,4.0,20
EUN1,PC2,12.8,0.06794531099864103,68,4.0,20
EUN1,PC2,12.9,0.06803149839613719,68,4.0,20
EUN1,PC2,13.0,0.06811781483782882,68,4.0,20
EUN1,PC2,13.100000000000001,0.06820370511102455,68,4.0,20
EUN1,PC2,13.200000000000001,0.06828834488812895,68,4.0,20
EUN1,PC2,13.3,0.06837064799400028,68,4.0,20
EUN1,PC2,13.4,0.06844927883699155,68,4.0,20
EUN1,PC2,13.5,0.06852266977395396,68,4.0,20
EUN1,PC2,13.600000000000001,0.06858904305225454,68,4.0,20
EUN1,PC2,13.700000000000001,0.0686464368558661,68,4.0,20
EUN1,PC2,13.8,0.068692734881561,68,4.0,20
EUN1,PC2,13.9,0.06872569878828748,68,4.0,20
EUN1,PC2,14.0,0.06874300280027217,68,4.0,20
EUN1,PC2,14.100000000000001,0.06874226970380073,68,4.0,20
EUN1,PC2,14.200000000000001,0.06872110745963324,68,4.0,20
EUN1,PC2,14.3,0.06867714565741678,68,4.0,20
EUN1,PC2,14.4,0.06860807106425054,68,4.0,20
EUN1,PC2,14.5,0.06851166156499278,68,4.0,20
EUN1,PC2,14.600000000000001,0.06838581785461234,68,4.0,20
EUN1,PC2,14.700000000000001,0.06822859232002403,68,4.0,20
EUN1,PC2,14.8,0.06803821463721223,68,4.0,20
EUN1,PC2,14.9,0.06781311370567085,68,4.0,20
EUN1,PC2,15.0,0.06755193564285701,68,4.0,20
EUN1,PC2,15.100000000000001,0.06725355766318233,68,4.0,20
EUN1,PC2,15.200000000000001,0.06691709776599775,68,4.0,20
EUN1,PC2,15.3,0.06654192025235883,68,4.0,20
EUN1,PC2,15.4,0.0661276371788053,68,4.0,20
EUN1,PC2,15.5,0.06567410593614335,68,4.0,20
EUN1,PC2,15.600000000000001,0.06518142321096056,68,4.0,20
EUN1,PC2,15.700000000000001,0.06464991564650256,68,4.0,20
EUN1,PC2,15.8,0.06408012756720902,68,4.0,20
EUN1,PC2,15.9,0.06347280616766802,68,4.0,20
EUN1,PC2,16.0,0.06282888459234312,68,4.0,20
EUN1,PC2,16.1,0.06214946334776089,68,4.0,20
EUN1,PC2,16.2,0.061435790494688995,68,4.0,20
EUN1,PC2,16.3,0.060689241065058984,68,4.0,20
EUN1,PC2,16.400000000000002,0.059911296137891756,68,4.0,20
EUN1,PC2,16.5,0.05910352199113867,68,4.0,20
EUN1,PC2,16.6,0.0582675497229631,68,4.0,20
EUN1,PC2,16.7,0.0574050557072729,68,4.0,20
EUN1,PC2,16.8,0.056517743214887325,68,4.0,20
EUN1,PC2,16.900000000000002,0.05560732549413121,68,4.0,20
EUN1,PC2,17.0,0.05467551056335745,68,4.0,20
EUN1,PC2,17.1,0.05372398792337058,68,4.0,20
EUN1,PC2,17.2,0.05275441735042009,68,4.0,20
EUN1,PC2,17.3,0.05176841988087577,68,4.0,20
EUN1,PC2,17.400000000000002,0.05076757104750838,68,4.0,20
EUN1,PC2,17.5,0.04975339637520598,68,4.0,20
EUN1,PC2,17.6,0.04872736909183856,68,4.0,20
EUN1,PC2,17.7,0.04769090995884926,68,4.0,20
EUN1,PC2,17.8,0.04664538907713059,68,4.0,20
EUN1,PC2,17.900000000000002,0.04559212947807325,68,4.0,20
EUN1,PC2,18.0,0.04453241226861844,68,4.0,20
EUN1,PC2,18.1,0.043467483063977186,68,4.0,20
EUN1,PC2,18.2,0.042398559413581116,68,4.0,20
EUN1,PC2,18.3,0.04132683890584573,68,4.0,20
EUN1,PC2,18.400000000000002,0.04025350762629328,68,4.0,20
EUN1,PC2,18.5,0.03917974864203576,68,4.0,20
EUN1,PC2,18.6,0.038106750193806216,68,4.0,20
EUN1,PC2,18.7,0.0370357132944928,68,4.0,20
EUN1,PC2,18.8,0.03596785845997419,68,4.0,20
EUN1,PC2,18.900000000000002,0.03490443133308549,68,4.0,20
EUN1,PC2,19.0,0.03384670700352661,68,4.0,20
EUN1,PC2,19.1,0.03279599287392785,68,4.0,20
EUN1,PC2,19.200000000000003,0.03175362997334343,68,4.0,20
EUN1,PC2,19.3,0.03072099267222574,68,4.0,20
EUN1,PC2,19.400000000000002,0.02969948680546531,68,4.0,20
EUN1,PC2,19.5,0.028690546260400494,68,4.0,20
EUN1,PC2,19.6,0.02769562813298496,68,4.0,20
EUN1,PC2,19.700000000000003,0.026716206595942187,68,4.0,20
EUN1,PC2,19.8,0.025753765656402822,68,4.0,20
EUN1,PC2,19.900000000000002,0.024809791006254692,68,4.0,20
EUN1,PC2,20.0,0.023885761185648956,68,4.0,20
EUN1,PC2,20.1,0.02298313828863161,68,4.0,20
EUN1,PC2,20.200000000000003,0.022103358439942572,68,4.0,20
EUN1,PC2,20.3,0.021247822264251565,68,4.0,20
EUN1,PC2,20.400000000000002,0.02041788555442439,68,4.0,20
EUN1,PC2,20.5,0.019614850325041854,68,4.0,20
EUN1,PC2,20.6,0.018839956412718146,68,4.0,20
EUN1,PC2,20.700000000000003,0.018094373757297014,68,4.0,20
EUN1,PC2,20.8,0.017379195469251506,68,4.0,20
EUN1,PC2,20.900000000000002,0.016695431760041467,68,4.0,20
EUN1,PC2,21.0,0.016044004785100555,68,4.0,20
EUN1,PC2,21.1,0.015425744424635493,68,4.0,20
EUN1,PC2,21.200000000000003,0.014841385006378065,68,4.0,20
EUN1,PC2,21.3,0.014291562957386402,68,4.0,20
EUN1,PC2,21.400000000000002,0.013776815359206728,68,4.0,20
EUN1,PC2,21.5,0.013297579372124736,68,4.0,20
EUN1,PC2,21.6,0.012854192489537288,68,4.0,20
EUN1,PC2,21.700000000000003,0.012446893582086312,68,4.0,20
EUN1,PC2,21.8,0.012075824692355325,68,4.0,20
EUN1,PC2,21.900000000000002,0.011741033543738818,68,4.0,20
EUN1,PC2,22.0,0.011442476730585776,68,4.0,20
EUN1,PC2,22.1,0.011180023559917089,68,4.0,20
EUN1,PC2,22.200000000000003,0.010953460517010155,68,4.0,20
EUN1,PC2,22.3,0.010762496327132436,68,4.0,20
EUN1,PC2,22.400000000000002,0.010606767583063082,68,4.0,20
EUN1,PC2,22.5,0.01048584490234385,68,4.0,20
EUN1,PC2,22.6,0.010399239569262293,68,4.0,20
EUN1,PC2,22.700000000000003,0.010346410604454966,68,4.0,20
EUN1,PC2,22.8,0.010326772190038457,68,4.0,20
EUN1,PC2,22.900000000000002,0.010339701360885223,68,4.0,20
EUN1,PC2,23.0,0.010384545853823394,68,4.0,20
EUN1,PC2,23.1,0.010460631987100823,68,4.0,20
EUN1,PC2,23.200000000000003,0.010567272423492435,68,4.0,20
EUN1,PC2,23.3,0.010703773653109708,68,4.0,20
EUN1,PC2,23.400000000000002,0.010869443017484926,68,4.0,20
EUN1,PC2,23.5,0.011063595086013615,68,4.0,20
EUN1,PC2,23.6,0.011285557190427288,68,4.0,20
EUN1,PC2,23.700000000000003,0.011534673923573024,68,4.0,20
EUN1,PC2,23.8,0.011810310416151413,68,4.0,20
EUN1,PC2,23.900000000000002,0.012111854219728841,68,4.0,20
EUW1,PC1,0.0,0.05839683509484834,176,4.0,20
EUW1,PC1,0.1,0.058844592338332,176,4.0,20
EUW1,PC1,0.2,0.059306025036214786,176,4.0,20
EUW1,PC1,0.30000000000000004,0.05978000471811684,176,4.0,20
EUW1,PC1,0.4,0.06026522216436104,176,4.0,20
EUW1,PC1,0.5,0.060760195778360636,176,4.0,20
EUW1,PC1,0.6000000000000001,0.06126328152017814,176,4.0,20
EUW1,PC1,0.7000000000000001,0.061772684021337704,176,4.0,20
EUW1,PC1,0.8,0.06228646849158982,176,4.0,20
EUW1,PC1,0.9,0.06280257303623588,176,4.0,20
EUW1,PC1,1.0,0.06331882102725057,176,4.0,20
EUW1,PC1,1.1,0.06383293321149222,176,4.0,20
EUW1,PC1,1.2000000000000002,0.06434253929279497,176,4.0,20
EUW1,PC1,1.3,0.0648451887891606,176,4.0,20
EUW1,PC1,1.4000000000000001,0.06533836103861072,176,4.0,20
EUW1,PC1,1.5,0.06581947430420745,176,4.0,20
EUW1,PC1,1.6,0.06628589400680199,176,4.0,20
EUW1,PC1,1.7000000000000002,0.06673494018970619,176,4.0,20
EUW1,PC1,1.8,0.06716389438929204,176,4.0,20
EUW1,PC1,1.9000000000000001,0.06757000614637222,176,4.0,20
EUW1,PC1,2.0,0.06795049944234179,176,4.0,20
EUW1,PC1,2.1,0.06830257937921083,176,4.0,20
EUW1,PC1,2.2,0.06862343944215146,176,4.0,20
EUW1,PC1,2.3000000000000003,0.06891026968598406,176,4.0,20
EUW1,PC1,2.4000000000000004,0.06916026617277571,176,4.0,20
EUW1,PC1,2.5,0.06937064195673906,176,4.0,20
EUW1,PC1,2.6,0.06953863986588181,176,4.0,20
EUW1,PC1,2.7,0.06966154726896702,176,4.0,20
EUW1,PC1,2.8000000000000003,0.06973671294344708,176,4.0,20
EUW1,PC1,2.9000000000000004,0.06976156607774309,176,4.0,20
EUW1,PC1,3.0,0.06973363735252919,176,4.0,20
EUW1,PC1,3.1,0.06965058195377209,176,4.0,20
EUW1,PC1,3.2,0.06951020427852175,176,4.0,20
EUW1,PC1,3.3000000000000003,0.06931048400621286,176,4.0,20
EUW1,PC1,3.4000000000000004,0.06904960312676568,176,4.0,20
EUW1,PC1,3.5,0.06872597344509174,176,4.0,20
EUW1,PC1,3.6,0.06833826402240642,176,4.0,20
EUW1,PC1,3.7,0.06788542797029408,176,4.0,20
EUW1,PC1,3.8000000000000003,0.06736672798553353,176,4.0,20
EUW1,PC1,3.9000000000000004,0.06678176000348711,176,4.0,20
EUW1,PC1,4.0,0.0661304743560104,176,4.0,20
EUW1,PC1,4.1000000000000005,0.06541319384636776,176,4.0,20
EUW1,PC1,4.2,0.06463062819795393,176,4.0,20
EUW1,PC1,4.3,0.06378388439456172,176,4.0,20
EUW1,PC1,4.4,0.06287447250580605,176,4.0,20
EUW1,PC1,4.5,0.06190430667994548,176,4.0,20
EUW1,PC1,4.6000000000000005,0.06087570108518484,176,4.0,20
EUW1,PC1,4.7,0.05979136068672855,176,4.0,20
EUW1,PC1,4.800000000000001,0.058654366857323864,176,4.0,20
EUW1,PC1,4.9,0.057468157930618595,176,4.0,20
EUW1,PC1,5.0,0.05623650491618963,176,4.0,20
EUW1,PC1,5.1000000000000005,0.054963482699521046,176,4.0,20
EUW1,PC1,5.2,0.05365343714665349,176,4.0,20
EUW1,PC1,5.300000000000001,0.05231094861911826,176,4.0,20
EUW1,PC1,5.4,0.050940792477890566,176,4.0,20
EUW1,PC1,5.5,0.04954789721365333,176,4.0,20
EUW1,PC1,5.6000000000000005,0.048137300883326885,176,4.0,20
EUW1,PC1,5.7,0.04671410655876143,176,4.0,20
EUW1,PC1,5.800000000000001,0.0452834375023816,176,4.0,20
EUW1,PC1,5.9,0.04385039277659696,176,4.0,20
EUW1,PC1,6.0,0.04242000396960702,176,4.0,20
EUW1,PC1,6.1000000000000005,0.04099719368094207,176,4.0,20
EUW1,PC1,6.2,0.03958673635719494,176,4.0,20
EUW1,PC1,6.300000000000001,0.03819322200375499,176,4.0,20
EUW1,PC1,6.4,0.03682102322406778,176,4.0,20
EUW1,PC1,6.5,0.0354742659563188,176,4.0,20
EUW1,PC1,6.6000000000000005,0.0341568041909066,176,4.0,20
EUW1,PC1,6.7,0.03287219886310094,176,4.0,20
EUW1,PC1,6.800000000000001,0.03162370102630797,176,4.0,20
EUW1,PC1,6.9,0.030414239324722165,176,4.0,20
EUW1,PC1,7.0,0.029246411701985744,176,4.0,20
EUW1,PC1,7.1000000000000005,0.028122481206735567,176,4.0,20
EUW1,PC1,7.2,0.02704437568823999,176,4.0,20
EUW1,PC1,7.300000000000001,0.02601369111705182,176,4.0,20
EUW1,PC1,7.4,0.025031698217717183,176,4.0,20
EUW1,PC1,7.5,0.024099352063718365,176,4.0,20
EUW1,PC1,7.6000000000000005,0.023217304259263206,176,4.0,20
EUW1,PC1,7.7,0.022385917318183273,176,4.0,20
EUW1,PC1,7.800000000000001,0.021605280846652346,176,4.0,20
EUW1,PC1,7.9,0.020875229142965815,176,4.0,20
EUW1,PC1,8.0,0.020195359843240803,176,4.0,20
EUW1,PC1,8.1,0.019565053265393675,176,4.0,20
EUW1,PC1,8.200000000000001,0.018983492133742397,176,4.0,20
EUW1,PC1,8.3,0.018449681401558664,176,4.0,20
EUW1,PC1,8.4,0.017962467927293127,176,4.0,20
EUW1,PC1,8.5,0.017520559800440035,176,4.0,20
EUW1,PC1,8.6,0.017122545153566423,176,4.0,20
EUW1,PC1,8.700000000000001,0.016766910336475555,176,4.0,20
EUW1,PC1,8.8,0.016452057365515322,176,4.0,20
EUW1,PC1,8.9,0.01617632059457111,176,4.0,20
EUW1,PC1,9.0,0.01593798258340405,176,4.0,20
EUW1,PC1,9.1,0.015735289163042416,176,4.0,20
EUW1,PC1,9.200000000000001,0.015566463716487388,176,4.0,20
EUW1,PC1,9.3,0.015429720705878322,176,4.0,20
EUW1,PC1,9.4,0.015323278484540771,176,4.0,20
EUW1,PC1,9.5,0.015245371434298795,176,4.0,20
EUW1,PC1,9.600000000000001,0.015194261465553546,176,4.0,20
EUW1,PC1,9.700000000000001,0.015168248910563582,176,4.0,20
EUW1,PC1,9.8,0.015165682829887657,176,4.0,20
EUW1,PC1,9.9,0.015184970738940725,176,4.0,20
EUW1,PC1,10.0,0.015224587746989614,176,4.0,20
EUW1,PC1,10.100000000000001,0.015283085085609625,176,4.0,20
EUW1,PC1,10.200000000000001,0.015359097988543196,176,4.0,20
EUW1,PC1,10.3,0.015451352870891336,176,4.0,20
EUW1,PC1,10.4,0.01555867374338414,176,4.0,20
EUW1,PC1,10.5,0.01567998778776224,176,4.0,20
EUW1,PC1,10.600000000000001,0.01581433001257459,176,4.0,20
EUW1,PC1,10.700000000000001,0.0159608469053399,176,4.0,20
EUW1,PC1,10.8,0.016118798997274027,176,4.0,20
EUW1,PC1,10.9,0.01628756226076149,176,4.0,20
EUW1,PC1,11.0,0.016466628267428996,176,4.0,20
EUW1,PC1,11.100000000000001,0.016655603045930573,176,4.0,20
EUW1,PC1,11.200000000000001,0.016854204593144552,176,4.0,20
EUW1,PC1,11.3,0.017062259010094925,176,4.0,20
EUW1,PC1,11.4,0.017279695254153273,176,4.0,20
EUW1,PC1,11.5,0.01750653852150656,176,4.0,20
EUW1,PC1,11.600000000000001,0.017742902297996233,176,4.0,20
EUW1,PC1,11.700000000000001,0.01798897914171469,176,4.0,20
EUW1,PC1,11.8,0.01824503028662429,176,4.0,20
EUW1,PC1,11.9,0.018511374182354788,176,4.0,20
EUW1,PC1,12.0,0.018788374110628264,176,4.0,20
EUW1,PC1,12.100000000000001,0.019076425042829886,176,4.0,20
EUW1,PC1,12.200000000000001,0.01937593992544965,176,4.0,20
EUW1,PC1,12.3,0.019687335599819288,176,4.0,20
EUW1,PC1,12.4,0.020011018579119078,176,4.0,20
EUW1,PC1,12.5,0.02034737091840918,176,4.0,20
EUW1,PC1,12.600000000000001,0.02069673642185954,176,4.0,20
EUW1,PC1,12.700000000000001,0.021059407434880332,176,4.0,20
EUW1,PC1,12.8,0.021435612467037096,176,4.0,20
EUW1,PC1,12.9,0.021825504884125897,176,4.0,20
EUW1,PC1,13.0,0.022229152894367766,176,4.0,20
EUW1,PC1,13.100000000000001,0.02264653103430432,176,4.0,20
EUW1,PC1,13.200000000000001,0.023077513334758968,176,4.0,20
EUW1,PC1,13.3,0.0235218683164944,176,4.0,20
EUW1,PC1,13.4,0.02397925592947209,176,4.0,20
EUW1,PC1,13.5,0.02444922650964179,176,4.0,20
EUW1,PC1,13.600000000000001,0.0249312217838919,176,4.0,20
EUW1,PC1,13.700000000000001,0.02542457790828952,176,4.0,20
EUW1,PC1,13.8,0.025928530478296737,176,4.0,20
EUW1,PC1,13.9,0.026442221403637212,176,4.0,20
EUW1,PC1,14.0,0.026964707496339446,176,4.0,20
EUW1,PC1,14.100000000000001,0.027494970579634452,176,4.0,20
EUW1,PC1,14.200000000000001,0.0280319288892205,176,4.0,20
EUW1,PC1,14.3,0.028574449508191022,176,4.0,20
EUW1,PC1,14.4,0.029121361553748663,176,4.0,20
EUW1,PC1,14.5,0.029671469818565298,176,4.0,20
EUW1,PC1,14.600000000000001,0.030223568562891042,176,4.0,20
EUW1,PC1,14.700000000000001,0.03077645515555756,176,4.0,20
EUW1,PC1,14.8,0.03132894327283115,176,4.0,20
EUW1,PC1,14.9,0.03187987538328683,176,4.0,20
EUW1,PC1,15.0,0.03242813427381793,176,4.0,20
EUW1,PC1,15.100000000000001,0.03297265340559075,176,4.0,20
EUW1,PC1,15.200000000000001,0.0335124259279714,176,4.0,20
EUW1,PC1,15.3,0.03404651222176203,176,4.0,20
EUW1,PC1,15.4,0.034574045888907556,176,4.0,20
EUW1,PC1,15.5,0.03509423815252731,176,4.0,20
EUW1,PC1,15.600000000000001,0.03560638067703241,176,4.0,20
EUW1,PC1,15.700000000000001,0.036109846861625036,176,4.0,20
EUW1,PC1,15.8,0.03660409170018781,176,4.0,20
EUW1,PC1,15.9,0.037088650335196725,176,4.0,20
EUW1,PC1,16.0,0.03756313546181311,176,4.0,20
EUW1,PC1,16.1,0.03802723375998183,176,4.0,20
EUW1,PC1,16.2,0.038480701546743414,176,4.0,20
EUW1,PC1,16.3,0.03892335984791786,176,4.0,20
EUW1,PC1,16.400000000000002,0.03935508908799877,176,4.0,20
EUW1,PC1,16.5,0.039775823589953574,176,4.0,20
EUW1,PC1,16.6,0.04018554606333922,176,4.0,20
EUW1,PC1,16.7,0.040584282240608206,176,4.0,20
EUW1,PC1,16.8,0.04097209579873798,176,4.0,20
EUW1,PC1,16.900000000000002,0.04134908367750692,176,4.0,20
EUW1,PC1,17.0,0.041715371878050855,176,4.0,20
EUW1,PC1,17.1,0.04207111179693453,176,4.0,20
EUW1,PC1,17.2,0.04241647712297922,176,4.0,20
EUW1,PC1,17.3,0.04275166129750884,176,4.0,20
EUW1,PC1,17.400000000000002,0.04307687551438742,176,4.0,20
EUW1,PC1,17.5,0.0433923472149323,176,4.0,20
EUW1,PC1,17.6,0.0436983190150373,176,4.0,20
EUW1,PC1,17.7,0.04399504798798458,176,4.0,20
EUW1,PC1,17.8,0.04428280521664927,176,4.0,20
EUW1,PC1,17.900000000000002,0.04456187552312758,176,4.0,20
EUW1,PC1,18.0,0.044832557282131674,176,4.0,20
EUW1,PC1,18.1,0.04509516222655852,176,4.0,20
EUW1,PC1,18.2,0.04535001515913113,176,4.0,20
EUW1,PC1,18.3,0.04559745349254438,176,4.0,20
EUW1,PC1,18.400000000000002,0.04583782655169551,176,4.0,20
EUW1,PC1,18.5,0.04607149458490251,176,4.0,20
EUW1,PC1,18.6,0.046298827446066754,176,4.0,20
EUW1,PC1,18.7,0.04652020292608771,176,4.0,20
EUW1,PC1,18.8,0.04673600472907212,176,4.0,20
EUW1,PC1,18.900000000000002,0.046946620106595345,176,4.0,20
EUW1,PC1,19.0,0.04715243718107971,176,4.0,20
EUW1,PC1,19.1,0.04735384200686816,176,4.0,20
EUW1,PC1,19.200000000000003,0.04755121543439619,176,4.0,20
EUW1,PC1,19.3,0.04774492985859383,176,4.0,20
EUW1,PC1,19.400000000000002,0.04793534594684662,176,4.0,20
EUW1,PC1,19.5,0.04812280945405044,176,4.0,20
EUW1,PC1,19.6,0.04830764824202147,176,4.0,20
EUW1,PC1,19.700000000000003,0.04849016962726095,176,4.0,20
EUW1,PC1,19.8,0.04867065818431648,176,4.0,20
EUW1,PC1,19.900000000000002,0.04884937413123004,176,4.0,20
EUW1,PC1,20.0,0.049026552418372664,176,4.0,20
EUW1,PC1,20.1,0.04920240263196433,176,4.0,20
EUW1,PC1,20.200000000000003,0.049377109808512336,176,4.0,20
EUW1,PC1,20.3,0.049550836236168225,176,4.0,20
EUW1,PC1,20.400000000000002,0.04972372429368858,176,4.0,20
EUW1,PC1,20.5,0.049895900347590304,176,4.0,20
EUW1,PC1,20.6,0.050067479693760825,176,4.0,20
EUW1,PC1,20.700000000000003,0.050238572492012176,176,4.0,20
EUW1,PC1,20.8,0.05040929060190399,176,4.0,20
EUW1,PC1,20.900000000000002,0.050579755186884234,176,4.0,20
EUW1,PC1,21.0,0.05075010491289621,176,4.0,20
EUW1,PC1,21.1,0.050920504528719775,176,4.0,20
EUW1,PC1,21.200000000000003,0.05109115358019419,176,4.0,20
EUW1,PC1,21.3,0.0512622949808724,176,4.0,20
EUW1,PC1,21.400000000000002,0.05143422313928514,176,4.0,20
EUW1,PC1,21.5,0.051607291329402144,176,4.0,20
EUW1,PC1,21.6,0.05178191798738106,176,4.0,20
EUW1,PC1,21.700000000000003,0.05195859162528901,176,4.0,20
EUW1,PC1,21.8,0.05213787407175638,176,4.0,20
EUW1,PC1,21.900000000000002,0.0523204017806159,176,4.0,20
EUW1,PC1,22.0,0.05250688499112027,176,4.0,20
EUW1,PC1,22.1,0.05269810457642925,176,4.0,20
EUW1,PC1,22.200000000000003,0.05289490647930296,176,4.0,20
EUW1,PC1,22.3,0.05309819370344072,176,4.0,20
EUW1,PC1,22.400000000000002,0.053308915903342816,176,4.0,20
EUW1,PC1,22.5,0.053528056692287544,176,4.0,20
EUW1,PC1,22.6,0.05375661886410778,176,4.0,20
EUW1,PC1,22.700000000000003,0.053995607796909796,176,4.0,20
EUW1,PC1,22.8,0.05424601337271322,176,4.0,20
EUW1,PC1,22.900000000000002,0.05450879080337405,176,4.0,20
EUW1,PC1,23.0,0.05478484079755582,176,4.0,20
EUW1,PC1,23.1,0.055074989533834204,176,4.0,20
EUW1,PC1,23.200000000000003,0.055379968919697,176,4.0,20
EUW1,PC1,23.3,0.05570039761430245,176,4.0,20
EUW1,PC1,23.400000000000002,0.05603676327414162,176,4.0,20
EUW1,PC1,23.5,0.056389406445694956,176,4.0,20
EUW1,PC1,23.6,0.05675850647896984,176,4.0,20
EUW1,PC1,23.700000000000003,0.05714406977232206,176,4.0,20
EUW1,PC1,23.8,0.05754592058466802,176,4.0,20
EUW1,PC1,23.900000000000002,0.05796369456904921,176,4.0,20
EUW1,PC2,0.0,0.016513805441207834,209,4.0,20
EUW1,PC2,0.1,0.016729703112146006,209,4.0,20
EUW1,PC2,0.2,0.0169571829994488,209,4.0,20
EUW1,PC2,0.30000000000000004,0.017195344625168793,209,4.0,20
EUW1,PC2,0.4,0.017443320454137434,209,4.0,20
EUW1,PC2,0.5,0.0177002821527542,209,4.0,20
EUW1,PC2,0.6000000000000001,0.01796544666675695,209,4.0,20
EUW1,PC2,0.7000000000000001,0.01823808200240391,209,4.0,20
EUW1,PC2,0.8,0.018517512591909837,209,4.0,20
EUW1,PC2,0.9,0.018803124123184568,209,4.0,20
EUW1,PC2,1.0,0.01909436771608973,209,4.0,20
EUW1,PC2,1.1,0.019390763332666372,209,4.0,20
EUW1,PC2,1.2000000000000002,0.019691902317133605,209,4.0,20
EUW1,PC2,1.3,0.01999744897288506,209,4.0,20
EUW1,PC2,1.4000000000000001,0.020307141098106468,209,4.0,20
EUW1,PC2,1.5,0.020620789418815278,209,4.0,20
EUW1,PC2,1.6,0.020938275877810334,209,4.0,20
EUW1,PC2,1.7000000000000002,0.02125955075986478,209,4.0,20
EUW1,PC2,1.8,0.021584628657071923,209,4.0,20
EUW1,PC2,1.9000000000000001,0.021913583303064345,209,4.0,20
EUW1,PC2,2.0,0.022246541330316442,209,4.0,20
EUW1,PC2,2.1,0.02258367503030709,209,4.0,20
EUW1,PC2,2.2,0.022925194221327983,209,4.0,20
EUW1,PC2,2.3000000000000003,0.023271337352525342,209,4.0,20
EUW1,PC2,2.4000000000000004,0.023622361994709722,209,4.0,20
EUW1,PC2,2.5,0.023978534887934222,209,4.0,20
EUW1,PC2,2.6,0.024340121732236597,209,4.0,20
EUW1,PC2,2.7,0.024707376920732303,209,4.0,20
EUW1,PC2,2.8000000000000003,0.025080533422972777,209,4.0,20
EUW1,PC2,2.9000000000000004,0.025459793030770096,209,4.0,20
EUW1,PC2,3.0,0.025845317178258328,209,4.0,20
EUW1,PC2,3.1,0.026237218542642816,209,4.0,20
EUW1,PC2,3.2,0.026635553621824754,209,4.0,20
EUW1,PC2,3.3000000000000003,0.027040316469941813,209,4.0,20
EUW1,PC2,3.4000000000000004,0.02745143375201683,209,4.0,20
EUW1,PC2,3.5,0.027868761254656857,209,4.0,20
EUW1,PC2,3.6,0.02829208196150689,209,4.0,20
EUW1,PC2,3.7,0.028721105770460106,209,4.0,20
EUW1,PC2,3.8000000000000003,0.02915547089508208,209,4.0,20
EUW1,PC2,3.9000000000000004,0.029594746956031304,209,4.0,20
EUW1,PC2,4.0,0.030038439730240635,209,4.0,20
EUW1,PC2,4.1000000000000005,0.030485997487113815,209,4.0,20
EUW1,PC2,4.2,0.030936818802880926,209,4.0,20
EUW1,PC2,4.3,0.03139026170746876,209,4.0,20
EUW1,PC2,4.4,0.03184565398370144,209,4.0,20
EUW1,PC2,4.5,0.032302304407268806,209,4.0,20
EUW1,PC2,4.6000000000000005,0.03275951468855906,209,4.0,20
EUW1,PC2,4.7,0.03321659185496778,209,4.0,20
EUW1,PC2,4.800000000000001,0.03367286079540388,209,4.0,20
EUW1,PC2,4.9,0.03412767667804834,209,4.0,20
EUW1,PC2,5.0,0.03458043694849485,209,4.0,20
EUW1,PC2,5.1000000000000005,0.035030592618576537,209,4.0,20
EUW1,PC2,5.2,0.035477658566669026,209,4.0,20
EUW1,PC2,5.300000000000001,0.035921222588083376,209,4.0,20
EUW1,PC2,5.4,0.03636095295916727,209,4.0,20
EUW1,PC2,5.5,0.03679660431056799,209,4.0,20
EUW1,PC2,5.6000000000000005,0.037228021643224044,209,4.0,20
EUW1,PC2,5.7,0.03765514236430019,209,4.0,20
EUW1,PC2,5.800000000000001,0.03807799626852825,209,4.0,20
EUW1,PC2,5.9,0.03849670344215207,209,4.0,20
EUW1,PC2,6.0,0.03891147012063527,209,4.0,20
EUW1,PC2,6.1000000000000005,0.03932258258607555,209,4.0,20
EUW1,PC2,6.2,0.03973039924438308,209,4.0,20
EUW1,PC2,6.300000000000001,0.04013534107416435,209,4.0,20
EUW1,PC2,6.4,0.04053788068732692,209,4.0,20
EUW1,PC2,6.5,0.04093853028413694,209,4.0,20
EUW1,PC2,6.6000000000000005,0.04133782882134573,209,4.0,20
EUW1,PC2,6.7,0.041736328739716576,209,4.0,20
EUW1,PC2,6.800000000000001,0.04213458261567092,209,4.0,20
EUW1,PC2,6.9,0.04253313010991091,209,4.0,20
EUW1,PC2,7.0,0.04293248558312587,209,4.0,20
EUW1,PC2,7.1000000000000005,0.04333312673492762,209,4.0,20
EUW1,PC2,7.2,0.0437354845970179,209,4.0,20
EUW1,PC2,7.300000000000001,0.04413993517566801,209,4.0,20
EUW1,PC2,7.4,0.04454679299266229,209,4.0,20
EUW1,PC2,7.5,0.044956306719068216,209,4.0,20
EUW1,PC2,7.6000000000000005,0.04536865703403369,209,4.0,20
EUW1,PC2,7.7,0.045783956773070296,209,4.0,20
EUW1,PC2,7.800000000000001,0.04620225335900643,209,4.0,20
EUW1,PC2,7.9,0.04662353343621768,209,4.0,20
EUW1,PC2,8.0,0.04704772955720273,209,4.0,20
EUW1,PC2,8.1,0.04747472870244068,209,4.0,20
EUW1,PC2,8.200000000000001,0.047904382352036506,209,4.0,20
EUW1,PC2,8.3,0.04833651777309101,209,4.0,20
EUW1,PC2,8.4,0.04877095014193059,209,4.0,20
EUW1,PC2,8.5,0.04920749508690702,209,4.0,20
EUW1,PC2,8.6,0.049645981216657246,209,4.0,20
EUW1,PC2,8.700000000000001,0.05008626219130584,209,4.0,20
EUW1,PC2,8.8,0.050528227900451465,209,4.0,20
EUW1,PC2,8.9,0.05097181433179713,209,4.0,20
EUW1,PC2,9.0,0.05141701174738975,209,4.0,20
EUW1,PC2,9.1,0.05186387082963483,209,4.0,20
EUW1,PC2,9.200000000000001,0.052312506515155656,209,4.0,20
EUW1,PC2,9.3,0.05276309929945919,209,4.0,20
EUW1,PC2,9.4,0.053215893867269534,209,4.0,20
EUW1,PC2,9.5,0.05367119498012681,209,4.0,20
EUW1,PC2,9.600000000000001,0.05412936063214838,209,4.0,20
EUW1,PC2,9.700000000000001,0.05459079256439919,209,4.0,20
EUW1,PC2,9.8,0.05505592430585766,209,4.0,20
EUW1,PC2,9.9,0.05552520698233576,209,4.0,20
EUW1,PC2,10.0,0.05599909320193401,209,4.0,20
EUW1,PC2,10.100000000000001,0.056478019384913015,209,4.0,20
EUW1,PC2,10.200000000000001,0.05696238695572801,209,4.0,20
EUW1,PC2,10.3,0.05745254285416037,209,4.0,20
EUW1,PC2,10.4,0.05794875985004301,209,4.0,20
EUW1,PC2,10.5,0.058451217161365095,209,4.0,20
EUW1,PC2,10.600000000000001,0.05895998187820318,209,4.0,20
EUW1,PC2,10.700000000000001,0.05947499168489555,209,4.0,20
EUW1,PC2,10.8,0.05999603935037648,209,4.0,20
EUW1,PC2,10.9,0.06052275942210115,209,4.0,20
EUW1,PC2,11.0,0.06105461751326803,209,4.0,20
EUW1,PC2,11.100000000000001,0.06159090251707166,209,4.0,20
EUW1,PC2,11.200000000000001,0.06213072201671452,209,4.0,20
EUW1,PC2,11.3,0.06267300108731222,209,4.0,20
EUW1,PC2,11.4,0.06321648460727376,209,4.0,20
EUW1,PC2,11.5,0.06375974311405185,209,4.0,20
EUW1,PC2,11.600000000000001,0.0643011821543012,209,4.0,20
EUW1,PC2,11.700000000000001,0.06483905499355624,209,4.0,20
EUW1,PC2,11.8,0.06537147846771346,209,4.0,20
EUW1,PC2,11.9,0.0658964516800925,209,4.0,20
EUW1,PC2,12.0,0.06641187717583952,209,4.0,20
EUW1,PC2,12.100000000000001,0.06691558416203036,209,4.0,20
EUW1,PC2,12.200000000000001,0.06740535328897576,209,4.0,20
EUW1,PC2,12.3,0.06787894246764942,209,4.0,20
EUW1,PC2,12.4,0.06833411317127105,209,4.0,20
EUW1,PC2,12.5,0.06876865665693976,209,4.0,20
EUW1,PC2,12.600000000000001,0.06918041954645537,209,4.0,20
EUW1,PC2,12.700000000000001,0.06956732822424441,209,4.0,20
EUW1,PC2,12.8,0.06992741154427448,209,4.0,20
EUW1,PC2,12.9,0.07025882138613125,209,4.0,20
EUW1,PC2,13.0,0.07055985066167116,209,4.0,20
EUW1,PC2,13.100000000000001,0.07082894844600443,209,4.0,20
EUW1,PC2,13.200000000000001,0.07106473198773326,209,4.0,20
EUW1,PC2,13.3,0.07126599544075556,209,4.0,20
EUW1,PC2,13.4,0.0714317152506769,209,4.0,20
EUW1,PC2,13.5,0.07156105221994294,209,4.0,20
EUW1,PC2,13.600000000000001,0.0716533503641786,209,4.0,20
EUW1,PC2,13.700000000000001,0.07170813275496381,209,4.0,20
EUW1,PC2,13.8,0.07172509461867636,209,4.0,20
EUW1,PC2,13.9,0.07170409402470904,209,4.0,20
EUW1,PC2,14.0,0.07164514054736963,209,4.0,20
EUW1,PC2,14.100000000000001,0.07154838232266589,209,4.0,20
EUW1,PC2,14.200000000000001,0.07141409194308806,209,4.0,20
EUW1,PC2,14.3,0.07124265164016115,209,4.0,20
EUW1,PC2,14.4,0.07103453819627496,209,4.0,20
EUW1,PC2,14.5,0.07079030800501773,209,4.0,20
EUW1,PC2,14.600000000000001,0.07051058266436315,209,4.0,20
EUW1,PC2,14.700000000000001,0.07019603544147286,209,4.0,20
EUW1,PC2,14.8,0.0698473788938012,209,4.0,20
EUW1,PC2,14.9,0.06946535387110939,209,4.0,20
EUW1,PC2,15.0,0.06905072005951476,209,4.0,20
EUW1,PC2,15.100000000000001,0.06860424816443761,209,4.0,20
EUW1,PC2,15.200000000000001,0.06812671376677205,209,4.0,20
EUW1,PC2,15.3,0.06761889282810331,209,4.0,20
EUW1,PC2,15.4,0.06708155876831594,209,4.0,20
EUW1,PC2,15.5,0.06651548099410813,209,4.0,20
EUW1,PC2,15.600000000000001,0.06592142472093686,209,4.0,20
EUW1,PC2,15.700000000000001,0.06530015190449955,209,4.0,20
EUW1,PC2,15.8,0.06465242308127249,209,4.0,20
EUW1,PC2,15.9,0.0639789999106948,209,4.0,20
EUW1,PC2,16.0,0.06328064821370254,209,4.0,20
EUW1,PC2,16.1,0.06255814131252906,209,4.0,20
EUW1,PC2,16.2,0.06181226349373592,209,4.0,20
EUW1,PC2,16.3,0.06104381343886153,209,4.0,20
EUW1,PC2,16.400000000000002,0.06025360749327327,209,4.0,20
EUW1,PC2,16.5,0.05944248267213592,209,4.0,20
EUW1,PC2,16.6,0.0586112993312575,209,4.0,20
EUW1,PC2,16.7,0.05776094345844275,209,4.0,20
EUW1,PC2,16.8,0.05689232856654067,209,4.0,20
EUW1,PC2,16.900000000000002,0.05600639719152823,209,4.0,20
EUW1,PC2,17.0,0.05510412201687837,209,4.0,20
EUW1,PC2,17.1,0.05418650665858104,209,4.0,20
EUW1,PC2,17.2,0.05325458615326475,209,4.0,20
EUW1,PC2,17.3,0.05230942719494443,209,4.0,20
EUW1,PC2,17.400000000000002,0.05135212816430974,209,4.0,20
EUW1,PC2,17.5,0.05038381898871019,209,4.0,20
EUW1,PC2,17.6,0.04940566086183757,209,4.0,20
EUW1,PC2,17.7,0.04841884584044192,209,4.0,20
EUW1,PC2,17.8,0.04742459632222546,209,4.0,20
EUW1,PC2,17.900000000000002,0.04642416439537476,209,4.0,20
EUW1,PC2,18.0,0.04541883103700902,209,4.0,20
EUW1,PC2,18.1,0.0444099051260979,209,4.0,20
EUW1,PC2,18.2,0.04339872222695002,209,4.0,20
EUW1,PC2,18.3,0.04238664309287603,209,4.0,20
EUW1,PC2,18.400000000000002,0.04137505183658216,209,4.0,20
EUW1,PC2,18.5,0.04036535371453047,209,4.0,20
EUW1,PC2,18.6,0.039358972477005094,209,4.0,20
EUW1,PC2,18.7,0.038357347243802,209,4.0,20
EUW1,PC2,18.8,0.037361928876988096,209,4.0,20
EUW1,PC2,18.900000000000002,0.03637417583654265,209,4.0,20
EUW1,PC2,19.0,0.035395549521234804,209,4.0,20
EUW1,PC2,19.1,0.03442750911503603,209,4.0,20
EUW1,PC2,19.200000000000003,0.03347150597786449,209,4.0,20
EUW1,PC2,19.3,0.03252897763763276,209,4.0,20
EUW1,PC2,19.400000000000002,0.03160134145756095,209,4.0,20
EUW1,PC2,19.5,0.030689988067712587,209,4.0,20
EUW1,PC2,19.6,0.029796274661999966,209,4.0,20
EUW1,PC2,19.700000000000003,0.028921518270909538,209,4.0,20
EUW1,PC2,19.8,0.02806698912547582,209,4.0,20
EUW1,PC2,19.900000000000002,0.027233904229336872,209,4.0,20
EUW1,PC2,20.0,0.026423421252950878,209,4.0,20
EUW1,PC2,20.1,0.025636632857348168,209,4.0,20
EUW1,PC2,20.200000000000003,0.024874561544415627,209,4.0,20
EUW1,PC2,20.3,0.024138155117092015,209,4.0,20
EUW1,PC2,20.400000000000002,0.023428282816563204,209,4.0,20
EUW1,PC2,20.5,0.022745732185258768,209,4.0,20
EUW1,PC2,20.6,0.022091206684907175,209,4.0,20
EUW1,PC2,20.700000000000003,0.021465324078893906,209,4.0,20
EUW1,PC2,20.8,0.02086861556846062,209,4.0,20
EUW1,PC2,20.900000000000002,0.02030152565364085,209,4.0,20
EUW1,PC2,21.0,0.01976441267293308,209,4.0,20
EUW1,PC2,21.1,0.019257549961156917,209,4.0,20
EUW1,PC2,21.200000000000003,0.01878112755321107,209,4.0,20
EUW1,PC2,21.3,0.018335254352895073,209,4.0,20
EUW1,PC2,21.400000000000002,0.017919960680791727,209,4.0,20
EUW1,PC2,21.5,0.017535201113493305,209,4.0,20
EUW1,PC2,21.6,0.017180857528127813,209,4.0,20
EUW1,PC2,21.700000000000003,0.016856742270994134,209,4.0,20
EUW1,PC2,21.8,0.016562601376827482,209,4.0,20
EUW1,PC2,21.900000000000002,0.01629811777536906,209,4.0,20
EUW1,PC2,22.0,0.016062914434006034,209,4.0,20
EUW1,PC2,22.1,0.0158565573987243,209,4.0,20
EUW1,PC2,22.200000000000003,0.015678558709892668,209,4.0,20
EUW1,PC2,22.3,0.015528379183876137,209,4.0,20
EUW1,PC2,22.400000000000002,0.015405431065581997,209,4.0,20
EUW1,PC2,22.5,0.015309080570230638,209,4.0,20
EUW1,PC2,22.6,0.015238650344426112,209,4.0,20
EUW1,PC2,22.700000000000003,0.01519342188656002,209,4.0,20
EUW1,PC2,22.8,0.015172637974375578,209,4.0,20
EUW1,PC2,22.900000000000002,0.015175505152896724,209,4.0,20
EUW1,PC2,23.0,0.015201196338726542,209,4.0,20
EUW1,PC2,23.1,0.015248853596872088,209,4.0,20
EUW1,PC2,23.200000000000003,0.015317591143775433,209,4.0,20
EUW1,PC2,23.3,0.015406498625224151,209,4.0,20
EUW1,PC2,23.400000000000002,0.015514644710452531,209,4.0,20
EUW1,PC2,23.5,0.01564108103426616,209,4.0,20
EUW1,PC2,23.6,0.015784846507721308,209,4.0,20
EUW1,PC2,23.700000000000003,0.015944972005102254,209,4.0,20
EUW1,PC2,23.8,0.016120485421036407,209,4.0,20
EUW1,PC2,23.900000000000002,0.016310417076960352,209,4.0,20
JP1,PC1,0.0,0.04363123193705904,717,4.0,20
JP1,PC1,0.1,0.043124057546874144,717,4.0,20
JP1,PC1,0.2,0.04262317294280531,717,4.0,20
JP1,PC1,0.30000000000000004,0.04213086679004467,717,4.0,20
JP1,PC1,0.4,0.04164938899622976,717,4.0,20
JP1,PC1,0.5,0.041180937524720906,717,4.0,20
JP1,PC1,0.6000000000000001,0.04072764521879881,717,4.0,20
JP1,PC1,0.7000000000000001,0.04029156685015107,717,4.0,20
JP1,PC1,0.8,0.039874666609334725,717,4.0,20
JP1,PC1,0.9,0.03947880625378365,717,4.0,20
JP1,PC1,1.0,0.03910573412031399,717,4.0,20
JP1,PC1,1.1,0.03875707519414091,717,4.0,20
JP1,PC1,1.2000000000000002,0.03843432240556102,717,4.0,20
JP1,PC1,1.3,0.03813882929931378,717,4.0,20
JP1,PC1,1.4000000000000001,0.037871804191042864,717,4.0,20
JP1,PC1,1.5,0.03763430589124475,717,4.0,20
JP1,PC1,1.6,0.03742724104075498,717,4.0,20
JP1,PC1,1.7000000000000002,0.037251363064408724,717,4.0,20
JP1,PC1,1.8,0.03710727271228682,717,4.0,20
JP1,PC1,1.9000000000000001,0.03699542012217005,717,4.0,20
JP1,PC1,2.0,0.03691610830365734,717,4.0,20
JP1,PC1,2.1,0.03686949791492805,717,4.0,20
JP1,PC1,2.2,0.03685561317825745,717,4.0,20
JP1,PC1,2.3000000000000003,0.0368743487608476,717,4.0,20
JP1,PC1,2.4000000000000004,0.03692547743381429,717,4.0,20
JP1,PC1,2.5,0.03700865831453599,717,4.0,20
JP1,PC1,2.6,0.03712344549604614,717,4.0,20
JP1,PC1,2.7,0.037269296871515846,717,4.0,20
JP1,PC1,2.8000000000000003,0.0374455829716927,717,4.0,20
JP1,PC1,2.9000000000000004,0.03765159564779558,717,4.0,20
JP1,PC1,3.0,0.03788655645101442,717,4.0,20
JP1,PC1,3.1,0.03814962458150507,717,4.0,20
JP1,PC1,3.2,0.038439904303598234,717,4.0,20
JP1,PC1,3.3000000000000003,0.03875645174882355,717,4.0,20
JP1,PC1,3.4000000000000004,0.03909828105326281,717,4.0,20
JP1,PC1,3.5,0.039464369799728026,717,4.0,20
JP1,PC1,3.6,0.039853663757448886,717,4.0,20
JP1,PC1,3.7,0.04026508093161715,717,4.0,20
JP1,PC1,3.8000000000000003,0.040697514951708084,717,4.0,20
JP1,PC1,3.9000000000000004,0.041149837840587476,717,4.0,20
JP1,PC1,4.0,0.04162090221581714,717,4.0,20
JP1,PC1,4.1000000000000005,0.04210954298027918,717,4.0,20
JP1,PC1,4.2,0.04261457856141582,717,4.0,20
JP1,PC1,4.3,0.043134811757359975,717,4.0,20
JP1,PC1,4.4,0.04366903024448115,717,4.0,20
JP1,PC1,4.5,0.044216006794977454,717,4.0,20
JP1,PC1,4.6000000000000005,0.04477449924576739,717,4.0,20
JP1,PC1,4.7,0.04534325025178087,717,4.0,20
JP1,PC1,4.800000000000001,0.04592098684853216,717,4.0,20
JP1,PC1,4.9,0.04650641984126577,717,4.0,20
JP1,PC1,5.0,0.04709824303162787,717,4.0,20
JP1,PC1,5.1000000000000005,0.04769513228827461,717,4.0,20
JP1,PC1,5.2,0.04829574446551613,717,4.0,20
JP1,PC1,5.300000000000001,0.048898716174313864,717,4.0,20
JP1,PC1,5.4,0.04950266241286016,717,4.0,20
JP1,PC1,5.5,0.050106175069589365,717,4.0,20
JP1,PC1,5.6000000000000005,0.05070782131965857,717,4.0,20
JP1,PC1,5.7,0.05130614194642021,717,4.0,20
JP1,PC1,5.800000000000001,0.05189964963177163,717,4.0,20
JP1,PC1,5.9,0.05248682727297871,717,4.0,20
JP1,PC1,6.0,0.0530661263980032,717,4.0,20
JP1,PC1,6.1000000000000005,0.053635965765806384,717,4.0,20
JP1,PC1,6.2,0.05419473025180245,717,4.0,20
JP1,PC1,6.300000000000001,0.054740770130809996,717,4.0,20
JP1,PC1,6.4,0.055272400879727214,717,4.0,20
JP1,PC1,6.5,0.05578790362900115,717,4.0,20
JP1,PC1,6.6000000000000005,0.056285526395101954,717,4.0,20
JP1,PC1,6.7,0.056763486225078534,717,4.0,20
JP1,PC1,6.800000000000001,0.05721997237841308,717,4.0,20
JP1,PC1,6.9,0.05765315066050761,717,4.0,20
JP1,PC1,7.0,0.058061169006095856,717,4.0,20
JP1,PC1,7.1000000000000005,0.05844216438973168,717,4.0,20
JP1,PC1,7.2,0.05879427111451217,717,4.0,20
JP1,PC1,7.300000000000001,0.05911563049979785,717,4.0,20
JP1,PC1,7.4,0.059404401954540394,717,4.0,20
JP1,PC1,7.5,0.05965877538574926,717,4.0,20
JP1,PC1,7.6000000000000005,0.059876984852617644,717,4.0,20
JP1,PC1,7.7,0.06005732333701754,717,4.0,20
JP1,PC1,7.800000000000001,0.06019815846170101,717,4.0,20
JP1,PC1,7.9,0.060297948949906956,717,4.0,20
JP1,PC1,8.0,0.060355261585487596,717,4.0,20
JP1,PC1,8.1,0.06036878840241886,717,4.0,20
JP1,PC1,8.200000000000001,0.06033736380784408,717,4.0,20
JP1,PC1,8.3,0.06025998132469129,717,4.0,20
JP1,PC1,8.4,0.060135809629283644,717,4.0,20
JP1,PC1,8.5,0.05996420755690258,717,4.0,20
JP1,PC1,8.6,0.05974473775436905,717,4.0,20
JP1,PC1,8.700000000000001,0.05947717867351285,717,4.0,20
JP1,PC1,8.8,0.0591615346227351,717,4.0,20
JP1,PC1,8.9,0.05879804362527099,717,4.0,20
JP1,PC1,9.0,0.05838718287147811,717,4.0,20
JP1,PC1,9.1,0.057929671597489116,717,4.0,20
JP1,PC1,9.200000000000001,0.05742647127262847,717,4.0,20
JP1,PC1,9.3,0.056878783031662446,717,4.0,20
JP1,PC1,9.4,0.05628804234365584,717,4.0,20
JP1,PC1,9.5,0.0556559109653011,717,4.0,20
JP1,PC1,9.600000000000001,0.05498426628140338,717,4.0,20
JP1,PC1,9.700000000000001,0.05427518818714185,717,4.0,20
JP1,PC1,9.8,0.053530943714286405,717,4.0,20
JP1,PC1,9.9,0.05275396964541038,717,4.0,20
JP1,PC1,10.0,0.051946853395201234,717,4.0,20
JP1,PC1,10.100000000000001,0.05111231246539212,717,4.0,20
JP1,PC1,10.200000000000001,0.05025317279907187,717,4.0,20
JP1,PC1,10.3,0.049372346370930506,717,4.0,20
JP1,PC1,10.4,0.04847280835242663,717,4.0,20
JP1,PC1,10.5,0.04755757418527482,717,4.0,20
JP1,PC1,10.600000000000001,0.04662967688366947,717,4.0,20
JP1,PC1,10.700000000000001,0.04569214486614119,717,4.0,20
JP1,PC1,10.8,0.044747980592918575,717,4.0,20
JP1,PC1,10.9,0.04380014025531453,717,4.0,20
JP1,PC1,11.0,0.042851514731208906,717,4.0,20
JP1,PC1,11.100000000000001,0.041904911986414384,717,4.0,20
JP1,PC1,11.200000000000001,0.040963041066801265,717,4.0,20
JP1,PC1,11.3,0.04002849779162626,717,4.0,20
JP1,PC1,11.4,0.03910375222554048,717,4.0,20
JP1,PC1,11.5,0.038191137976028064,717,4.0,20
JP1,PC1,11.600000000000001,0.03729284333514994,717,4.0,20
JP1,PC1,11.700000000000001,0.03641090425981527,717,4.0,20
JP1,PC1,11.8,0.03554719916354731,717,4.0,20
JP1,PC1,11.9,0.03470344547482302,717,4.0,20
JP1,PC1,12.0,0.03388119790234272,717,4.0,20
JP1,PC1,12.100000000000001,0.03308184833568056,717,4.0,20
JP1,PC1,12.200000000000001,0.03230662730023076,717,4.0,20
JP1,PC1,12.3,0.03155660687768387,717,4.0,20
JP1,PC1,12.4,0.03083270499691624,717,4.0,20
JP1,PC1,12.5,0.03013569099464938,717,4.0,20
JP1,PC1,12.600000000000001,0.029466192340094913,717,4.0,20
JP1,PC1,12.700000000000001,0.028824702412698723,717,4.0,20
JP1,PC1,12.8,0.028211589216808688,717,4.0,20
JP1,PC1,12.9,0.02762710491151546,717,4.0,20
JP1,PC1,13.0,0.027071396028096165,717,4.0,20
JP1,PC1,13.100000000000001,0.026544514241591287,717,4.0,20
JP1,PC1,13.200000000000001,0.026046427557347457,717,4.0,20
JP1,PC1,13.3,0.025577031768230434,717,4.0,20
JP1,PC1,13.4,0.025136162034082532,717,4.0,20
JP1,PC1,13.5,0.024723604432320797,717,4.0,20
JP1,PC1,13.600000000000001,0.024339107327788136,717,4.0,20
JP1,PC1,13.700000000000001,0.023982392411479984,717,4.0,20
JP1,PC1,13.8,0.023653165261891304,717,4.0,20
JP1,PC1,13.9,0.02335112528968237,717,4.0,20
JP1,PC1,14.0,0.023075974936234134,717,4.0,20
JP1,PC1,14.100000000000001,0.022827428009410924,717,4.0,20
JP1,PC1,14.200000000000001,0.022605217055277384,717,4.0,20
JP1,PC1,14.3,0.022409099682302463,717,4.0,20
JP1,PC1,14.4,0.022238863774269858,717,4.0,20
JP1,PC1,14.5,0.022094331549144926,717,4.0,20
JP1,PC1,14.600000000000001,0.021975362442882177,717,4.0,20
JP1,PC1,14.700000000000001,0.021881854818909096,717,4.0,20
JP1,PC1,14.8,0.021813746525089127,717,4.0,20
JP1,PC1,14.9,0.02177101433966734,717,4.0,20
JP1,PC1,15.0,0.021753672365408646,717,4.0,20
JP1,PC1,15.100000000000001,0.02176176944630739,717,4.0,20
JP1,PC1,15.200000000000001,0.021795385693448206,717,4.0,20
JP1,PC1,15.3,0.021854628215532444,717,4.0,20
JP1,PC1,15.4,0.021939626155103916,717,4.0,20
JP1,PC1,15.5,0.022050525133616324,717,4.0,20
JP1,PC1,15.600000000000001,0.02218748120734527,717,4.0,20
JP1,PC1,15.700000000000001,0.02235065443206776,717,4.0,20
JP1,PC1,15.8,0.022540202127854733,717,4.0,20
JP1,PC1,15.9,0.022756271926800523,717,4.0,20
JP1,PC1,16.0,0.022998994676686434,717,4.0,20
JP1,PC1,16.1,0.02326847726313753,717,4.0,20
JP1,PC1,16.2,0.023564795402494867,717,4.0,20
JP1,PC1,16.3,0.023887986448088497,717,4.0,20
JP1,PC1,16.400000000000002,0.024238042244505504,717,4.0,20
JP1,PC1,16.5,0.024614902058366573,717,4.0,20
JP1,PC1,16.6,0.025018445610498753,717,4.0,20
JP1,PC1,16.7,0.025448486233527037,717,4.0,20
JP1,PC1,16.8,0.0259047641809493,717,4.0,20
JP1,PC1,16.900000000000002,0.026386940118671286,717,4.0,20
JP1,PC1,17.0,0.026894588837556185,717,4.0,20
JP1,PC1,17.1,0.027427193235394335,717,4.0,20
JP1,PC1,17.2,0.02798413862827466,717,4.0,20
JP1,PC1,17.3,0.02856470746394594,717,4.0,20
JP1,PC1,17.400000000000002,0.02916807452258518,717,4.0,20
JP1,PC1,17.5,0.029793302702559595,717,4.0,20
JP1,PC1,17.6,0.030439339499358228,717,4.0,20
JP1,PC1,17.7,0.03110501429397025,717,4.0,20
JP1,PC1,17.8,0.03178903657175633,717,4.0,20
JP1,PC1,17.900000000000002,0.032489995193548296,717,4.0,20
JP1,PC1,18.0,0.033206358836739135,717,4.0,20
JP1,PC1,18.1,0.03393647771508217,717,4.0,20
JP1,PC1,18.2,0.03467858667163193,717,4.0,20
JP1,PC1,18.3,0.035430809719792705,717,4.0,20
JP1,PC1,18.400000000000002,0.036191166083104534,717,4.0,20
JP1,PC1,18.5,0.036957577755767565,717,4.0,20
JP1,PC1,18.6,0.03772787857377121,717,4.0,20
JP1,PC1,18.7,0.03849982475187146,717,4.0,20
JP1,PC1,18.8,0.039271106805717,717,4.0,20
JP1,PC1,18.900000000000002,0.04003936274245222,717,4.0,20
JP1,PC1,19.0,0.04080219236847821,717,4.0,20
JP1,PC1,19.1,0.04155717253108012,717,4.0,20
JP1,PC1,19.200000000000003,0.042301873082620206,717,4.0,20
JP1,PC1,19.3,0.04303387333311504,717,4.0,20
JP1,PC1,19.400000000000002,0.0437507787402457,717,4.0,20
JP1,PC1,19.5,0.04445023757594891,717,4.0,20
JP1,PC1,19.6,0.04512995730619911,717,4.0,20
JP1,PC1,19.700000000000003,0.04578772042561386,717,4.0,20
JP1,PC1,19.8,0.04642139950101023,717,4.0,20
JP1,PC1,19.900000000000002,0.04702897119761041,717,4.0,20
JP1,PC1,20.0,0.04760852908757499,717,4.0,20
JP1,PC1,20.1,0.048158295072021816,717,4.0,20
JP1,PC1,20.200000000000003,0.04867662928354357,717,4.0,20
JP1,PC1,20.3,0.04916203837520439,717,4.0,20
JP1,PC1,20.400000000000002,0.049613182142703854,717,4.0,20
JP1,PC1,20.5,0.050028878467444256,717,4.0,20
JP1,PC1,20.6,0.05040810660824208,717,4.0,20
JP1,PC1,20.700000000000003,0.05075000890708127,717,4.0,20
JP1,PC1,20.8,0.05105389100843873,717,4.0,20
JP1,PC1,20.900000000000002,0.05131922072131042,717,4.0,20
JP1,PC1,21.0,0.05154562567732001,717,4.0,20
JP1,PC1,21.1,0.051732889956615014,717,4.0,20
JP1,PC1,21.200000000000003,0.05188094986528772,717,4.0,20
JP1,PC1,21.3,0.051989889053678094,717,4.0,20
JP1,PC1,21.400000000000002,0.05205993316421574,717,4.0,20
JP1,PC1,21.5,0.05209144419074231,717,4.0,20
JP1,PC1,21.6,0.052084914719001556,717,4.0,20
JP1,PC1,21.700000000000003,0.05204096220082625,717,4.0,20
JP1,PC1,21.8,0.05196032339324056,717,4.0,20
JP1,PC1,21.900000000000002,0.05184384906907588,717,4.0,20
JP1,PC1,22.0,0.05169249907866447,717,4.0,20
JP1,PC1,22.1,0.05150733781365854,717,4.0,20
JP1,PC1,22.200000000000003,0.05128953009494794,717,4.0,20
JP1,PC1,22.3,0.05104033747792807,717,4.0,20
JP1,PC1,22.400000000000002,0.05076111494086494,717,4.0,20
JP1,PC1,22.5,0.050453307896627206,717,4.0,20
JP1,PC1,22.6,0.05011844944533907,717,4.0,20
JP1,PC1,22.700000000000003,0.04975815776621088,717,4.0,20
JP1,PC1,22.8,0.04937413353148022,717,4.0,20
JP1,PC1,22.900000000000002,0.04896815721450491,717,4.0,20
JP1,PC1,23.0,0.048542086157933984,717,4.0,20
JP1,PC1,23.1,0.0480978512667657,717,4.0,20
JP1,PC1,23.200000000000003,0.047637453195080795,717,4.0,20
JP1,PC1,23.3,0.047162957904276055,717,4.0,20
JP1,PC1,23.400000000000002,0.04667649148453669,717,4.0,20
JP1,PC1,23.5,0.04618023414975856,717,4.0,20
JP1,PC1,23.6,0.045676413338693114,717,4.0,20
JP1,PC1,23.700000000000003,0.04516729588114212,717,4.0,20
JP1,PC1,23.8,0.04465517921683605,717,4.0,20
JP1,PC1,23.900000000000002,0.04414238168534603,717,4.0,20
JP1,PC2,0.0,0.037613806827059636,765,4.0,20
JP1,PC2,0.1,0.03700184926807315,765,4.0,20
JP1,PC2,0.2,0.036408387882820976,765,4.0,20
JP1,PC2,0.30000000000000004,0.03583416975696794,765,4.0,20
JP1,PC2,0.4,0.035279820505235295,765,4.0,20
JP1,PC2,0.5,0.034745856508497625,765,4.0,20
JP1,PC2,0.6000000000000001,0.034232698217160316,765,4.0,20
JP1,PC2,0.7000000000000001,0.03374068423397059,765,4.0,20
JP1,PC2,0.8,0.03327008587747418,765,4.0,20
JP1,PC2,0.9,0.03282112192178303,765,4.0,20
JP1,PC2,1.0,0.03239397320924239,765,4.0,20
JP1,PC2,1.1,0.03198879683987033,765,4.0,20
JP1,PC2,1.2000000000000002,0.03160573965481226,765,4.0,20
JP1,PC2,1.3,0.031244950750076654,765,4.0,20
JP1,PC2,1.4000000000000001,0.030906592780927403,765,4.0,20
JP1,PC2,1.5,0.030590851845824996,765,4.0,20
JP1,PC2,1.6,0.03029794577097063,765,4.0,20
JP1,PC2,1.7000000000000002,0.030028130651497405,765,4.0,20
JP1,PC2,1.8,0.029781705542322973,765,4.0,20
JP1,PC2,1.9000000000000001,0.02955901522978589,765,4.0,20
JP1,PC2,2.0,0.029360451053607312,765,4.0,20
JP1,PC2,2.1,0.029186449786674718,765,4.0,20
JP1,PC2,2.2,0.029037490616915306,765,4.0,20
JP1,PC2,2.3000000000000003,0.028914090310468987,765,4.0,20
JP1,PC2,2.4000000000000004,0.02881679666791852,765,4.0,20
JP1,PC2,2.5,0.028746180415005766,765,4.0,20
JP1,PC2,2.6,0.02870282569566017,765,4.0,20
JP1,PC2,2.7,0.028687319357970323,765,4.0,20
JP1,PC2,2.8000000000000003,0.028700239242701583,765,4.0,20
JP1,PC2,2.9000000000000004,0.02874214169893056,765,4.0,20
JP1,PC2,3.0,0.02881354856222509,765,4.0,20
JP1,PC2,3.1,0.028914933837498397,765,4.0,20
JP1,PC2,3.2,0.02904671033121642,765,4.0,20
JP1,PC2,3.3000000000000003,0.029209216476095395,765,4.0,20
JP1,PC2,3.4000000000000004,0.029402703585901354,765,4.0,20
JP1,PC2,3.5,0.02962732376860937,765,4.0,20
JP1,PC2,3.6,0.0298831187132031,765,4.0,20
JP1,PC2,3.7,0.030170009549045716,765,4.0,20
JP1,PC2,3.8000000000000003,0.03048778795733271,765,4.0,20
JP1,PC2,3.9000000000000004,0.03083610869199121,765,4.0,20
JP1,PC2,4.0,0.03121448364291103,765,4.0,20
JP1,PC2,4.1000000000000005,0.03162227754800949,765,4.0,20
JP1,PC2,4.2,0.03205870543281083,765,4.0,20
JP1,PC2,4.3,0.032522831827450256,765,4.0,20
JP1,PC2,4.4,0.033013571781798645,765,4.0,20
JP1,PC2,4.5,0.03352969367025759,765,4.0,20
JP1,PC2,4.6000000000000005,0.03406982374919693,765,4.0,20
JP1,PC2,4.7,0.03463245240248414,765,4.0,20
JP1,PC2,4.800000000000001,0.0352159419845391,765,4.0,20
JP1,PC2,4.9,0.0358185361462532,765,4.0,20
JP1,PC2,5.0,0.03643837050730266,765,4.0,20
JP1,PC2,5.1000000000000005,0.03707348451917428,765,4.0,20
JP1,PC2,5.2,0.03772183434686043,765,4.0,20
JP1,PC2,5.300000000000001,0.03838130658386553,765,4.0,20
JP1,PC2,5.4,0.03904973260503501,765,4.0,20
JP1,PC2,5.5,0.03972490335485866,765,4.0,20
JP1,PC2,5.6000000000000005,0.04040458436534543,765,4.0,20
JP1,PC2,5.7,0.04108653079731211,765,4.0,20
JP1,PC2,5.800000000000001,0.04176850230192711,765,4.0,20
JP1,PC2,5.9,0.04244827750552025,765,4.0,20
JP1,PC2,6.0,0.043123667929905,765,4.0,20
JP1,PC2,6.1000000000000005,0.043792531172614675,765,4.0,20
JP1,PC2,6.2,0.04445278318636531,765,4.0,20
JP1,PC2,6.300000000000001,0.04510240951452372,765,4.0,20
JP1,PC2,6.4,0.04573947535914772,765,4.0,20
JP1,PC2,6.5,0.046362134380008274,765,4.0,20
JP1,PC2,6.6000000000000005,0.0469686361465896,765,4.0,20
JP1,PC2,6.7,0.04755733219003995,765,4.0,20
JP1,PC2,6.800000000000001,0.048126680628013924,765,4.0,20
JP1,PC2,6.9,0.048675249361861156,765,4.0,20
JP1,PC2,7.0,0.04920171787219022,765,4.0,20
JP1,PC2,7.1000000000000005,0.049704877664946995,765,4.0,20
JP1,PC2,7.2,0.050183631445242766,765,4.0,20
JP1,PC2,7.300000000000001,0.05063699111968539,765,4.0,20
JP1,PC2,7.4,0.051064074749343366,765,4.0,20
JP1,PC2,7.5,0.05146410259416131,765,4.0,20
JP1,PC2,7.6000000000000005,0.051836392405141936,765,4.0,20
JP1,PC2,7.7,0.052180354132462727,765,4.0,20
JP1,PC2,7.800000000000001,0.052495484225534204,765,4.0,20
JP1,PC2,7.9,0.052781359704553284,765,4.0,20
JP1,PC2,8.0,0.0530376321821919,765,4.0,20
JP1,PC2,8.1,0.05326402200864096,765,4.0,20
JP1,PC2,8.200000000000001,0.05346031270338645,765,4.0,20
JP1,PC2,8.3,0.05362634582303989,765,4.0,20
JP1,PC2,8.4,0.05376201639662304,765,4.0,20
JP1,PC2,8.5,0.05386726903838117,765,4.0,20
JP1,PC2,8.6,0.053942094824042296,765,4.0,20
JP1,PC2,8.700000000000001,0.053986528990119964,765,4.0,20
JP1,PC2,8.8,0.05400064948811159,765,4.0,20
JP1,PC2,8.9,0.05398457639706423,765,4.0,20
JP1,PC2,9.0,0.053938472169776944,765,4.0,20
JP1,PC2,9.1,0.05386254266069856,765,4.0,20
JP1,PC2,9.200000000000001,0.053757038858147456,765,4.0,20
JP1,PC2,9.3,0.05362225922056119,765,4.0,20
JP1,PC2,9.4,0.053458552496738095,765,4.0,20
JP1,PC2,9.5,0.05326632089402767,765,4.0,20
JP1,PC2,9.600000000000001,0.053046023446610364,765,4.0,20
JP1,PC2,9.700000000000001,0.05279817942871009,765,4.0,20
JP1,PC2,9.8,0.052523371654991075,765,4.0,20
JP1,PC2,9.9,0.05222224951255428,765,4.0,20
JP1,PC2,10.0,0.05189553157577247,765,4.0,20
JP1,PC2,10.100000000000001,0.05154400766645262,765,4.0,20
JP1,PC2,10.200000000000001,0.05116854023712586,765,4.0,20
JP1,PC2,10.3,0.05077006497415204,765,4.0,20
JP1,PC2,10.4,0.0503495905391993,765,4.0,20
JP1,PC2,10.5,0.049908197391844725,765,4.0,20
JP1,PC2,10.600000000000001,0.049447035661799976,765,4.0,20
JP1,PC2,10.700000000000001,0.048967322065817824,765,4.0,20
JP1,PC2,10.8,0.048470335890885195,765,4.0,20
JP1,PC2,10.9,0.047957414091071356,765,4.0,20
JP1,PC2,11.0,0.04742994556962463,765,4.0,20
JP1,PC2,11.100000000000001,0.04688936473990388,765,4.0,20
JP1,PC2,11.200000000000001,0.04633714447787976,765,4.0,20
JP1,PC2,11.3,0.04577478859472911,765,4.0,20
JP1,PC2,11.4,0.04520382397007259,765,4.0,20
JP1,PC2,11.5,0.044625792494392184,765,4.0,20
JP1,PC2,11.600000000000001,0.04404224297296469,765,4.0,20
JP1,PC2,11.700000000000001,0.0434547231432435,765,4.0,20
JP1,PC2,11.8,0.04286477195312705,765,4.0,20
JP1,PC2,11.9,0.04227391223920264,765,4.0,20
JP1,PC2,12.0,0.041683643932190984,765,4.0,20
JP1,PC2,12.100000000000001,0.04109543790187752,765,4.0,20
JP1,PC2,12.200000000000001,0.040510730536313475,765,4.0,20
JP1,PC2,12.3,0.039930919130570064,765,4.0,20
JP1,PC2,12.4,0.039357358139437075,765,4.0,20
JP1,PC2,12.5,0.03879135632678624,765,4.0,20
JP1,PC2,12.600000000000001,0.03823417482248019,765,4.0,20
JP1,PC2,12.700000000000001,0.03768702607628046,765,4.0,20
JP1,PC2,12.8,0.03715107367773196,765,4.0,20
JP1,PC2,12.9,0.03662743299195655,765,4.0,20
JP1,PC2,13.0,0.036117172544088125,765,4.0,20
JP1,PC2,13.100000000000001,0.03562131607005802,765,4.0,20
JP1,PC2,13.200000000000001,0.03514084513884762,765,4.0,20
JP1,PC2,13.3,0.03467670224132956,765,4.0,20
JP1,PC2,13.4,0.03422979423350879,765,4.0,20
JP1,PC2,13.5,0.033800996017353487,765,4.0,20
JP1,PC2,13.600000000000001,0.033391154340409325,765,4.0,20
JP1,PC2,13.700000000000001,0.0330010915958867,765,4.0,20
JP1,PC2,13.8,0.032631609507716285,765,4.0,20
JP1,PC2,13.9,0.03228349258995232,765,4.0,20
JP1,PC2,14.0,0.03195751127660661,765,4.0,20
JP1,PC2,14.100000000000001,0.03165442462623791,765,4.0,20
JP1,PC2,14.200000000000001,0.031374982515111074,765,4.0,20
JP1,PC2,14.3,0.03111992724319346,765,4.0,20
JP1,PC2,14.4,0.030889994488397746,765,4.0,20
JP1,PC2,14.5,0.03068591355606207,765,4.0,20
JP1,PC2,14.600000000000001,0.030508406882457664,765,4.0,20
JP1,PC2,14.700000000000001,0.03035818876294745,765,4.0,20
JP1,PC2,14.8,0.030235963287139615,765,4.0,20
JP1,PC2,14.9,0.03014242147488285,765,4.0,20
JP1,PC2,15.0,0.030078237618167875,765,4.0,20
JP1,PC2,15.100000000000001,0.030044064844903563,765,4.0,20
JP1,PC2,15.200000000000001,0.030040529931124195,765,4.0,20
JP1,PC2,15.3,0.03006822739848023,765,4.0,20
JP1,PC2,15.4,0.030127712943904907,765,4.0,20
JP1,PC2,15.5,0.030219496258171868,765,4.0,20
JP1,PC2,15.600000000000001,0.030344033299698574,765,4.0,20
JP1,PC2,15.700000000000001,0.030501718099420618,765,4.0,20
JP1,PC2,15.8,0.030692874181852597,765,4.0,20
JP1,PC2,15.9,0.030917745696513368,765,4.0,20
JP1,PC2,16.0,0.03117648836264148,765,4.0,20
JP1,PC2,16.1,0.03146916033842705,765,4.0,20
JP1,PC2,16.2,0.031795713133665186,765,4.0,20
JP1,PC2,16.3,0.03215598269157689,765,4.0,20
JP1,PC2,16.400000000000002,0.03254968077129732,765,4.0,20
JP1,PC2,16.5,0.032976386766926186,765,4.0,20
JP1,PC2,16.6,0.03343554010178863,765,4.0,20
JP1,PC2,16.7,0.03392643333738634,765,4.0,20
JP1,PC2,16.8,0.0344482061351774,765,4.0,20
JP1,PC2,16.900000000000002,0.03499984020558137,765,4.0,20
JP1,PC2,17.0,0.03558015537230845,765,4.0,20
JP1,PC2,17.1,0.03618780687115448,765,4.0,20
JP1,PC2,17.2,0.03682128399077707,765,4.0,20
JP1,PC2,17.3,0.037478910148743556,765,4.0,20
JP1,PC2,17.400000000000002,0.03815884447948634,765,4.0,20
JP1,PC2,17.5,0.03885908499197551,765,4.0,20
JP1,PC2,17.6,0.039577473334268656,765,4.0,20
JP1,PC2,17.7,0.04031170118004488,765,4.0,20
JP1,PC2,17.8,0.04105931822926431,765,4.0,20
JP1,PC2,17.900000000000002,0.0418177417917388,765,4.0,20
JP1,PC2,18.0,0.042584267899214344,765,4.0,20
JP1,PC2,18.1,0.04335608386909751,765,4.0,20
JP1,PC2,18.2,0.04413028222174481,765,4.0,20
JP1,PC2,18.3,0.044903875833763415,765,4.0,20
JP1,PC2,18.400000000000002,0.04567381419246542,765,4.0,20
JP1,PC2,18.5,0.04643700060183375,765,4.0,20
JP1,PC2,18.6,0.04719031017834049,765,4.0,20
JP1,PC2,18.7,0.04793060846587643,765,4.0,20
JP1,PC2,18.8,0.048654770492956016,765,4.0,20
JP1,PC2,18.900000000000002,0.04935970009221369,765,4.0,20
JP1,PC2,19.0,0.05004234930187732,765,4.0,20
JP1,PC2,19.1,0.05069973767117594,765,4.0,20
JP1,PC2,19.200000000000003,0.05132897129623577,765,4.0,20
JP1,PC2,19.3,0.05192726141961733,765,4.0,20
JP1,PC2,19.400000000000002,0.05249194243488286,765,4.0,20
JP1,PC2,19.5,0.05302048914709688,765,4.0,20
JP1,PC2,19.6,0.05351053315058451,765,4.0,20
JP1,PC2,19.700000000000003,0.053959878196259754,765,4.0,20
JP1,PC2,19.8,0.054366514432090375,765,4.0,20
JP1,PC2,19.900000000000002,0.05472863141151943,765,4.0,20
JP1,PC2,20.0,0.055044629775720263,765,4.0,20
JP1,PC2,20.1,0.05531313152627436,765,4.0,20
JP1,PC2,20.200000000000003,0.05553298881514944,765,4.0,20
JP1,PC2,20.3,0.055703291188698614,765,4.0,20
JP1,PC2,20.400000000000002,0.055823371231836325,765,4.0,20
JP1,PC2,20.5,0.05589280856765825,765,4.0,20
JP1,PC2,20.6,0.05591143217669431,765,4.0,20
JP1,PC2,20.700000000000003,0.055879321008872405,765,4.0,20
JP1,PC2,20.8,0.05579680287031813,765,4.0,20
JP1,PC2,20.900000000000002,0.055664451576511856,765,4.0,20
JP1,PC2,21.0,0.05548308237326888,765,4.0,20
JP1,PC2,21.1,0.05525374563768181,765,4.0,20
JP1,PC2,21.200000000000003,0.05497771888272573,765,4.0,20
JP1,PC2,21.3,0.05465649710179809,765,4.0,20
JP1,PC2,21.400000000000002,0.05429178150312523,765,4.0,20
JP1,PC2,21.5,0.053885466698734286,765,4.0,20
JP1,PC2,21.6,0.05343962642852377,765,4.0,20
JP1,PC2,21.700000000000003,0.05295649791675556,765,4.0,20
JP1,PC2,21.8,0.05243846497584883,765,4.0,20
JP1,PC2,21.900000000000002,0.051888039990424704,765,4.0,20
JP1,PC2,22.0,0.05130784493279563,765,4.0,20
JP1,PC2,22.1,0.050700591579109666,765,4.0,20
JP1,PC2,22.200000000000003,0.05006906111269068,765,4.0,20
JP1,PC2,22.3,0.04941608331724007,765,4.0,20
JP1,PC2,22.400000000000002,0.048744515576945466,765,4.0,20
JP1,PC2,22.5,0.04805722191260578,765,4.0,20
JP1,PC2,22.6,0.047357052292070385,765,4.0,20
JP1,PC2,22.700000000000003,0.04664682245907262,765,4.0,20
JP1,PC2,22.8,0.04592929452641313,765,4.0,20
JP1,PC2,22.900000000000002,0.04520715857701692,765,4.0,20
JP1,PC2,23.0,0.044483015509310594,765,4.0,20
JP1,PC2,23.1,0.04375936135144398,765,4.0,20
JP1,PC2,23.200000000000003,0.04303857325203091,765,4.0,20
JP1,PC2,23.3,0.04232289733337246,765,4.0,20
JP1,PC2,23.400000000000002,0.041614438566772056,765,4.0,20
JP1,PC2,23.5,0.040915152798926185,765,4.0,20
JP1,PC2,23.6,0.04022684102399792,765,4.0,20
JP1,PC2,23.700000000000003,0.0395511459585222,765,4.0,20
JP1,PC2,23.8,0.03888955093653052,765,4.0,20
JP1,PC2,23.900000000000002,0.038243381101116906,765,4.0,20
LA1,PC1,0.0,0.05914679149881721,89,4.0,20
LA1,PC1,0.1,0.05967277945238923,89,4.0,20
LA1,PC1,0.2,0.0601680736943024,89,4.0,20
LA1,PC1,0.30000000000000004,0.060631262081049776,89,4.0,20
LA1,PC1,0.4,0.06106099049404643,89,4.0,20
LA1,PC1,0.5,0.061455964855677975,89,4.0,20
LA1,PC1,0.6000000000000001,0.06181495450877419,89,4.0,20
LA1,PC1,0.7000000000000001,0.062136796891517986,89,4.0,20
LA1,PC1,0.8,0.06242040340215644,89,4.0,20
LA1,PC1,0.9,0.06266476631428812,89,4.0,20
LA1,PC1,1.0,0.06286896657455823,89,4.0,20
LA1,PC1,1.1,0.06303218229073645,89,4.0,20
LA1,PC1,1.2000000000000002,0.06315369769967767,89,4.0,20
LA1,PC1,1.3,0.06323291239171558,89,4.0,20
LA1,PC1,1.4000000000000001,0.06326935056061574,89,4.0,20
LA1,PC1,1.5,0.06326267004619018,89,4.0,20
LA1,PC1,1.6,0.06321267093979985,89,4.0,20
LA1,PC1,1.7000000000000002,0.06311930353089923,89,4.0,20
LA1,PC1,1.8,0.06298267538506977,89,4.0,20
LA1,PC1,1.9000000000000001,0.06280305736014861,89,4.0,20
LA1,PC1,2.0,0.06258088838654069,89,4.0,20
LA1,PC1,2.1,0.062316778860029974,89,4.0,20
LA1,PC1,2.2,0.06201151251980355,89,4.0,20
LA1,PC1,2.3000000000000003,0.06166604671039472,89,4.0,20
LA1,PC1,2.4000000000000004,0.06128151095329797,89,4.0,20
LA1,PC1,2.5,0.060859203781596614,89,4.0,20
LA1,PC1,2.6,0.060400587818616305,89,4.0,20
LA1,PC1,2.7,0.0599072831089649,89,4.0,20
LA1,PC1,2.8000000000000003,0.05938105873698916,89,4.0,20
LA1,PC1,2.9000000000000004,0.058823822793375856,89,4.0,20
LA1,PC1,3.0,0.05823761077509515,89,4.0,20
LA1,PC1,3.1,0.05762457252692588,89,4.0,20
LA1,PC1,3.2,0.056986957854229595,89,4.0,20
LA1,PC1,3.3000000000000003,0.05632710095630334,89,4.0,20
LA1,PC1,3.4000000000000004,0.055647403847379893,89,4.0,20
LA1,PC1,3.5,0.054950318948012264,89,4.0,20
LA1,PC1,3.6,0.05423833104300731,89,4.0,20
LA1,PC1,3.7,0.05351393881308267,89,4.0,20
LA1,PC1,3.8000000000000003,0.05277963615581738,89,4.0,20
LA1,PC1,3.9000000000000004,0.05203789351704312,89,4.0,20
LA1,PC1,4.0,0.0512911394563729,89,4.0,20
LA1,PC1,4.1000000000000005,0.05054174266989553,89,4.0,20
LA1,PC1,4.2,0.049791994689013186,89,4.0,20
LA1,PC1,4.3,0.049044093466855766,89,4.0,20
LA1,PC1,4.4,0.04830012805263067,89,4.0,20
LA1,PC1,4.5,0.047562064539708404,89,4.0,20
LA1,PC1,4.6000000000000005,0.046831733455363594,89,4.0,20
LA1,PC1,4.7,0.04611081873915865,89,4.0,20
LA1,PC1,4.800000000000001,0.04540084843336786,89,4.0,20
LA1,PC1,4.9,0.044703187183100804,89,4.0,20
LA1,PC1,5.0,0.04401903061650381,89,4.0,20
LA1,PC1,5.1000000000000005,0.04334940164728564,89,4.0,20
LA1,PC1,5.2,0.04269514871356215,89,4.0,20
LA1,PC1,5.300000000000001,0.04205694593939543,89,4.0,20
LA1,PC1,5.4,0.04143529517913582,89,4.0,20
LA1,PC1,5.5,0.04083052988041294,89,4.0,20
LA1,PC1,5.6000000000000005,0.040242820679913,89,4.0,20
LA1,PC1,5.7,0.039672182627328086,89,4.0,20
LA1,PC1,5.800000000000001,0.0391184839173101,89,4.0,20
LA1,PC1,5.9,0.03858145599696757,89,4.0,20
LA1,PC1,6.0,0.038060704907281445,89,4.0,20
LA1,PC1,6.1000000000000005,0.037555723710491165,89,4.0,20
LA1,PC1,6.2,0.03706590585156536,89,4.0,20
LA1,PC1,6.300000000000001,0.03659055929976403,89,4.0,20
LA1,PC1,6.4,0.036128921315388814,89,4.0,20
LA1,PC1,6.5,0.035680173686462334,89,4.0,20
LA1,PC1,6.6000000000000005,0.0352434582796681,89,4.0,20
LA1,PC1,6.7,0.03481789274891065,89,4.0,20
LA1,PC1,6.800000000000001,0.03440258624295433,89,4.0,20
LA1,PC1,6.9,0.03399665495058997,89,4.0,20
LA1,PC1,7.0,0.03359923731769778,89,4.0,20
LA1,PC1,7.1000000000000005,0.03320950876568821,89,4.0,20
LA1,PC1,7.2,0.032826695735603456,89,4.0,20
LA1,PC1,7.300000000000001,0.03245008887734941,89,4.0,20
LA1,PC1,7.4,0.03207905519997105,89,4.0,20
LA1,PC1,7.5,0.03171304899756909,89,4.0,20
LA1,PC1,7.6000000000000005,0.031351621367423636,89,4.0,20
LA1,PC1,7.7,0.030994428143161223,89,4.0,20
LA1,PC1,7.800000000000001,0.030641236077302486,89,4.0,20
LA1,PC1,7.9,0.030291927125013267,89,4.0,20
LA1,PC1,8.0,0.029946500704868418,89,4.0,20
LA1,PC1,8.1,0.029605073843140286,89,4.0,20
LA1,PC1,8.200000000000001,0.029267879145416228,89,4.0,20
LA1,PC1,8.3,0.028935260582732283,89,4.0,20
LA1,PC1,8.4,0.028607667128006706,89,4.0,20
LA1,PC1,8.5,0.028285644331128037,89,4.0,20
LA1,PC1,8.6,0.02796982397602616,89,4.0,20
LA1,PC1,8.700000000000001,0.027660912018587773,89,4.0,20
LA1,PC1,8.8,0.027359675058321112,89,4.0,20
LA1,PC1,8.9,0.027066925647061042,89,4.0,20
LA1,PC1,9.0,0.02678350678254674,89,4.0,20
LA1,PC1,9.1,0.0265102759712853,89,4.0,20
LA1,PC1,9.200000000000001,0.02624808927180292,89,4.0,20
LA1,PC1,9.3,0.025997785744518973,89,4.0,20
LA1,PC1,9.4,0.02576017273675757,89,4.0,20
LA1,PC1,9.5,0.02553601241997181,89,4.0,20
LA1,PC1,9.600000000000001,0.025326009970723613,89,4.0,20
LA1,PC1,9.700000000000001,0.025130803747492842,89,4.0,20
LA1,PC1,9.8,0.024950957762683145,89,4.0,20
LA1,PC1,9.9,0.0247869566844865,89,4.0,20
LA1,PC1,10.0,0.024639203528310272,89,4.0,20
LA1,PC1,10.100000000000001,0.02450802011446422,89,4.0,20
LA1,PC1,10.200000000000001,0.024393650280341742,89,4.0,20
LA1,PC1,10.3,0.024296265744301437,89,4.0,20
LA1,PC1,10.4,0.0242159744279511,89,4.0,20
LA1,PC1,10.5,0.024152830956732773,89,4.0,20
LA1,PC1,10.600000000000001,0.02410684897874938,89,4.0,20
LA1,PC1,10.700000000000001,0.024078014871655493,89,4.0,20
LA1,PC1,10.8,0.02406630234988619,89,4.0,20
LA1,PC1,10.9,0.024071687441872776,89,4.0,20
LA1,PC1,11.0,0.02409416328107644,89,4.0,20
LA1,PC1,11.100000000000001,0.02413375414699144,89,4.0,20
LA1,PC1,11.200000000000001,0.024190528203446113,89,4.0,20
LA1,PC1,11.3,0.024264608411625317,89,4.0,20
LA1,PC1,11.4,0.02435618114364242,89,4.0,20
LA1,PC1,11.5,0.024465502087930312,89,4.0,20
LA1,PC1,11.600000000000001,0.0245928991182935,89,4.0,20
LA1,PC1,11.700000000000001,0.024738771891687855,89,4.0,20
LA1,PC1,11.8,0.02490358804269291,89,4.0,20
LA1,PC1,11.9,0.025087875951840536,89,4.0,20
LA1,PC1,12.0,0.025292214176804554,89,4.0,20
LA1,PC1,12.100000000000001,0.025517217746126853,89,4.0,20
LA1,PC1,12.200000000000001,0.02576352162082534,89,4.0,20
LA1,PC1,12.3,0.026031761726187083,89,4.0,20
LA1,PC1,12.4,0.026322554040842164,89,4.0,20
LA1,PC1,12.5,0.02663647229977597,89,4.0,20
LA1,PC1,12.600000000000001,0.026974024919709474,89,4.0,20
LA1,PC1,12.700000000000001,0.027335631787307378,89,4.0,20
LA1,PC1,12.8,0.027721601561700726,89,4.0,20
LA1,PC1,12.9,0.028132110132315723,89,4.0,20
LA1,PC1,13.0,0.028567180841243846,89,4.0,20
LA1,PC1,13.100000000000001,0.029026667027405233,89,4.0,20
LA1,PC1,13.200000000000001,0.02951023737933529,89,4.0,20
LA1,PC1,13.3,0.030017364497042134,89,4.0,20
LA1,PC1,13.4,0.03054731696413132,89,4.0,20
LA1,PC1,13.5,0.03109915512286481,89,4.0,20
LA1,PC1,13.600000000000001,0.03167173063097707,89,4.0,20
LA1,PC1,13.700000000000001,0.03226368976409792,89,4.0,20
LA1,PC1,13.8,0.03287348031578284,89,4.0,20
LA1,PC1,13.9,0.033499361842576035,89,4.0,20
LA1,PC1,14.0,0.03413941890811868,89,4.0,20
LA1,PC1,14.100000000000001,0.03479157690152622,89,4.0,20
LA1,PC1,14.200000000000001,0.03545361994399343,89,4.0,20
LA1,PC1,14.3,0.03612321035605087,89,4.0,20
LA1,PC1,14.4,0.036797909137509396,89,4.0,20
LA1,PC1,14.5,0.03747519691345503,89,4.0,20
LA1,PC1,14.600000000000001,0.038152494822367454,89,4.0,20
LA1,PC1,14.700000000000001,0.0388271848653246,89,4.0,20
LA1,PC1,14.8,0.03949662929627204,89,4.0,20
LA1,PC1,14.9,0.04015818870966638,89,4.0,20
LA1,PC1,15.0,0.040809238569988755,89,4.0,20
LA1,PC1,15.100000000000001,0.041447184023702184,89,4.0,20
LA1,PC1,15.200000000000001,0.04206947293389687,89,4.0,20
LA1,PC1,15.3,0.04267360717668177,89,4.0,20
LA1,PC1,15.4,0.04325715233192964,89,4.0,20
LA1,PC1,15.5,0.0438177459851008,89,4.0,20
LA1,PC1,15.600000000000001,0.04435310492780212,89,4.0,20
LA1,PC1,15.700000000000001,0.044861031599321664,89,4.0,20
LA1,PC1,15.8,0.04533942014717353,89,4.0,20
LA1,PC1,15.9,0.045786262500079465,89,4.0,20
LA1,PC1,16.0,0.0461996548410964,89,4.0,20
LA1,PC1,16.1,0.0465778048419802,89,4.0,20
LA1,PC1,16.2,0.04691903997348476,89,4.0,20
LA1,PC1,16.3,0.04722181714210641,89,4.0,20
LA1,PC1,16.400000000000002,0.04748473382453514,89,4.0,20
LA1,PC1,16.5,0.04770654078013965,89,4.0,20
LA1,PC1,16.6,0.04788615632304015,89,4.0,20
LA1,PC1,16.7,0.04802268203287644,89,4.0,20
LA1,PC1,16.8,0.04811541968154665,89,4.0,20
LA1,PC1,16.900000000000002,0.04816388905621294,89,4.0,20
LA1,PC1,17.0,0.04816784627075577,89,4.0,20
LA1,PC1,17.1,0.0481273020822359,89,4.0,20
LA1,PC1,17.2,0.048042539668896454,89,4.0,20
LA1,PC1,17.3,0.04791413128428306,89,4.0,20
LA1,PC1,17.400000000000002,0.047742953179940206,89,4.0,20
LA1,PC1,17.5,0.047530198187863436,89,4.0,20
LA1,PC1,17.6,0.047277385373686,89,4.0,20
LA1,PC1,17.7,0.04698636621193202,89,4.0,20
LA1,PC1,17.8,0.046659326794347075,89,4.0,20
LA1,PC1,17.900000000000002,0.046298785659447304,89,4.0,20
LA1,PC1,18.0,0.04590758692358323,89,4.0,20
LA1,PC1,18.1,0.045488888498120786,89,4.0,20
LA1,PC1,18.2,0.04504614529058545,89,4.0,20
LA1,PC1,18.3,0.0445830874063667,89,4.0,20
LA1,PC1,18.400000000000002,0.044103693488307776,89,4.0,20
LA1,PC1,18.5,0.04361215945068712,89,4.0,20
LA1,PC1,18.6,0.04311286297833833,89,4.0,20
LA1,PC1,18.7,0.04261032426776259,89,4.0,20
LA1,PC1,18.8,0.042109163582180566,89,4.0,20
LA1,PC1,18.900000000000002,0.04161405627403256,89,4.0,20
LA1,PC1,19.0,0.04112968599437963,89,4.0,20
LA1,PC1,19.1,0.04066069685736939,89,4.0,20
LA1,PC1,19.200000000000003,0.04021164535829313,89,4.0,20
LA1,PC1,19.3,0.039786952855174744,89,4.0,20
LA1,PC1,19.400000000000002,0.039390859416215014,89,4.0,20
LA1,PC1,19.5,0.03902737980918584,89,4.0,20
LA1,PC1,19.6,0.03870026236493252,89,4.0,20
LA1,PC1,19.700000000000003,0.03841295138684581,89,4.0,20
LA1,PC1,19.8,0.038168553703256114,89,4.0,20
LA1,PC1,19.900000000000002,0.03796980987227391,89,4.0,20
LA1,PC1,20.0,0.037819070451026754,89,4.0,20
LA1,PC1,20.1,0.03771827763610706,89,4.0,20
LA1,PC1,20.200000000000003,0.03766895247207074,89,4.0,20
LA1,PC1,20.3,0.03767218771279322,89,4.0,20
LA1,PC1,20.400000000000002,0.03772864630915958,89,4.0,20
LA1,PC1,20.5,0.03783856538860993,89,4.0,20
LA1,PC1,20.6,0.03800176548998245,89,4.0,20
LA1,PC1,20.700000000000003,0.038217664723170834,89,4.0,20
LA1,PC1,20.8,0.038485297439331295,89,4.0,20
LA1,PC1,20.900000000000002,0.03880333692539701,89,4.0,20
LA1,PC1,21.0,0.03917012157778196,89,4.0,20
LA1,PC1,21.1,0.03958368396529711,89,4.0,20
LA1,PC1,21.200000000000003,0.04004178216097792,89,4.0,20
LA1,PC1,21.3,0.040541932706871085,89,4.0,20
LA1,PC1,21.400000000000002,0.04108144457460589,89,4.0,20
LA1,PC1,21.5,0.04165745349720345,89,4.0,20
LA1,PC1,21.6,0.0422669560731539,89,4.0,20
LA1,PC1,21.700000000000003,0.04290684308115311,89,4.0,20
LA1,PC1,21.8,0.043573931491646165,89,4.0,20
LA1,PC1,21.900000000000002,0.04426499471790522,89,4.0,20
LA1,PC1,22.0,0.04497679071307959,89,4.0,20
LA1,PC1,22.1,0.04570608758872534,89,4.0,20
LA1,PC1,22.200000000000003,0.04644968650293727,89,4.0,20
LA1,PC1,22.3,0.04720444164057809,89,4.0,20
LA1,PC1,22.400000000000002,0.04796727718247301,89,4.0,20
LA1,PC1,22.5,0.04873520123315477,89,4.0,20
LA1,PC1,22.6,0.04950531674625354,89,4.0,20
LA1,PC1,22.700000000000003,0.050274829551515646,89,4.0,20
LA1,PC1,22.8,0.05104105364647323,89,4.0,20
LA1,PC1,22.900000000000002,0.051801413967894595,89,4.0,20
LA1,PC1,23.0,0.05255344690247158,89,4.0,20
LA1,PC1,23.1,0.0532947988320803,89,4.0,20
LA1,PC1,23.200000000000003,0.05402322303593885,89,4.0,20
LA1,PC1,23.3,0.05473657528985856,89,4.0,20
LA1,PC1,23.400000000000002,0.05543280851152656,89,4.0,20
LA1,PC1,23.5,0.05610996680056623,89,4.0,20
LA1,PC1,23.6,0.05676617921339822,89,4.0,20
LA1,PC1,23.700000000000003,0.05739965359624454,89,4.0,20
LA1,PC1,23.8,0.05800867077573872,89,4.0,20
LA1,PC1,23.900000000000002,0.058591579376410574,89,4.0,20
LA1,PC2,0.0,0.034710957467403276,34,4.0,20
LA1,PC2,0.1,0.03457597264780048,34,4.0,20
LA1,PC2,0.2,0.034427243696603854,34,4.0,20
LA1,PC2,0.30000000000000004,0.03426334049304758,34,4.0,20
LA1,PC2,0.4,0.03408307505523095,34,4.0,20
LA1,PC2,0.5,0.033885525586485526,34,4.0,20
LA1,PC2,0.6000000000000001,0.03367005643408365,34,4.0,20
LA1,PC2,0.7000000000000001,0.0334363336703793,34,4.0,20
LA1,PC2,0.8,0.033184336091869854,34,4.0,20
LA1,PC2,0.9,0.03291436152059583,34,4.0,20
LA1,PC2,1.0,0.032627028382144554,34,4.0,20
LA1,PC2,1.1,0.032323272622623904,34,4.0,20
LA1,PC2,1.2000000000000002,0.03200434011072674,34,4.0,20
LA1,PC2,1.3,0.031671774747996664,34,4.0,20
LA1,PC2,1.4000000000000001,0.03132740257851141,34,4.0,20
LA1,PC2,1.5,0.030973312246683208,34,4.0,20
LA1,PC2,1.6,0.030611832197467312,34,4.0,20
LA1,PC2,1.7000000000000002,0.030245505046208834,34,4.0,20
LA1,PC2,1.8,0.029877059565425145,34,4.0,20
LA1,PC2,1.9000000000000001,0.02950938074333279,34,4.0,20
LA1,PC2,2.0,0.02914547836470523,34,4.0,20
LA1,PC2,2.1,0.02878845454996689,34,4.0,20
LA1,PC2,2.2,0.028441470664940245,34,4.0,20
LA1,PC2,2.3000000000000003,0.02810771398330197,34,4.0,20
LA1,PC2,2.4000000000000004,0.027790364448683658,34,4.0,20
LA1,PC2,2.5,0.02749256184565389,34,4.0,20
LA1,PC2,2.6,0.02721737365067812,34,4.0,20
LA1,PC2,2.7,0.026967763797559236,34,4.0,20
LA1,PC2,2.8000000000000003,0.026746562558558732,34,4.0,20
LA1,PC2,2.9000000000000004,0.026556437713809646,34,4.0,20
LA1,PC2,3.0,0.026399867158796834,34,4.0,20
LA1,PC2,3.1,0.026279113083220066,34,4.0,20
LA1,PC2,3.2,0.026196197844654177,34,4.0,20
LA1,PC2,3.3000000000000003,0.02615288165683532,34,4.0,20
LA1,PC2,3.4000000000000004,0.026150642214487447,34,4.0,20
LA1,PC2,3.5,0.026190656383358043,34,4.0,20
LA1,PC2,3.6,0.026273784094264493,34,4.0,20
LA1,PC2,3.7,0.026400554591948146,34,4.0,20
LA1,PC2,3.8000000000000003,0.02657115520174164,34,4.0,20
LA1,PC2,3.9000000000000004,0.026785422787770404,34,4.0,20
LA1,PC2,4.0,0.02704283808395619,34,4.0,20
LA1,PC2,4.1000000000000005,0.02734252308190493,34,4.0,20
LA1,PC2,4.2,0.027683241656460307,34,4.0,20
LA1,PC2,4.3,0.028063403599155778,34,4.0,20
LA1,PC2,4.4,0.028481072211162695,34,4.0,20
LA1,PC2,4.5,0.02893397558011624,34,4.0,20
LA1,PC2,4.6000000000000005,0.029419521629266948,34,4.0,20
LA1,PC2,4.7,0.029934816982997776,34,4.0,20
LA1,PC2,4.800000000000001,0.030476689640480864,34,4.0,20
LA1,PC2,4.9,0.03104171539010013,34,4.0,20
LA1,PC2,5.0,0.031626247832546764,34,4.0,20
LA1,PC2,5.1000000000000005,0.03222645181180696,34,4.0,20
LA1,PC2,5.2,0.032838339982455764,34,4.0,20
LA1,PC2,5.300000000000001,0.033457812170783606,34,4.0,20
LA1,PC2,5.4,0.03408069711846837,34,4.0,20
LA1,PC2,5.5,0.034702796132972,34,4.0,20
LA1,PC2,5.6000000000000005,0.035319928110757674,34,4.0,20
LA1,PC2,5.7,0.0359279753498564,34,4.0,20
LA1,PC2,5.800000000000001,0.03652292952913802,34,4.0,20
LA1,PC2,5.9,0.037100937204468824,34,4.0,20
LA1,PC2,6.0,0.03765834415804927,34,4.0,20
LA1,PC2,6.1000000000000005,0.038191737937504584,34,4.0,20
LA1,PC2,6.2,0.03869798793620047,34,4.0,20
LA1,PC2,6.300000000000001,0.039174282395755405,34,4.0,20
LA1,PC2,6.4,0.03961816175532212,34,4.0,20
LA1,PC2,6.5,0.04002754782894398,34,4.0,20
LA1,PC2,6.6000000000000005,0.040400768360738915,34,4.0,20
LA1,PC2,6.7,0.040736576586012985,34,4.0,20
LA1,PC2,6.800000000000001,0.04103416551251233,34,4.0,20
LA1,PC2,6.9,0.04129317672749233,34,4.0,20
LA1,PC2,7.0,0.0415137036305679,34,4.0,20
LA1,PC2,7.1000000000000005,0.04169628908680417,34,4.0,20
LA1,PC2,7.2,0.04184191758666276,34,4.0,20
LA1,PC2,7.300000000000001,0.04195200208683266,34,4.0,20
LA1,PC2,7.4,0.04202836578649545,34,4.0,20
LA1,PC2,7.5,0.042073219165375174,34,4.0,20
LA1,PC2,7.6000000000000005,0.0420891326715716,34,4.0,20
LA1,PC2,7.7,0.04207900549767404,34,4.0,20
LA1,PC2,7.800000000000001,0.042046030922466233,34,4.0,20
LA1,PC2,7.9,0.041993658722579805,34,4.0,20
LA1,PC2,8.0,0.04192555517409685,34,4.0,20
LA1,PC2,8.1,0.04184556116908905,34,4.0,20
LA1,PC2,8.200000000000001,0.04175764896750187,34,4.0,20
LA1,PC2,8.3,0.04166587809199073,34,4.0,20
LA1,PC2,8.4,0.04157435085381987,34,4.0,20
LA1,PC2,8.5,0.04148716797335625,34,4.0,20
LA1,PC2,8.6,0.04140838473065407,34,4.0,20
LA1,PC2,8.700000000000001,0.041341968051673755,34,4.0,20
LA1,PC2,8.8,0.0412917549052075,34,4.0,20
LA1,PC2,8.9,0.04126141235578014,34,4.0,20
LA1,PC2,9.0,0.04125439958959118,34,4.0,20
LA1,PC2,9.1,0.04127393220460696,34,4.0,20
LA1,PC2,9.200000000000001,0.04132294903255476,34,4.0,20
LA1,PC2,9.3,0.04140408173986365,34,4.0,20
LA1,PC2,9.4,0.04151962743632257,34,4.0,20
LA1,PC2,9.5,0.041671524503908784,34,4.0,20
LA1,PC2,9.600000000000001,0.04186133184321212,34,4.0,20
LA1,PC2,9.700000000000001,0.042090211720306185,34,4.0,20
LA1,PC2,9.8,0.04235891638187024,34,4.0,20
LA1,PC2,9.9,0.042667778589871135,34,4.0,20
LA1,PC2,10.0,0.04301670620821563,34,4.0,20
LA1,PC2,10.100000000000001,0.04340518095159411,34,4.0,20
LA1,PC2,10.200000000000001,0.0438322613804919,34,4.0,20
LA1,PC2,10.3,0.044296590195446565,34,4.0,20
LA1,PC2,10.4,0.04479640584768523,34,4.0,20
LA1,PC2,10.5,0.045329558442123476,34,4.0,20
LA1,PC2,10.600000000000001,0.04589352986243972,34,4.0,20
LA1,PC2,10.700000000000001,0.04648545799690896,34,4.0,20
LA1,PC2,10.8,0.04710216488850912,34,4.0,20
LA1,PC2,10.9,0.047740188574374474,34,4.0,20
LA1,PC2,11.0,0.048395818319082906,34,4.0,20
LA1,PC2,11.100000000000001,0.04906513288485608,34,4.0,20
LA1,PC2,11.200000000000001,0.04974404142104237,34,4.0,20
LA1,PC2,11.3,0.05042832649690437,34,4.0,20
LA1,PC2,11.4,0.051113688747510225,34,4.0,20
LA1,PC2,11.5,0.05179579255425112,34,4.0,20
LA1,PC2,11.600000000000001,0.052470312140994076,34,4.0,20
LA1,PC2,11.700000000000001,0.053132977435890294,34,4.0,20
LA1,PC2,11.8,0.05377961902903887,34,4.0,20
LA1,PC2,11.9,0.054406211549018466,34,4.0,20
LA1,PC2,12.0,0.055008914787969994,34,4.0,20
LA1,PC2,12.100000000000001,0.05558411192636432,34,4.0,20
LA1,PC2,12.200000000000001,0.056128444245385406,34,4.0,20
LA1,PC2,12.3,0.05663884176715773,34,4.0,20
LA1,PC2,12.4,0.057112549330543924,34,4.0,20
LA1,PC2,12.5,0.05754714769215539,34,4.0,20
LA1,PC2,12.600000000000001,0.05794056933725353,34,4.0,20
LA1,PC2,12.700000000000001,0.05829110879157608,34,4.0,20
LA1,PC2,12.8,0.058597427340497776,34,4.0,20
LA1,PC2,12.9,0.05885855218357005,34,4.0,20
LA1,PC2,13.0,0.059073870177216894,34,4.0,20
LA1,PC2,13.100000000000001,0.05924311644270866,34,4.0,20
LA1,PC2,13.200000000000001,0.059366358236780374,34,4.0,20
LA1,PC2,13.3,0.059443974594593406,34,4.0,20
LA1,PC2,13.4,0.05947663235537421,34,4.0,20
LA1,PC2,13.5,0.05946525926639198,34,4.0,20
LA1,PC2,13.600000000000001,0.05941101492767684,34,4.0,20
LA1,PC2,13.700000000000001,0.05931526038522342,34,4.0,20
LA1,PC2,13.8,0.0591795272021754,34,4.0,20
LA1,PC2,13.9,0.05900548683419031,34,4.0,20
LA1,PC2,14.0,0.058794921106213774,34,4.0,20
LA1,PC2,14.100000000000001,0.05854969453353413,34,4.0,20
LA1,PC2,14.200000000000001,0.05827172915145612,34,4.0,20
LA1,PC2,14.3,0.057962982417375145,34,4.0,20
LA1,PC2,14.4,0.05762542862947946,34,4.0,20
LA1,PC2,14.5,0.05726104417158003,34,4.0,20
LA1,PC2,14.600000000000001,0.05687179674815288,34,4.0,20
LA1,PC2,14.700000000000001,0.05645963862257243,34,4.0,20
LA1,PC2,14.8,0.056026503720026585,34,4.0,20
LA1,PC2,14.9,0.0555743083101602,34,4.0,20
LA1,PC2,15.0,0.05510495484841305,34,4.0,20
LA1,PC2,15.100000000000001,0.0546203384343043,34,4.0,20
LA1,PC2,15.200000000000001,0.05412235524404987,34,4.0,20
LA1,PC2,15.3,0.053612912217659875,34,4.0,20
LA1,PC2,15.4,0.05309393722997285,34,4.0,20
LA1,PC2,15.5,0.052567388952888636,34,4.0,20
LA1,PC2,15.600000000000001,0.05203526562326231,34,4.0,20
LA1,PC2,15.700000000000001,0.05149961196733705,34,4.0,20
LA1,PC2,15.8,0.05096252359697608,34,4.0,20
LA1,PC2,15.9,0.05042614828305166,34,4.0,20
LA1,PC2,16.0,0.04989268362399399,34,4.0,20
LA1,PC2,16.1,0.04936437075875524,34,4.0,20
LA1,PC2,16.2,0.048843483918736136,34,4.0,20
LA1,PC2,16.3,0.04833231576755168,34,4.0,20
LA1,PC2,16.400000000000002,0.04783315863561994,34,4.0,20
LA1,PC2,16.5,0.04734828191311916,34,4.0,20
LA1,PC2,16.6,0.04687990601468286,34,4.0,20
LA1,PC2,16.7,0.046430173467387606,34,4.0,20
LA1,PC2,16.8,0.04600111779568541,34,4.0,20
LA1,PC2,16.900000000000002,0.0455946309790854,34,4.0,20
LA1,PC2,17.0,0.04521243033741544,34,4.0,20
LA1,PC2,17.1,0.04485602575199398,34,4.0,20
LA1,PC2,17.2,0.04452668815741964,34,4.0,20
LA1,PC2,17.3,0.044225420237190484,34,4.0,20
LA1,PC2,17.400000000000002,0.04395293022707668,34,4.0,20
LA1,PC2,17.5,0.04370960967397699,34,4.0,20
LA1,PC2,17.6,0.04349551591653983,34,4.0,20
LA1,PC2,17.7,0.04331035994946352,34,4.0,20
LA1,PC2,17.8,0.04315350020906633,34,4.0,20
LA1,PC2,17.900000000000002,0.04302394267691222,34,4.0,20
LA1,PC2,18.0,0.04292034754489875,34,4.0,20
LA1,PC2,18.1,0.04284104252347511,34,4.0,20
LA1,PC2,18.2,0.04278404270898393,34,4.0,20
LA1,PC2,18.3,0.04274707676101941,34,4.0,20
LA1,PC2,18.400000000000002,0.04272761898064799,34,4.0,20
LA1,PC2,18.5,0.042722926729680276,34,4.0,20
LA1,PC2,18.6,0.04273008249399361,34,4.0,20
LA1,PC2,18.7,0.04274603977389165,34,4.0,20
LA1,PC2,18.8,0.042767671884889835,34,4.0,20
LA1,PC2,18.900000000000002,0.04279182267581236,34,4.0,20
LA1,PC2,19.0,0.04281535811971135,34,4.0,20
LA1,PC2,19.1,0.04283521770820423,34,4.0,20
LA1,PC2,19.200000000000003,0.04284846458194907,34,4.0,20
LA1,PC2,19.3,0.04285233335894526,34,4.0,20
LA1,PC2,19.400000000000002,0.04284427467718868,34,4.0,20
LA1,PC2,19.5,0.04282199554720489,34,4.0,20
LA1,PC2,19.6,0.042783494710711925,34,4.0,20
LA1,PC2,19.700000000000003,0.042727092321080566,34,4.0,20
LA1,PC2,19.8,0.042651453395794764,34,4.0,20
LA1,PC2,19.900000000000002,0.04255560463679411,34,4.0,20
LA1,PC2,20.0,0.0424389443671594,34,4.0,20
LA1,PC2,20.1,0.042301245487718776,34,4.0,20
LA1,PC2,20.200000000000003,0.04214265151047411,34,4.0,20
LA1,PC2,20.3,0.04196366587313336,34,4.0,20
LA1,PC2,20.400000000000002,0.04176513487666813,34,4.0,20
LA1,PC2,20.5,0.04154822471234795,34,4.0,20
LA1,PC2,20.6,0.04131439315334914,34,4.0,20
LA1,PC2,20.700000000000003,0.041065356576669994,34,4.0,20
LA1,PC2,20.8,0.0408030530522802,34,4.0,20
LA1,PC2,20.900000000000002,0.04052960228749369,34,4.0,20
LA1,PC2,21.0,0.040247263245496254,34,4.0,20
LA1,PC2,21.1,0.03995839026845561,34,4.0,20
LA1,PC2,21.200000000000003,0.03966538852896781,34,4.0,20
LA1,PC2,21.3,0.039370669610498614,34,4.0,20
LA1,PC2,21.400000000000002,0.039076607980097176,34,4.0,20
LA1,PC2,21.5,0.038785499067349155,34,4.0,20
LA1,PC2,21.6,0.03849951960477442,34,4.0,20
LA1,PC2,21.700000000000003,0.03822069081910294,34,4.0,20
LA1,PC2,21.8,0.037950844992381945,34,4.0,20
LA1,PC2,21.900000000000002,0.037691595838740787,34,4.0,20
LA1,PC2,22.0,0.037444313068604254,34,4.0,20
LA1,PC2,22.1,0.037210101438577316,34,4.0,20
LA1,PC2,22.200000000000003,0.036989784513114604,34,4.0,20
LA1,PC2,22.3,0.036783893294052704,34,4.0,20
LA1,PC2,22.400000000000002,0.03659265980640601,34,4.0,20
LA1,PC2,22.5,0.03641601566351344,34,4.0,20
LA1,PC2,22.6,0.03625359557148733,34,4.0,20
LA1,PC2,22.700000000000003,0.03610474567166337,34,4.0,20
LA1,PC2,22.8,0.03596853656007481,34,4.0,20
LA1,PC2,22.900000000000002,0.03584378076464635,34,4.0,20
LA1,PC2,23.0,0.03572905440375011,34,4.0,20
LA1,PC2,23.1,0.03562272269412994,34,4.0,20
LA1,PC2,23.200000000000003,0.035522968922387585,34,4.0,20
LA1,PC2,23.3,0.0354278264429079,34,4.0,20
LA1,PC2,23.400000000000002,0.03533521321722474,34,4.0,20
LA1,PC2,23.5,0.03524296836656428,34,4.0,20
LA1,PC2,23.6,0.0351488901719865,34,4.0,20
LA1,PC2,23.700000000000003,0.035050774926615264,34,4.0,20
LA1,PC2,23.8,0.03494645602333218,34,4.0,20
LA1,PC2,23.900000000000002,0.03483384265034873,34,4.0,20
LA2,PC1,0.0,0.057707543953569945,96,4.0,20
LA2,PC1,0.1,0.05765550771670323,96,4.0,20
LA2,PC1,0.2,0.05757961256443632,96,4.0,20
LA2,PC1,0.30000000000000004,0.05748131975258147,96,4.0,20
LA2,PC1,0.4,0.05736234070512911,96,4.0,20
LA2,PC1,0.5,0.0572246188325252,96,4.0,20
LA2,PC1,0.6000000000000001,0.05707030624324975,96,4.0,20
LA2,PC1,0.7000000000000001,0.056901735649141354,96,4.0,20
LA2,PC1,0.8,0.056721387883865076,96,4.0,20
LA2,PC1,0.9,0.05653185556586131,96,4.0,20
LA2,PC1,1.0,0.056335803538960734,96,4.0,20
LA2,PC1,1.1,0.05613592681271927,96,4.0,20
LA2,PC1,1.2000000000000002,0.05593490679782724,96,4.0,20
LA2,PC1,1.3,0.05573536668748035,96,4.0,20
LA2,PC1,1.4000000000000001,0.05553982687162255,96,4.0,20
LA2,PC1,1.5,0.05535066128626634,96,4.0,20
LA2,PC1,1.6,0.05517005559401918,96,4.0,20
LA2,PC1,1.7000000000000002,0.05499996806444678,96,4.0,20
LA2,PC1,1.8,0.05484209397453897,96,4.0,20
LA2,PC1,1.9000000000000001,0.05469783428145616,96,4.0,20
LA2,PC1,2.0,0.054568269233618176,96,4.0,20
LA2,PC1,2.1,0.05445413748424448,96,4.0,20
LA2,PC1,2.2,0.05435582115627917,96,4.0,20
LA2,PC1,2.3000000000000003,0.054273337182190275,96,4.0,20
LA2,PC1,2.4000000000000004,0.05420633510961206,96,4.0,20
LA2,PC1,2.5,0.05415410142753487,96,4.0,20
LA2,PC1,2.6,0.054115570331109975,96,4.0,20
LA2,PC1,2.7,0.05408934070942971,96,4.0,20
LA2,PC1,2.8000000000000003,0.05407369901301797,96,4.0,20
LA2,PC1,2.9000000000000004,0.054066647539130895,96,4.0,20
LA2,PC1,3.0,0.054065937565923886,96,4.0,20
LA2,PC1,3.1,0.054069106673325644,96,4.0,20
LA2,PC1,3.2,0.054073519510902515,96,4.0,20
LA2,PC1,3.3000000000000003,0.05407641121250161,96,4.0,20
LA2,PC1,3.4000000000000004,0.054074932614985326,96,4.0,20
LA2,PC1,3.5,0.054066196414437696,96,4.0,20
LA2,PC1,3.6,0.05404732338792762,96,4.0,20
LA2,PC1,3.7,0.054015487821946,96,4.0,20
LA2,PC1,3.8000000000000003,0.05396796131930663,96,4.0,20
LA2,PC1,3.9000000000000004,0.05390215420358493,96,4.0,20
LA2,PC1,4.0,0.053815653802724676,96,4.0,20
LA2,PC1,4.1000000000000005,0.05370625896966548,96,4.0,20
LA2,PC1,4.2,0.053572010285889565,96,4.0,20
LA2,PC1,4.3,0.05341121549162525,96,4.0,20
LA2,PC1,4.4,0.05322246979188567,96,4.0,20
LA2,PC1,4.5,0.05300467079826418,96,4.0,20
LA2,PC1,4.6000000000000005,0.052757027980070544,96,4.0,20
LA2,PC1,4.7,0.05247906661256394,96,4.0,20
LA2,PC1,4.800000000000001,0.05217062632231066,96,4.0,20
LA2,PC1,4.9,0.05183185443771106,96,4.0,20
LA2,PC1,5.0,0.051463194454241884,96,4.0,20
LA2,PC1,5.1000000000000005,0.051065370016821855,96,4.0,20
LA2,PC1,5.2,0.05063936490399725,96,4.0,20
LA2,PC1,5.300000000000001,0.05018639956864672,96,4.0,20
LA2,PC1,5.4,0.04970790484618218,96,4.0,20
LA2,PC1,5.5,0.049205493482636434,96,4.0,20
LA2,PC1,5.6000000000000005,0.048680930160775744,96,4.0,20
LA2,PC1,5.7,0.04813610071201624,96,4.0,20
LA2,PC1,5.800000000000001,0.04757298119538534,96,4.0,20
LA2,PC1,5.9,0.04699360750237109,96,4.0,20
LA2,PC1,6.0,0.04640004610893556,96,4.0,20
LA2,PC1,6.1000000000000005,0.04579436654429802,96,4.0,20
LA2,PC1,6.2,0.04517861608172859,96,4.0,20
LA2,PC1,6.300000000000001,0.04455479708126397,96,4.0,20
LA2,PC1,6.4,0.04392484732996761,96,4.0,20
LA2,PC1,6.5,0.04329062363435105,96,4.0,20
LA2,PC1,6.6000000000000005,0.04265388882426985,96,4.0,20
LA2,PC1,6.7,0.04201630223055145,96,4.0,20
LA2,PC1,6.800000000000001,0.04137941360240621,96,4.0,20
LA2,PC1,6.9,0.0407446603379169,96,4.0,20
LA2,PC1,7.0,0.04011336781411779,96,4.0,20
LA2,PC1,7.1000000000000005,0.039486752524748536,96,4.0,20
LA2,PC1,7.2,0.03886592766586845,96,4.0,20
LA2,PC1,7.300000000000001,0.03825191075404444,96,4.0,20
LA2,PC1,7.4,0.037645632820335215,96,4.0,20
LA2,PC1,7.5,0.037047948696954165,96,4.0,20
LA2,PC1,7.6000000000000005,0.03645964790302537,96,4.0,20
LA2,PC1,7.7,0.03588146564149765,96,4.0,20
LA2,PC1,7.800000000000001,0.03531409344079386,96,4.0,20
LA2,PC1,7.9,0.0347581890113755,96,4.0,20
LA2,PC1,8.0,0.03421438493782093,96,4.0,20
LA2,PC1,8.1,0.03368329588949207,96,4.0,20
LA2,PC1,8.200000000000001,0.033165524105205714,96,4.0,20
LA2,PC1,8.3,0.032661662986963165,96,4.0,20
LA2,PC1,8.4,0.03217229872186422,96,4.0,20
LA2,PC1,8.5,0.03169800993677861,96,4.0,20
LA2,PC1,8.6,0.03123936547402229,96,4.0,20
LA2,PC1,8.700000000000001,0.03079692045506983,96,4.0,20
LA2,PC1,8.8,0.03037121087026201,96,4.0,20
LA2,PC1,8.9,0.029962746992847355,96,4.0,20
LA2,PC1,9.0,0.02957200596322531,96,4.0,20
LA2,PC1,9.1,0.02919942392212134,96,4.0,20
LA2,PC1,9.200000000000001,0.028845388088381142,96,4.0,20
LA2,PC1,9.3,0.028510229177515622,96,4.0,20
LA2,PC1,9.4,0.0281942145411216,96,4.0,20
LA2,PC1,9.5,0.027897542375582295,96,4.0,20
LA2,PC1,9.600000000000001,0.02762033730239747,96,4.0,20
LA2,PC1,9.700000000000001,0.027362647564084297,96,4.0,20
LA2,PC1,9.8,0.02712444401131056,96,4.0,20
LA2,PC1,9.9,0.02690562098166299,96,4.0,20
LA2,PC1,10.0,0.02670599909138039,96,4.0,20
LA2,PC1,10.100000000000001,0.02652532988180028,96,4.0,20
LA2,PC1,10.200000000000001,0.026363302185475963,96,4.0,20
LA2,PC1,10.3,0.026219550006066922,96,4.0,20
LA2,PC1,10.4,0.026093661644048357,96,4.0,20
LA2,PC1,10.5,0.025985189749478454,96,4.0,20
LA2,PC1,10.600000000000001,0.025893661945447385,96,4.0,20
LA2,PC1,10.700000000000001,0.025818591642768025,96,4.0,20
LA2,PC1,10.8,0.025759488658681665,96,4.0,20
LA2,PC1,10.9,0.025715869259919682,96,4.0,20
LA2,PC1,11.0,0.025687265272825503,96,4.0,20
LA2,PC1,11.100000000000001,0.025673231939245873,96,4.0,20
LA2,PC1,11.200000000000001,0.02567335424486638,96,4.0,20
LA2,PC1,11.3,0.025687251504471334,96,4.0,20
LA2,PC1,11.4,0.025714580053798602,96,4.0,20
LA2,PC1,11.5,0.025755033967559675,96,4.0,20
LA2,PC1,11.600000000000001,0.02580834379503157,96,4.0,20
LA2,PC1,11.700000000000001,0.025874273375643003,96,4.0,20
LA2,PC1,11.8,0.025952614864549854,96,4.0,20
LA2,PC1,11.9,0.026043182159929644,96,4.0,20
LA2,PC1,12.0,0.026145802977546196,96,4.0,20
LA2,PC1,12.100000000000001,0.026260309862348938,96,4.0,20
LA2,PC1,12.200000000000001,0.026386530460215198,96,4.0,20
LA2,PC1,12.3,0.02652427739461198,96,4.0,20
LA2,PC1,12.4,0.02667333810260262,96,4.0,20
LA2,PC1,12.5,0.026833464982364566,96,4.0,20
LA2,PC1,12.600000000000001,0.02700436619074403,96,4.0,20
LA2,PC1,12.700000000000001,0.02718569740526057,96,4.0,20
LA2,PC1,12.8,0.027377054831616877,96,4.0,20
LA2,PC1,12.9,0.02757796969665286,96,4.0,20
LA2,PC1,13.0,0.027787904419482274,96,4.0,20
LA2,PC1,13.100000000000001,0.028006250602056255,96,4.0,20
LA2,PC1,13.200000000000001,0.028232328926446146,96,4.0,20
LA2,PC1,13.3,0.028465390991543965,96,4.0,20
LA2,PC1,13.4,0.028704623068369624,96,4.0,20
LA2,PC1,13.5,0.02894915170233963,96,4.0,20
LA2,PC1,13.600000000000001,0.02919805104409248,96,4.0,20
LA2,PC1,13.700000000000001,0.029450351748957864,96,4.0,20
LA2,PC1,13.8,0.02970505124982539,96,4.0,20
LA2,PC1,13.9,0.029961125179671345,96,4.0,20
LA2,PC1,14.0,0.030217539698724847,96,4.0,20
LA2,PC1,14.100000000000001,0.030473264467315794,96,4.0,20
LA2,PC1,14.200000000000001,0.030727285998714743,96,4.0,20
LA2,PC1,14.3,0.03097862112638741,96,4.0,20
LA2,PC1,14.4,0.03122633032648944,96,4.0,20
LA2,PC1,14.5,0.03146953064840457,96,4.0,20
LA2,PC1,14.600000000000001,0.03170740802285163,96,4.0,20
LA2,PC1,14.700000000000001,0.03193922873764697,96,4.0,20
LA2,PC1,14.8,0.03216434989467701,96,4.0,20
LA2,PC1,14.9,0.03238222868708845,96,4.0,20
LA2,PC1,15.0,0.03259243036227111,96,4.0,20
LA2,PC1,15.100000000000001,0.03279463476310293,96,4.0,20
LA2,PC1,15.200000000000001,0.03298864136646884,96,4.0,20
LA2,PC1,15.3,0.03317437276370247,96,4.0,20
LA2,PC1,15.4,0.03335187655191395,96,4.0,20
LA2,PC1,15.5,0.03352132562787768,96,4.0,20
LA2,PC1,15.600000000000001,0.03368301689710948,96,4.0,20
LA2,PC1,15.700000000000001,0.03383736842992636,96,4.0,20
LA2,PC1,15.8,0.03398491511371557,96,4.0,20
LA2,PC1,15.9,0.034126302866474695,96,4.0,20
LA2,PC1,16.0,0.034262281491101026,96,4.0,20
LA2,PC1,16.1,0.03439369626310595,96,4.0,20
LA2,PC1,16.2,0.03452147835660491,96,4.0,20
LA2,PC1,16.3,0.034646634224751505,96,4.0,20
LA2,PC1,16.400000000000002,0.034770234061371294,96,4.0,20
LA2,PC1,16.5,0.034893399480468434,96,4.0,20
LA2,PC1,16.6,0.03501729055952793,96,4.0,20
LA2,PC1,16.7,0.03514309240104391,96,4.0,20
LA2,PC1,16.8,0.035272001374338335,96,4.0,20
LA2,PC1,16.900000000000002,0.03540521120629751,96,4.0,20
LA2,PC1,17.0,0.035543899094909126,96,4.0,20
LA2,PC1,17.1,0.03568921202315467,96,4.0,20
LA2,PC1,17.2,0.035842253452615304,96,4.0,20
LA2,PC1,17.3,0.03600407057579337,96,4.0,20
LA2,PC1,17.400000000000002,0.03617564230336455,96,4.0,20
LA2,PC1,17.5,0.0363578681571184,96,4.0,20
LA2,PC1,17.6,0.03655155823101915,96,4.0,20
LA2,PC1,17.7,0.03675742437148828,96,4.0,20
LA2,PC1,17.8,0.036976072713599956,96,4.0,20
LA2,PC1,17.900000000000002,0.037207997692390846,96,4.0,20
LA2,PC1,18.0,0.03745357762799611,96,4.0,20
LA2,PC1,18.1,0.03771307195999198,96,4.0,20
LA2,PC1,18.2,0.03798662018039797,96,4.0,20
LA2,PC1,18.3,0.03827424248659584,96,4.0,20
LA2,PC1,18.400000000000002,0.03857584214536761,96,4.0,20
LA2,PC1,18.5,0.03889120952783599,96,4.0,20
LA2,PC1,18.6,0.03922002774287023,96,4.0,20
LA2,PC1,18.7,0.03956187976414123,96,4.0,20
LA2,PC1,18.8,0.039916256914166684,96,4.0,20
LA2,PC1,18.900000000000002,0.04028256853812997,96,4.0,20
LA2,PC1,19.0,0.04066015267177014,96,4.0,20
LA2,PC1,19.1,0.04104828748202557,96,4.0,20
LA2,PC1,19.200000000000003,0.041446203237172644,96,4.0,20
LA2,PC1,19.3,0.04185309454570588,96,4.0,20
LA2,PC1,19.400000000000002,0.04226813259088201,96,4.0,20
LA2,PC1,19.5,0.04269047708134249,96,4.0,20
LA2,PC1,19.6,0.04311928763807686,96,4.0,20
LA2,PC1,19.700000000000003,0.04355373434459915,96,4.0,20
LA2,PC1,19.8,0.04399300720083342,96,4.0,20
LA2,PC1,19.900000000000002,0.044436324241910505,96,4.0,20
LA2,PC1,20.0,0.044882938110744335,96,4.0,20
LA2,PC1,20.1,0.04533214090754984,96,4.0,20
LA2,PC1,20.200000000000003,0.04578326717984347,96,4.0,20
LA2,PC1,20.3,0.04623569496218179,96,4.0,20
LA2,PC1,20.400000000000002,0.04668884482499523,96,4.0,20
LA2,PC1,20.5,0.04714217694523395,96,4.0,20
LA2,PC1,20.6,0.04759518626688234,96,4.0,20
LA2,PC1,20.700000000000003,0.04804739587530721,96,4.0,20
LA2,PC1,20.8,0.04849834876439713,96,4.0,20
LA2,PC1,20.900000000000002,0.04894759822798637,96,4.0,20
LA2,PC1,21.0,0.04939469715559877,96,4.0,20
LA2,PC1,21.1,0.049839186555603474,96,4.0,20
LA2,PC1,21.200000000000003,0.05028058366503498,96,4.0,20
LA2,PC1,21.3,0.05071837003332563,96,4.0,20
LA2,PC1,21.400000000000002,0.051151979985920054,96,4.0,20
LA2,PC1,21.5,0.05158078988230158,96,4.0,20
LA2,PC1,21.6,0.05200410858069841,96,4.0,20
LA2,PC1,21.700000000000003,0.05242116950826644,96,4.0,20
LA2,PC1,21.8,0.05283112471075762,96,4.0,20
LA2,PC1,21.900000000000002,0.053233041219766984,96,4.0,20
LA2,PC1,22.0,0.053625900029094745,96,4.0,20
LA2,PC1,22.1,0.05400859791534872,96,4.0,20
LA2,PC1,22.200000000000003,0.05437995227271588,96,4.0,20
LA2,PC1,22.3,0.054738709059189,96,4.0,20
LA2,PC1,22.400000000000002,0.05508355387302481,96,4.0,20
LA2,PC1,22.5,0.05541312609562746,96,4.0,20
LA2,PC1,22.6,0.055726035952358345,96,4.0,20
LA2,PC1,22.700000000000003,0.05602088425806312,96,4.0,20
LA2,PC1,22.8,0.05629628453155709,96,4.0,20
LA2,PC1,22.900000000000002,0.05655088708512145,96,4.0,20
LA2,PC1,23.0,0.056783404623416356,96,4.0,20
LA2,PC1,23.1,0.05699263882320969,96,4.0,20
LA2,PC1,23.200000000000003,0.05717750731291149,96,4.0,20
LA2,PC1,23.3,0.057337070430859845,96,4.0,20
LA2,PC1,23.400000000000002,0.057470557115146224,96,4.0,20
LA2,PC1,23.5,0.05757738926671614,96,4.0,20
LA2,PC1,23.6,0.05765720393242221,96,4.0,20
LA2,PC1,23.700000000000003,0.05770987267614048,96,4.0,20
LA2,PC1,23.8,0.057735517544085964,96,4.0,20
LA2,PC1,23.900000000000002,0.057734523084741377,96,4.0,20
NA1,PC1,0.0,0.06177495851144604,254,4.0,20
NA1,PC1,0.1,0.06133975831686194,254,4.0,20
NA1,PC1,0.2,0.06086687572200737,254,4.0,20
NA1,PC1,0.30000000000000004,0.06035940682041575,254,4.0,20
NA1,PC1,0.4,0.05982066125547629,254,4.0,20
NA1,PC1,0.5,0.0592541215581013,254,4.0,20
NA1,PC1,0.6000000000000001,0.05866340071005306,254,4.0,20
NA1,PC1,0.7000000000000001,0.058052198602136756,254,4.0,20
NA1,PC1,0.8,0.05742425806590779,254,4.0,20
NA1,PC1,0.9,0.056783321155448326,254,4.0,20
NA1,PC1,1.0,0.056133086342376494,254,4.0,20
NA1,PC1,1.1,0.055477167262946124,254,4.0,20
NA1,PC1,1.2000000000000002,0.05481905362141231,254,4.0,20
NA1,PC1,1.3,0.05416207480944869,254,4.0,20
NA1,PC1,1.4000000000000001,0.053509366748109355,254,4.0,20
NA1,PC1,1.5,0.05286384239755341,254,4.0,20
NA1,PC1,1.6,0.052228166311535595,254,4.0,20
NA1,PC1,1.7000000000000002,0.05160473353965864,254,4.0,20
NA1,PC1,1.8,0.050995653101829554,254,4.0,20
NA1,PC1,1.9000000000000001,0.05040273617760089,254,4.0,20
NA1,PC1,2.0,0.04982748906951932,254,4.0,20
NA1,PC1,2.1,0.04927111091572081,254,4.0,20
NA1,PC1,2.2,0.048734496044311876,254,4.0,20
NA1,PC1,2.3000000000000003,0.048218240782087494,254,4.0,20
NA1,PC1,2.4000000000000004,0.04772265445436808,254,4.0,20
NA1,PC1,2.5,0.047247774242661064,254,4.0,20
NA1,PC1,2.6,0.04679338350386257,254,4.0,20
NA1,PC1,2.7,0.046359033100092685,254,4.0,20
NA1,PC1,2.8000000000000003,0.045944065243145385,254,4.0,20
NA1,PC1,2.9000000000000004,0.045547639322894067,254,4.0,20
NA1,PC1,3.0,0.0451687591655769,254,4.0,20
NA1,PC1,3.1,0.04480630115621285,254,4.0,20
NA1,PC1,3.2,0.04445904265972714,254,4.0,20
NA1,PC1,3.3000000000000003,0.04412569018768146,254,4.0,20
NA1,PC1,3.4000000000000004,0.043804906781511777,254,4.0,20
NA1,PC1,3.5,0.04349533811829797,254,4.0,20
NA1,PC1,3.6,0.04319563689046877,254,4.0,20
NA1,PC1,3.7,0.04290448506537114,254,4.0,20
NA1,PC1,3.8000000000000003,0.042620613692955396,254,4.0,20
NA1,PC1,3.9000000000000004,0.0423428199983956,254,4.0,20
NA1,PC1,4.0,0.04206998156956157,254,4.0,20
NA1,PC1,4.1000000000000005,0.04180106752504498,254,4.0,20
NA1,PC1,4.2,0.04153514662500749,254,4.0,20
NA1,PC1,4.3,0.04127139236252677,254,4.0,20
NA1,PC1,4.4,0.041009085145464946,254,4.0,20
NA1,PC1,4.5,0.04074761174634877,254,4.0,20
NA1,PC1,4.6000000000000005,0.04048646225864391,254,4.0,20
NA1,PC1,4.7,0.04022522485061774,254,4.0,20
NA1,PC1,4.800000000000001,0.039963578651430215,254,4.0,20
NA1,PC1,4.9,0.0397012851371483,254,4.0,20
NA1,PC1,5.0,0.03943817840631194,254,4.0,20
NA1,PC1,5.1000000000000005,0.03917415474507325,254,4.0,20
NA1,PC1,5.2,0.03890916188069617,254,4.0,20
NA1,PC1,5.300000000000001,0.03864318830958602,254,4.0,20
NA1,PC1,5.4,0.03837625306259124,254,4.0,20
NA1,PC1,5.5,0.038108396236969495,254,4.0,20
NA1,PC1,5.6000000000000005,0.037839670582312,254,4.0,20
NA1,PC1,5.7,0.03757013437830115,254,4.0,20
NA1,PC1,5.800000000000001,0.03729984578707647,254,4.0,20
NA1,PC1,5.9,0.03702885880399911,254,4.0,20
NA1,PC1,6.0,0.036757220869635156,254,4.0,20
NA1,PC1,6.1000000000000005,0.036484972144762304,254,4.0,20
NA1,PC1,6.2,0.03621214639106072,254,4.0,20
NA1,PC1,6.300000000000001,0.03593877334470493,254,4.0,20
NA1,PC1,6.4,0.035664882420013706,254,4.0,20
NA1,PC1,6.5,0.03539050753711576,254,4.0,20
NA1,PC1,6.6000000000000005,0.03511569283247639,254,4.0,20
NA1,PC1,6.7,0.03484049898503813,254,4.0,20
NA1,PC1,6.800000000000001,0.0345650098742692,254,4.0,20
NA1,PC1,6.9,0.03428933927986228,254,4.0,20
NA1,PC1,7.0,0.034013637336120804,254,4.0,20
NA1,PC1,7.1000000000000005,0.03373809646681381,254,4.0,20
NA1,PC1,7.2,0.033462956547772545,254,4.0,20
NA1,PC1,7.300000000000001,0.03318850907376547,254,4.0,20
NA1,PC1,7.4,0.03291510014201424,254,4.0,20
NA1,PC1,7.5,0.03264313210571484,254,4.0,20
NA1,PC1,7.6000000000000005,0.03237306379559245,254,4.0,20
NA1,PC1,7.7,0.03210540925426892,254,4.0,20
NA1,PC1,7.800000000000001,0.031840734975474426,254,4.0,20
NA1,PC1,7.9,0.031579655686355436,254,4.0,20
NA1,PC1,8.0,0.03132282875488805,254,4.0,20
NA1,PC1,8.1,0.031070947344410307,254,4.0,20
NA1,PC1,8.200000000000001,0.03082473247243737,254,4.0,20
NA1,PC1,8.3,0.030584924160322567,254,4.0,20
NA1,PC1,8.4,0.03035227188331003,254,4.0,20
NA1,PC1,8.5,0.03012752454665963,254,4.0,20
NA1,PC1,8.6,0.029911420222616045,254,4.0,20
NA1,PC1,8.700000000000001,0.029704675885072338,254,4.0,20
NA1,PC1,8.8,0.02950797737408531,254,4.0,20
NA1,PC1,8.9,0.029321969811364597,254,4.0,20
NA1,PC1,9.0,0.029147248671075474,254,4.0,20
NA1,PC1,9.1,0.028984351688493133,254,4.0,20
NA1,PC1,9.200000000000001,0.028833751763061626,254,4.0,20
NA1,PC1,9.3,0.028695850983151815,254,4.0,20
NA1,PC1,9.4,0.02857097586823981,254,4.0,20
NA1,PC1,9.5,0.028459373891317325,254,4.0,20
NA1,PC1,9.600000000000001,0.02836121131106922,254,4.0,20
NA1,PC1,9.700000000000001,0.028276572310655276,254,4.0,20
NA1,PC1,9.8,0.028205459408703032,254,4.0,20
NA1,PC1,9.9,0.028147795079180127,254,4.0,20
NA1,PC1,10.0,0.02810342449090247,254,4.0,20
NA1,PC1,10.100000000000001,0.028072119255183915,254,4.0,20
NA1,PC1,10.200000000000001,0.028053582052062258,254,4.0,20
NA1,PC1,10.3,0.02804745199203888,254,4.0,20
NA1,PC1,10.4,0.02805331056160192,254,4.0,20
NA1,PC1,10.5,0.02807068799708016,254,4.0,20
NA1,PC1,10.600000000000001,0.02809906993256343,254,4.0,20
NA1,PC1,10.700000000000001,0.02813790417354368,254,4.0,20
NA1,PC1,10.8,0.02818660745825048,254,4.0,20
NA1,PC1,10.9,0.02824457208290651,254,4.0,20
NA1,PC1,11.0,0.02831117228471596,254,4.0,20
NA1,PC1,11.100000000000001,0.028385770296608697,254,4.0,20
NA1,PC1,11.200000000000001,0.028467722009793025,254,4.0,20
NA1,PC1,11.3,0.028556382203147088,254,4.0,20
NA1,PC1,11.4,0.02865110932149323,254,4.0,20
NA1,PC1,11.5,0.028751269806935403,254,4.0,20
NA1,PC1,11.600000000000001,0.02885624200780977,254,4.0,20
NA1,PC1,11.700000000000001,0.02896541970757963,254,4.0,20
NA1,PC1,11.8,0.029078215330474604,254,4.0,20
NA1,PC1,11.9,0.029194062891236997,254,4.0,20
NA1,PC1,12.0,0.029312420762559816,254,4.0,20
NA1,PC1,12.100000000000001,0.029432774335428152,254,4.0,20
NA1,PC1,12.200000000000001,0.029554638644546022,254,4.0,20
NA1,PC1,12.3,0.02967756102348686,254,4.0,20
NA1,PC1,12.4,0.02980112384248463,254,4.0,20
NA1,PC1,12.5,0.02992494736640884,254,4.0,20
NA1,PC1,12.600000000000001,0.030048692752129555,254,4.0,20
NA1,PC1,12.700000000000001,0.0301720651840029,254,4.0,20
NA1,PC1,12.8,0.030294817124520777,254,4.0,20
NA1,PC1,12.9,0.030416751635255552,254,4.0,20
NA1,PC1,13.0,0.030537725702098496,254,4.0,20
NA1,PC1,13.100000000000001,0.030657653479414536,254,4.0,20
NA1,PC1,13.200000000000001,0.03077650935102833,254,4.0,20
NA1,PC1,13.3,0.030894330692718266,254,4.0,20
NA1,PC1,13.4,0.031011220211790248,254,4.0,20
NA1,PC1,13.5,0.031127347734829097,254,4.0,20
NA1,PC1,13.600000000000001,0.031242951315197415,254,4.0,20
NA1,PC1,13.700000000000001,0.031358337537391895,254,4.0,20
NA1,PC1,13.8,0.031473880905907296,254,4.0,20
NA1,PC1,13.9,0.031590022221544646,254,4.0,20
NA1,PC1,14.0,0.03170726586771275,254,4.0,20
NA1,PC1,14.100000000000001,0.031826175952641325,254,4.0,20
NA1,PC1,14.200000000000001,0.03194737127986259,254,4.0,20
NA1,PC1,14.3,0.032071519148043404,254,4.0,20
NA1,PC1,14.4,0.03219932801142146,254,4.0,20
NA1,PC1,14.5,0.0323315390628387,254,4.0,20
NA1,PC1,14.600000000000001,0.03246891683179709,254,4.0,20
NA1,PC1,14.700000000000001,0.03261223891922743,254,4.0,20
NA1,PC1,14.8,0.0327622850179478,254,4.0,20
NA1,PC1,14.9,0.0329198253923456,254,4.0,20
NA1,PC1,15.0,0.0330856090119733,254,4.0,20
NA1,PC1,15.100000000000001,0.033260351550921344,254,4.0,20
NA1,PC1,15.200000000000001,0.033444723477539774,254,4.0,20
NA1,PC1,15.3,0.03363933846694559,254,4.0,20
NA1,PC1,15.4,0.03384474237150853,254,4.0,20
NA1,PC1,15.5,0.03406140298200016,254,4.0,20
NA1,PC1,15.600000000000001,0.03428970080427967,254,4.0,20
NA1,PC1,15.700000000000001,0.034529921063352634,254,4.0,20
NA1,PC1,15.8,0.03478224712856567,254,4.0,20
NA1,PC1,15.9,0.03504675553089764,254,4.0,20
NA1,PC1,16.0,0.03532341271618997,254,4.0,20
NA1,PC1,16.1,0.03561207364724537,254,4.0,20
NA1,PC1,16.2,0.03591248233363188,254,4.0,20
NA1,PC1,16.3,0.036224274331458174,254,4.0,20
NA1,PC1,16.400000000000002,0.03654698121710943,254,4.0,20
NA1,PC1,16.5,0.03688003699977847,254,4.0,20
NA1,PC1,16.6,0.037222786398454,254,4.0,20
NA1,PC1,16.7,0.03757449487070831,254,4.0,20
NA1,PC1,16.8,0.03793436024402415,254,4.0,20
NA1,PC1,16.900000000000002,0.038301525766330134,254,4.0,20
NA1,PC1,17.0,0.03867509436164396,254,4.0,20
NA1,PC1,17.1,0.03905414384992098,254,4.0,20
NA1,PC1,17.2,0.039437742867946914,254,4.0,20
NA1,PC1,17.3,0.03982496721084419,254,4.0,20
NA1,PC1,17.400000000000002,0.04021491630179644,254,4.0,20
NA1,PC1,17.5,0.04060672949111318,254,4.0,20
NA1,PC1,17.6,0.04099960188479084,254,4.0,20
NA1,PC1,17.7,0.04139279940718034,254,4.0,20
NA1,PC1,17.8,0.04178567281202569,254,4.0,20
NA1,PC1,17.900000000000002,0.0421776703706615,254,4.0,20
NA1,PC1,18.0,0.0425683489851366,254,4.0,20
NA1,PC1,18.1,0.04295738349698237,254,4.0,20
NA1,PC1,18.2,0.04334457398874673,254,4.0,20
NA1,PC1,18.3,0.04372985090472533,254,4.0,20
NA1,PC1,18.400000000000002,0.044113277849003776,254,4.0,20
NA1,PC1,18.5,0.044495051952467446,254,4.0,20
NA1,PC1,18.6,0.0448755017353608,254,4.0,20
NA1,PC1,18.7,0.0452550824278656,254,4.0,20
NA1,PC1,18.8,0.045634368747646564,254,4.0,20
NA1,PC1,18.900000000000002,0.046014045170067734,254,4.0,20
NA1,PC1,19.0,0.046394893763551694,254,4.0,20
NA1,PC1,19.1,0.046777779699104884,254,4.0,20
NA1,PC1,19.200000000000003,0.047163634579163824,254,4.0,20
NA1,PC1,19.3,0.04755343776642875,254,4.0,20
NA1,PC1,19.400000000000002,0.04794819592802459,254,4.0,20
NA1,PC1,19.5,0.048348921043917054,254,4.0,20
NA1,PC1,19.6,0.04875660716070611,254,4.0,20
NA1,PC1,19.700000000000003,0.04917220620234333,254,4.0,20
NA1,PC1,19.8,0.049596603177522056,254,4.0,20
NA1,PC1,19.900000000000002,0.05003059114892313,254,4.0,20
NA1,PC1,20.0,0.050474846351541015,254,4.0,20
NA1,PC1,20.1,0.05092990386526765,254,4.0,20
NA1,PC1,20.200000000000003,0.05139613426001685,254,4.0,20
NA1,PC1,20.3,0.0518737216391477,254,4.0,20
NA1,PC1,20.400000000000002,0.05236264350800923,254,4.0,20
NA1,PC1,20.5,0.05286265288833733,254,4.0,20
NA1,PC1,20.6,0.05337326308533414,254,4.0,20
NA1,PC1,20.700000000000003,0.053893735492013525,254,4.0,20
NA1,PC1,20.8,0.05442307078445051,254,4.0,20
NA1,PC1,20.900000000000002,0.054960003821773414,254,4.0,20
NA1,PC1,21.0,0.05550300251618439,254,4.0,20
NA1,PC1,21.1,0.056050270881358985,254,4.0,20
NA1,PC1,21.200000000000003,0.056599756402911997,254,4.0,20
NA1,PC1,21.3,0.05714916180318486,254,4.0,20
NA1,PC1,21.400000000000002,0.05769596119563682,254,4.0,20
NA1,PC1,21.5,0.05823742054311925,254,4.0,20
NA1,PC1,21.6,0.05877062225099654,254,4.0,20
NA1,PC1,21.700000000000003,0.05929249364236433,254,4.0,20
NA1,PC1,21.8,0.05979983898053416,254,4.0,20
NA1,PC1,21.900000000000002,0.060289374625593084,254,4.0,20
NA1,PC1,22.0,0.0607577668392828,254,4.0,20
NA1,PC1,22.1,0.0612016716876706,254,4.0,20
NA1,PC1,22.200000000000003,0.06161777643593285,254,4.0,20
NA1,PC1,22.3,0.06200284178566204,254,4.0,20
NA1,PC1,22.400000000000002,0.062353744273765555,254,4.0,20
NA1,PC1,22.5,0.06266751813426027,254,4.0,20
NA1,PC1,22.6,0.06294139592071867,254,4.0,20
NA1,PC1,22.700000000000003,0.06317284719804778,254,4.0,20
NA1,PC1,22.8,0.0633596146375508,254,4.0,20
NA1,PC1,22.900000000000002,0.06349974688831277,254,4.0,20
NA1,PC1,23.0,0.06359162764999485,254,4.0,20
NA1,PC1,23.1,0.0636340004359116,254,4.0,20
NA1,PC1,23.200000000000003,0.06362598858932218,254,4.0,20
NA1,PC1,23.3,0.06356711019847773,254,4.0,20
NA1,PC1,23.400000000000002,0.06345728764525461,254,4.0,20
NA1,PC1,23.5,0.06329685161617492,254,4.0,20
NA1,PC1,23.6,0.06308653950123184,254,4.0,20
NA1,PC1,23.700000000000003,0.0628274882031657,254,4.0,20
NA1,PC1,23.8,0.06252122147570253,254,4.0,20
NA1,PC1,23.900000000000002,0.06216963200190241,254,4.0,20
NA1,PC2,0.0,0.02443790208203969,282,4.0,20
NA1,PC2,0.1,0.024396686610215337,282,4.0,20
NA1,PC2,0.2,0.024382512645416767,282,4.0,20
NA1,PC2,0.30000000000000004,0.02439565479920492,282,4.0,20
NA1,PC2,0.4,0.02443631949303885,282,4.0,20
NA1,PC2,0.5,0.02450464232252951,282,4.0,20
NA1,PC2,0.6000000000000001,0.02460068529046753,282,4.0,20
NA1,PC2,0.7000000000000001,0.02472443395898055,282,4.0,20
NA1,PC2,0.8,0.02487579457225921,282,4.0,20
NA1,PC2,0.9,0.025054591201060513,282,4.0,20
NA1,PC2,1.0,0.02526056295913198,282,4.0,20
NA1,PC2,1.1,0.025493361340285448,282,4.0,20
NA1,PC2,1.2000000000000002,0.02575254772354943,282,4.0,20
NA1,PC2,1.3,0.026037591093053983,282,4.0,20
NA1,PC2,1.4000000000000001,0.026347866019381834,282,4.0,20
NA1,PC2,1.5,0.026682650950281293,282,4.0,20
NA1,PC2,1.6,0.02704112686098826,282,4.0,20
NA1,PC2,1.7000000000000002,0.02742237631792533,282,4.0,20
NA1,PC2,1.8,0.027825383014082054,282,4.0,20
NA1,PC2,1.9000000000000001,0.028249031839648667,282,4.0,20
NA1,PC2,2.0,0.02869210955707678,282,4.0,20
NA1,PC2,2.1,0.029153306155172937,282,4.0,20
NA1,PC2,2.2,0.029631216961516334,282,4.0,20
NA1,PC2,2.3000000000000003,0.030124345595804063,282,4.0,20
NA1,PC2,2.4000000000000004,0.03063110784802065,282,4.0,20
NA1,PC2,2.5,0.031149836563978902,282,4.0,20
NA1,PC2,2.6,0.03167878761621288,282,4.0,20
NA1,PC2,2.7,0.032216147029938566,282,4.0,20
NA1,PC2,2.8000000000000003,0.032760039321473124,282,4.0,20
NA1,PC2,2.9000000000000004,0.03330853708990949,282,4.0,20
NA1,PC2,3.0,0.03385967188194768,282,4.0,20
NA1,PC2,3.1,0.03441144632474779,282,4.0,20
NA1,PC2,3.2,0.03496184749285606,282,4.0,20
NA1,PC2,3.3000000000000003,0.03550886144323574,282,4.0,20
NA1,PC2,3.4000000000000004,0.03605048881797351,282,4.0,20
NA1,PC2,3.5,0.03658476137828076,282,4.0,20
NA1,PC2,3.6,0.03710975929706748,282,4.0,20
NA1,PC2,3.7,0.03762362900186068,282,4.0,20
NA1,PC2,3.8000000000000003,0.038124601326472635,282,4.0,20
NA1,PC2,3.9000000000000004,0.038611009699932516,282,4.0,20
NA1,PC2,4.0,0.039081308076095486,282,4.0,20
NA1,PC2,4.1000000000000005,0.03953408828827948,282,4.0,20
NA1,PC2,4.2,0.0399680965013659,282,4.0,20
NA1,PC2,4.3,0.040382248429973636,282,4.0,20
NA1,PC2,4.4,0.04077564299627961,282,4.0,20
NA1,PC2,4.5,0.04114757411525268,282,4.0,20
NA1,PC2,4.6000000000000005,0.04149754031862068,282,4.0,20
NA1,PC2,4.7,0.041825251961610084,282,4.0,20
NA1,PC2,4.800000000000001,0.04213063579785269,282,4.0,20
NA1,PC2,4.9,0.04241383675697451,282,4.0,20
NA1,PC2,5.0,0.04267521681508424,282,4.0,20
NA1,PC2,5.1000000000000005,0.04291535090918303,282,4.0,20
NA1,PC2,5.2,0.04313501991069909,282,4.0,20
NA1,PC2,5.300000000000001,0.04333520073899227,282,4.0,20
NA1,PC2,5.4,0.04351705376072959,282,4.0,20
NA1,PC2,5.5,0.04368190768340267,282,4.0,20
NA1,PC2,5.6000000000000005,0.043831242208868006,282,4.0,20
NA1,PC2,5.7,0.04396666876367236,282,4.0,20
NA1,PC2,5.800000000000001,0.04408990966529427,282,4.0,20
NA1,PC2,5.9,0.04420277611577011,282,4.0,20
NA1,PC2,6.0,0.04430714543528539,282,4.0,20
NA1,PC2,6.1000000000000005,0.044404937957393274,282,4.0,20
NA1,PC2,6.2,0.044498094004192815,282,4.0,20
NA1,PC2,6.300000000000001,0.04458855134413276,282,4.0,20
NA1,PC2,6.4,0.044678223507635256,282,4.0,20
NA1,PC2,6.5,0.04476897929744003,282,4.0,20
NA1,PC2,6.6000000000000005,0.044862623782853314,282,4.0,20
NA1,PC2,6.7,0.04496088101171693,282,4.0,20
NA1,PC2,6.800000000000001,0.04506537861296676,282,4.0,20
NA1,PC2,6.9,0.0451776343984279,282,4.0,20
NA1,PC2,7.0,0.045299045007435305,282,4.0,20
NA1,PC2,7.1000000000000005,0.04543087657445448,282,4.0,20
NA1,PC2,7.2,0.04557425734052867,282,4.0,20
NA1,PC2,7.300000000000001,0.045730172076363235,282,4.0,20
NA1,PC2,7.4,0.04589945814019184,282,4.0,20
NA1,PC2,7.5,0.0460828029589365,282,4.0,20
NA1,PC2,7.6000000000000005,0.046280742697855974,282,4.0,20
NA1,PC2,7.7,0.04649366187269406,282,4.0,20
NA1,PC2,7.800000000000001,0.04672179365961907,282,4.0,20
NA1,PC2,7.9,0.04696522067179735,282,4.0,20
NA1,PC2,8.0,0.047223875996570255,282,4.0,20
NA1,PC2,8.1,0.047497544322719625,282,4.0,20
NA1,PC2,8.200000000000001,0.04778586303158084,282,4.0,20
NA1,PC2,8.3,0.04808832317678617,282,4.0,20
NA1,PC2,8.4,0.04840427033287583,282,4.0,20
NA1,PC2,8.5,0.04873290535036959,282,4.0,20
NA1,PC2,8.6,0.04907328511150197,282,4.0,20
NA1,PC2,8.700000000000001,0.04942432343403189,282,4.0,20
NA1,PC2,8.8,0.049784792317783974,282,4.0,20
NA1,PC2,8.9,0.05015332376750572,282,4.0,20
NA1,PC2,9.0,0.050528412454172306,282,4.0,20
NA1,PC2,9.1,0.05090841949336685,282,4.0,20
NA1,PC2,9.200000000000001,0.051291577622593204,282,4.0,20
NA1,PC2,9.3,0.05167599804864397,282,4.0,20
NA1,PC2,9.4,0.05205967921130019,282,4.0,20
NA1,PC2,9.5,0.052440517671101354,282,4.0,20
NA1,PC2,9.600000000000001,0.05281632127767851,282,4.0,20
NA1,PC2,9.700000000000001,0.053184824712698066,282,4.0,20
NA1,PC2,9.8,0.05354370742981746,282,4.0,20
NA1,PC2,9.9,0.053890613935611134,282,4.0,20
NA1,PC2,10.0,0.05422317627291872,282,4.0,20
NA1,PC2,10.100000000000001,0.05453903848445617,282,4.0,20
NA1,PC2,10.200000000000001,0.054835882752887595,282,4.0,20
NA1,PC2,10.3,0.05511145683695339,282,4.0,20
NA1,PC2,10.4,0.05536360235464628,282,4.0,20
NA1,PC2,10.5,0.05559028340654337,282,4.0,20
NA1,PC2,10.600000000000001,0.05578961498763023,282,4.0,20
NA1,PC2,10.700000000000001,0.0559598906062476,282,4.0,20
NA1,PC2,10.8,0.05609960851560562,282,4.0,20
NA1,PC2,10.9,0.05620749596752658,282,4.0,20
NA1,PC2,11.0,0.05628253091997698,282,4.0,20
NA1,PC2,11.100000000000001,0.056323960669194276,282,4.0,20
NA1,PC2,11.200000000000001,0.05633131693285658,282,4.0,20
NA1,PC2,11.3,0.05630442698125885,282,4.0,20
NA1,PC2,11.4,0.056243420496798285,282,4.0,20
NA1,PC2,11.5,0.05614873193573549,282,4.0,20
NA1,PC2,11.600000000000001,0.056021098267325264,282,4.0,20
NA1,PC2,11.700000000000001,0.05586155207088671,282,4.0,20
NA1,PC2,11.8,0.05567141007794539,282,4.0,20
NA1,PC2,11.9,0.05545225735094585,282,4.0,20
NA1,PC2,12.0,0.05520592738900796,282,4.0,20
NA1,PC2,12.100000000000001,0.05493447854180021,282,4.0,20
NA1,PC2,12.200000000000001,0.05464016719215621,282,4.0,20
NA1,PC2,12.3,0.05432541823430187,282,4.0,20
NA1,PC2,12.4,0.053992793425710305,282,4.0,20
NA1,PC2,12.5,0.05364495822541905,282,4.0,20
NA1,PC2,12.600000000000001,0.053284647749473814,282,4.0,20
NA1,PC2,12.700000000000001,0.052914632474934886,282,4.0,20
NA1,PC2,12.8,0.05253768430811911,282,4.0,20
NA1,PC2,12.9,0.05215654360152212,282,4.0,20
NA1,PC2,13.0,0.051773887658746354,282,4.0,20
NA1,PC2,13.100000000000001,0.05139230120975176,282,4.0,20
NA1,PC2,13.200000000000001,0.05101424927219419,282,4.0,20
NA1,PC2,13.3,0.050642052741102984,282,4.0,20
NA1,PC2,13.4,0.0502778669714003,282,4.0,20
NA1,PC2,13.5,0.049923663538516995,282,4.0,20
NA1,PC2,13.600000000000001,0.04958121528427521,282,4.0,20
NA1,PC2,13.700000000000001,0.04925208468074732,282,4.0,20
NA1,PC2,13.8,0.04893761547614776,282,4.0,20
NA1,PC2,13.9,0.04863892752578507,282,4.0,20
NA1,PC2,14.0,0.048356914659086946,282,4.0,20
NA1,PC2,14.100000000000001,0.048092245391639005,282,4.0,20
NA1,PC2,14.200000000000001,0.047845366259485655,282,4.0,20
NA1,PC2,14.3,0.04761650753158984,282,4.0,20
NA1,PC2,14.4,0.04740569104483506,282,4.0,20
NA1,PC2,14.5,0.04721273990337365,282,4.0,20
NA1,PC2,14.600000000000001,0.04703728978922004,282,4.0,20
NA1,PC2,14.700000000000001,0.04687880164224247,282,4.0,20
NA1,PC2,14.8,0.0467365754834228,282,4.0,20
NA1,PC2,14.9,0.0466097651736626,282,4.0,20
NA1,PC2,15.0,0.04649739391976455,282,4.0,20
NA1,PC2,15.100000000000001,0.046398370357880026,282,4.0,20
NA1,PC2,15.200000000000001,0.04631150506126024,282,4.0,20
NA1,PC2,15.3,0.0462355273324331,282,4.0,20
NA1,PC2,15.4,0.04616910214914283,282,4.0,20
NA1,PC2,15.5,0.04611084713810394,282,4.0,20
NA1,PC2,15.600000000000001,0.04605934945079877,282,4.0,20
NA1,PC2,15.700000000000001,0.046013182411541106,282,4.0,20
NA1,PC2,15.8,0.04597092180055521,282,4.0,20
NA1,PC2,15.9,0.04593116162490899,282,4.0,20
NA1,PC2,16.0,0.045892529219074746,282,4.0,20
NA1,PC2,16.1,0.04585369950612246,282,4.0,20
NA1,PC2,16.2,0.04581340824160915,282,4.0,20
NA1,PC2,16.3,0.04577046405663246,282,4.0,20
NA1,PC2,16.400000000000002,0.04572375911567268,282,4.0,20
NA1,PC2,16.5,0.04567227820996338,282,4.0,20
NA1,PC2,16.6,0.04561510611913428,282,4.0,20
NA1,PC2,16.7,0.04555143309334473,282,4.0,20
NA1,PC2,16.8,0.04548055833526088,282,4.0,20
NA1,PC2,16.900000000000002,0.04540189139580044,282,4.0,20
NA1,PC2,17.0,0.04531495143891931,282,4.0,20
NA1,PC2,17.1,0.04521936437779234,282,4.0,20
NA1,PC2,17.2,0.04511485793611922,282,4.0,20
NA1,PC2,17.3,0.045001254742239066,282,4.0,20
NA1,PC2,17.400000000000002,0.04487846361830011,282,4.0,20
NA1,PC2,17.5,0.04474646927980114,282,4.0,20
NA1,PC2,17.6,0.04460532071024761,282,4.0,20
NA1,PC2,17.7,0.04445511851934974,282,4.0,20
NA1,PC2,17.8,0.04429600162918654,282,4.0,20
NA1,PC2,17.900000000000002,0.04412813365936832,282,4.0,20
NA1,PC2,18.0,0.04395168939807156,282,4.0,20
NA1,PC2,18.1,0.04376684174991322,282,4.0,20
NA1,PC2,18.2,0.04357374954343256,282,4.0,20
NA1,PC2,18.3,0.04337254656038782,282,4.0,20
NA1,PC2,18.400000000000002,0.04316333211656544,282,4.0,20
NA1,PC2,18.5,0.04294616348021781,282,4.0,20
NA1,PC2,18.6,0.04272105036091452,282,4.0,20
NA1,PC2,18.7,0.042487951640212566,282,4.0,20
NA1,PC2,18.8,0.04224677444815109,282,4.0,20
NA1,PC2,18.900000000000002,0.041997375618422476,282,4.0,20
NA1,PC2,19.0,0.0417395654825812,282,4.0,20
NA1,PC2,19.1,0.041473113892304535,282,4.0,20
NA1,PC2,19.200000000000003,0.041197758290949765,282,4.0,20
NA1,PC2,19.3,0.04091321359376936,282,4.0,20
NA1,PC2,19.400000000000002,0.04061918358223491,282,4.0,20
NA1,PC2,19.5,0.040315373473768464,282,4.0,20
NA1,PC2,19.6,0.040001503295214055,282,4.0,20
NA1,PC2,19.700000000000003,0.039677321667610926,282,4.0,20
NA1,PC2,19.8,0.039342619601816405,282,4.0,20
NA1,PC2,19.900000000000002,0.038997243909368026,282,4.0,20
NA1,PC2,20.0,0.038641109850307345,282,4.0,20
NA1,PC2,20.1,0.03827421266870335,282,4.0,20
NA1,PC2,20.200000000000003,0.03789663770609917,282,4.0,20
NA1,PC2,20.3,0.03750856883149508,282,4.0,20
NA1,PC2,20.400000000000002,0.037110294981915225,282,4.0,20
NA1,PC2,20.5,0.036702214668016896,282,4.0,20
NA1,PC2,20.6,0.03628483836238497,282,4.0,20
NA1,PC2,20.700000000000003,0.03585878875186478,282,4.0,20
NA1,PC2,20.8,0.035424798897313765,282,4.0,20
NA1,PC2,20.900000000000002,0.03498370840241502,282,4.0,20
NA1,PC2,21.0,0.03453645774581048,282,4.0,20
NA1,PC2,21.1,0.0340840809761611,282,4.0,20
NA1,PC2,21.200000000000003,0.03362769700653726,282,4.0,20
NA1,PC2,21.3,0.03316849977185184,282,4.0,20
NA1,PC2,21.400000000000002,0.0327077475303343,282,4.0,20
NA1,PC2,21.5,0.03224675159716049,282,4.0,20
NA1,PC2,21.6,0.03178686479554811,282,4.0,20
NA1,PC2,21.700000000000003,0.0313294698985119,282,4.0,20
NA1,PC2,21.8,0.03087596831398302,282,4.0,20
NA1,PC2,21.900000000000002,0.03042776923834975,282,4.0,20
NA1,PC2,22.0,0.029986279470099547,282,4.0,20
NA1,PC2,22.1,0.029552894037711632,282,4.0,20
NA1,PC2,22.200000000000003,0.02912898775592045,282,4.0,20
NA1,PC2,22.3,0.02871590778359589,282,4.0,20
NA1,PC2,22.400000000000002,0.028314967216362282,282,4.0,20
NA1,PC2,22.5,0.027927439709164698,282,4.0,20
NA1,PC2,22.6,0.02755455508956897,282,4.0,20
NA1,PC2,22.700000000000003,0.027197495892707573,282,4.0,20
NA1,PC2,22.8,0.026857394724245677,282,4.0,20
NA1,PC2,22.900000000000002,0.02653533233906677,282,4.0,20
NA1,PC2,23.0,0.02623233631079504,282,4.0,20
NA1,PC2,23.1,0.02594938016075146,282,4.0,20
NA1,PC2,23.200000000000003,0.025687382814192677,282,4.0,20
NA1,PC2,23.3,0.025447208256197507,282,4.0,20
NA1,PC2,23.400000000000002,0.025229665268654645,282,4.0,20
NA1,PC2,23.5,0.025035507142641213,282,4.0,20
NA1,PC2,23.6,0.02486543127614938,282,4.0,20
NA1,PC2,23.700000000000003,0.02472007858466901,282,4.0,20
NA1,PC2,23.8,0.02460003267062532,282,4.0,20
NA1,PC2,23.900000000000002,0.024505818716219943,282,4.0,20
OC1,PC1,0.0,0.04558867844655429,171,4.0,20
OC1,PC1,0.1,0.04560802193767682,171,4.0,20
OC1,PC1,0.2,0.04562110877016754,171,4.0,20
OC1,PC1,0.30000000000000004,0.045627284523585304,171,4.0,20
OC1,PC1,0.4,0.045625909500395294,171,4.0,20
OC1,PC1,0.5,0.04561637033531136,171,4.0,20
OC1,PC1,0.6000000000000001,0.04559809248486627,171,4.0,20
OC1,PC1,0.7000000000000001,0.045570553377187094,171,4.0,20
OC1,PC1,0.8,0.045533295960508334,171,4.0,20
OC1,PC1,0.9,0.04548594235462507,171,4.0,20
OC1,PC1,1.0,0.045428207283780844,171,4.0,20
OC1,PC1,1.1,0.0453599109535593,171,4.0,20
OC1,PC1,1.2000000000000002,0.04528099102896735,171,4.0,20
OC1,PC1,1.3,0.045191513376402884,171,4.0,20
OC1,PC1,1.4000000000000001,0.04509168124848964,171,4.0,20
OC1,PC1,1.5,0.0449818426173159,171,4.0,20
OC1,PC1,1.6,0.04486249539750962,171,4.0,20
OC1,PC1,1.7000000000000002,0.04473429034456099,171,4.0,20
OC1,PC1,1.8,0.04459803146431428,171,4.0,20
OC1,PC1,1.9000000000000001,0.044454673824849356,171,4.0,20
OC1,PC1,2.0,0.04430531872018281,171,4.0,20
OC1,PC1,2.1,0.044151206194431324,171,4.0,20
OC1,PC1,2.2,0.04399370499342947,171,4.0,20
OC1,PC1,2.3000000000000003,0.043834300066535936,171,4.0,20
OC1,PC1,2.4000000000000004,0.043674577792936355,171,4.0,20
OC1,PC1,2.5,0.043516209152838055,171,4.0,20
OC1,PC1,2.6,0.0433609311035036,171,4.0,20
OC1,PC1,2.7,0.043210526452337465,171,4.0,20
OC1,PC1,2.8000000000000003,0.043066802543772306,171,4.0,20
OC1,PC1,2.9000000000000004,0.04293156909334025,171,4.0,20
OC1,PC1,3.0,0.04280661551116896,171,4.0,20
OC1,PC1,3.1,0.04269368805855702,171,4.0,20
OC1,PC1,3.2,0.042594467175799226,171,4.0,20
OC1,PC1,3.3000000000000003,0.042510545307738644,171,4.0,20
OC1,PC1,3.4000000000000004,0.0424434055364163,171,4.0,20
OC1,PC1,3.5,0.04239440130852743,171,4.0,20
OC1,PC1,3.6,0.04236473752005381,171,4.0,20
OC1,PC1,3.7,0.042355453192290705,171,4.0,20
OC1,PC1,3.8000000000000003,0.04236740594334953,171,4.0,20
OC1,PC1,3.9000000000000004,0.04240125842785854,171,4.0,20
OC1,PC1,4.0,0.042457466885694704,171,4.0,20
OC1,PC1,4.1000000000000005,0.04253627190877275,171,4.0,20
OC1,PC1,4.2,0.0426376915037209,171,4.0,20
OC1,PC1,4.3,0.04276151649813878,171,4.0,20
OC1,PC1,4.4,0.04290730830943823,171,4.0,20
OC1,PC1,4.5,0.04307439906832041,171,4.0,20
OC1,PC1,4.6000000000000005,0.04326189406399077,171,4.0,20
OC1,PC1,4.7,0.04346867645544538,171,4.0,20
OC1,PC1,4.800000000000001,0.04369341417271285,171,4.0,20
OC1,PC1,4.9,0.04393456891388834,171,4.0,20
OC1,PC1,5.0,0.04419040712817673,171,4.0,20
OC1,PC1,5.1000000000000005,0.04445901286194429,171,4.0,20
OC1,PC1,5.2,0.04473830233387825,171,4.0,20
OC1,PC1,5.300000000000001,0.04502604009662751,171,4.0,20
OC1,PC1,5.4,0.04531985663554567,171,4.0,20
OC1,PC1,5.5,0.04561726725012395,171,4.0,20
OC1,PC1,5.6000000000000005,0.045915692060080386,171,4.0,20
OC1,PC1,5.7,0.046212476975523296,171,4.0,20
OC1,PC1,5.800000000000001,0.04650491546876172,171,4.0,20
OC1,PC1,5.9,0.04679027098382241,171,4.0,20
OC1,PC1,6.0,0.04706579981819377,171,4.0,20
OC1,PC1,6.1000000000000005,0.04732877430943129,171,4.0,20
OC1,PC1,6.2,0.047576506156770094,171,4.0,20
OC1,PC1,6.300000000000001,0.047806369704624124,171,4.0,20
OC1,PC1,6.4,0.048015825010741746,171,4.0,20
OC1,PC1,6.5,0.04820244051688865,171,4.0,20
OC1,PC1,6.6000000000000005,0.048363915134426665,171,4.0,20
OC1,PC1,6.7,0.048498099551375316,171,4.0,20
OC1,PC1,6.800000000000001,0.04860301656193151,171,4.0,20
OC1,PC1,6.9,0.048676880214552465,171,4.0,20
OC1,PC1,7.0,0.04871811357124011,171,4.0,20
OC1,PC1,7.1000000000000005,0.048725364869327326,171,4.0,20
OC1,PC1,7.2,0.048697521878610504,171,4.0,20
OC1,PC1,7.300000000000001,0.048633724251833384,171,4.0,20
OC1,PC1,7.4,0.048533373675974614,171,4.0,20
OC1,PC1,7.5,0.04839614164608845,171,4.0,20
OC1,PC1,7.6000000000000005,0.04822197470299918,171,4.0,20
OC1,PC1,7.7,0.048011097001167784,171,4.0,20
OC1,PC1,7.800000000000001,0.04776401010351854,171,4.0,20
OC1,PC1,7.9,0.047481489935668364,171,4.0,20
OC1,PC1,8.0,0.04716458087232158,171,4.0,20
OC1,PC1,8.1,0.046814586972793386,171,4.0,20
OC1,PC1,8.200000000000001,0.04643306042969275,171,4.0,20
OC1,PC1,8.3,0.04602178734349659,171,4.0,20
OC1,PC1,8.4,0.045582770984692836,171,4.0,20
OC1,PC1,8.5,0.04511821275285466,171,4.0,20
OC1,PC1,8.6,0.044630491086878374,171,4.0,20
OC1,PC1,8.700000000000001,0.04412213862114348,171,4.0,20
OC1,PC1,8.8,0.04359581791708965,171,4.0,20
OC1,PC1,8.9,0.043054296127367435,171,4.0,20
OC1,PC1,9.0,0.04250041896924234,171,4.0,20
OC1,PC1,9.1,0.04193708439452135,171,4.0,20
OC1,PC1,9.200000000000001,0.04136721634444925,171,4.0,20
OC1,PC1,9.3,0.040793738969650196,171,4.0,20
OC1,PC1,9.4,0.04021955167748119,171,4.0,20
OC1,PC1,9.5,0.03964750534267537,171,4.0,20
OC1,PC1,9.600000000000001,0.0390803799827651,171,4.0,20
OC1,PC1,9.700000000000001,0.03852086415865343,171,4.0,20
OC1,PC1,9.8,0.037971536314245755,171,4.0,20
OC1,PC1,9.9,0.037434848218838454,171,4.0,20
OC1,PC1,10.0,0.036913110623664445,171,4.0,20
OC1,PC1,10.100000000000001,0.03640848119133478,171,4.0,20
OC1,PC1,10.200000000000001,0.035922954705569776,171,4.0,20
OC1,PC1,10.3,0.035458355520161494,171,4.0,20
OC1,PC1,10.4,0.035016332161967464,171,4.0,20
OC1,PC1,10.5,0.03459835396411011,171,4.0,20
OC1,PC1,10.600000000000001,0.034205709573400626,171,4.0,20
OC1,PC1,10.700000000000001,0.03383950715100198,171,4.0,20
OC1,PC1,10.8,0.03350067606788185,171,4.0,20
OC1,PC1,10.9,0.03318996988678786,171,4.0,20
OC1,PC1,11.0,0.032907970420128656,171,4.0,20
OC1,PC1,11.100000000000001,0.03265509265783812,171,4.0,20
OC1,PC1,11.200000000000001,0.03243159037038289,171,4.0,20
OC1,PC1,11.3,0.03223756220870439,171,4.0,20
OC1,PC1,11.4,0.032072958144077554,171,4.0,20
OC1,PC1,11.5,0.0319375861155257,171,4.0,20
OC1,PC1,11.600000000000001,0.031831118779398204,171,4.0,20
OC1,PC1,11.700000000000001,0.03175310028381837,171,4.0,20
OC1,PC1,11.8,0.03170295301878371,171,4.0,20
OC1,PC1,11.9,0.03167998431964583,171,4.0,20
OC1,PC1,12.0,0.0316833931264936,171,4.0,20
OC1,PC1,12.100000000000001,0.031712276623707895,171,4.0,20
OC1,PC1,12.200000000000001,0.03176563690188583,171,4.0,20
OC1,PC1,12.3,0.031842387697841146,171,4.0,20
OC1,PC1,12.4,0.031941361277048795,171,4.0,20
OC1,PC1,12.5,0.03206131552647337,171,4.0,20
OC1,PC1,12.600000000000001,0.0322009413241584,171,4.0,20
OC1,PC1,12.700000000000001,0.03235887024540802,171,4.0,20
OC1,PC1,12.8,0.03253368265420983,171,4.0,20
OC1,PC1,12.9,0.03272391621325833,171,4.0,20
OC1,PC1,13.0,0.03292807482724096,171,4.0,20
OC1,PC1,13.100000000000001,0.03314463801278857,171,4.0,20
OC1,PC1,13.200000000000001,0.033372070665629264,171,4.0,20
OC1,PC1,13.3,0.03360883317206111,171,4.0,20
OC1,PC1,13.4,0.033853391788953,171,4.0,20
OC1,PC1,13.5,0.03410422919516751,171,4.0,20
OC1,PC1,13.600000000000001,0.03435985509858918,171,4.0,20
OC1,PC1,13.700000000000001,0.03461881676774913,171,4.0,20
OC1,PC1,13.8,0.03487970934612258,171,4.0,20
OC1,PC1,13.9,0.03514118580110949,171,4.0,20
OC1,PC1,14.0,0.03540196635883668,171,4.0,20
OC1,PC1,14.100000000000001,0.03566084728033808,171,4.0,20
OC1,PC1,14.200000000000001,0.03591670884422199,171,4.0,20
OC1,PC1,14.3,0.03616852241520357,171,4.0,20
OC1,PC1,14.4,0.03641535649621938,171,4.0,20
OC1,PC1,14.5,0.03665638168339272,171,4.0,20
OC1,PC1,14.600000000000001,0.036890874466869235,171,4.0,20
OC1,PC1,14.700000000000001,0.03711821984537277,171,4.0,20
OC1,PC1,14.8,0.03733791274708223,171,4.0,20
OC1,PC1,14.9,0.03754955827296452,171,4.0,20
OC1,PC1,15.0,0.03775287079998039,171,4.0,20
OC1,PC1,15.100000000000001,0.03794767199972015,171,4.0,20
OC1,PC1,15.200000000000001,0.03813388784235666,171,4.0,20
OC1,PC1,15.3,0.0383115446659026,171,4.0,20
OC1,PC1,15.4,0.038480764396490404,171,4.0,20
OC1,PC1,15.5,0.03864175900690996,171,4.0,20
OC1,PC1,15.600000000000001,0.03879482429837378,171,4.0,20
OC1,PC1,15.700000000000001,0.03894033308511997,171,4.0,20
OC1,PC1,15.8,0.03907872785390459,171,4.0,20
OC1,PC1,15.9,0.03921051296172088,171,4.0,20
OC1,PC1,16.0,0.039336246426333106,171,4.0,20
OC1,PC1,16.1,0.039456531356547475,171,4.0,20
OC1,PC1,16.2,0.03957200706359862,171,4.0,20
OC1,PC1,16.3,0.039683339892488144,171,4.0,20
OC1,PC1,16.400000000000002,0.03979121381322339,171,4.0,20
OC1,PC1,16.5,0.03989632081704333,171,4.0,20
OC1,PC1,16.6,0.03999935117193264,171,4.0,20
OC1,PC1,16.7,0.04010098360472865,171,4.0,20
OC1,PC1,16.8,0.04020187549329629,171,4.0,20
OC1,PC1,16.900000000000002,0.04030265317064984,171,4.0,20
OC1,PC1,17.0,0.040403902462343495,171,4.0,20
OC1,PC1,17.1,0.040506159597543175,171,4.0,20
OC1,PC1,17.2,0.040609902651418846,171,4.0,20
OC1,PC1,17.3,0.04071554369032743,171,4.0,20
OC1,PC1,17.400000000000002,0.04082342180022549,171,4.0,20
OC1,PC1,17.5,0.040933797181560726,171,4.0,20
OC1,PC1,17.6,0.04104684648949994,171,4.0,20
OC1,PC1,17.7,0.04116265958604825,171,4.0,20
OC1,PC1,17.8,0.041281237850082635,171,4.0,20
OC1,PC1,17.900000000000002,0.04140249416267578,171,4.0,20
OC1,PC1,18.0,0.04152625464888594,171,4.0,20
OC1,PC1,18.1,0.04165226221443084,171,4.0,20
OC1,PC1,18.2,0.04178018186774921,171,4.0,20
OC1,PC1,18.3,0.04190960776662458,171,4.0,20
OC1,PC1,18.400000000000002,0.042040071875807286,171,4.0,20
OC1,PC1,18.5,0.04217105407009973,171,4.0,20
OC1,PC1,18.6,0.042301993468398434,171,4.0,20
OC1,PC1,18.7,0.042432300740404036,171,4.0,20
OC1,PC1,18.8,0.04256137109113541,171,4.0,20
OC1,PC1,18.900000000000002,0.042688597600776146,171,4.0,20
OC1,PC1,19.0,0.04281338458013625,171,4.0,20
OC1,PC1,19.1,0.042935160596095374,171,4.0,20
OC1,PC1,19.200000000000003,0.04305339082728691,171,4.0,20
OC1,PC1,19.3,0.043167588427953464,171,4.0,20
OC1,PC1,19.400000000000002,0.04327732460680795,171,4.0,20
OC1,PC1,19.5,0.04338223716683472,171,4.0,20
OC1,PC1,19.6,0.043482037299784594,171,4.0,20
OC1,PC1,19.700000000000003,0.04357651448380484,171,4.0,20
OC1,PC1,19.8,0.04366553939206374,171,4.0,20
OC1,PC1,19.900000000000002,0.043749064782058124,171,4.0,20
OC1,PC1,20.0,0.043827124397128624,171,4.0,20
OC1,PC1,20.1,0.04389982997118047,171,4.0,20
OC1,PC1,20.200000000000003,0.043967366482481764,171,4.0,20
OC1,PC1,20.3,0.044029985850679944,171,4.0,20
OC1,PC1,20.400000000000002,0.04408799931115132,171,4.0,20
OC1,PC1,20.5,0.044141768731166105,171,4.0,20
OC1,PC1,20.6,0.04419169715223235,171,4.0,20
OC1,PC1,20.700000000000003,0.044238218851944976,171,4.0,20
OC1,PC1,20.8,0.044281789216742945,171,4.0,20
OC1,PC1,20.900000000000002,0.044322874704641406,171,4.0,20
OC1,PC1,21.0,0.04436194315514095,171,4.0,20
OC1,PC1,21.1,0.04439945467336614,171,4.0,20
OC1,PC1,21.200000000000003,0.04443585327859243,171,4.0,20
OC1,PC1,21.3,0.04447155946544771,171,4.0,20
OC1,PC1,21.400000000000002,0.0445069637811342,171,4.0,20
OC1,PC1,21.5,0.044542421475978165,171,4.0,20
OC1,PC1,21.6,0.04457824823943805,171,4.0,20
OC1,PC1,21.700000000000003,0.04461471699124129,171,4.0,20
OC1,PC1,21.8,0.044652055659274055,171,4.0,20
OC1,PC1,21.900000000000002,0.044690445843678,171,4.0,20
OC1,PC1,22.0,0.04473002224150016,171,4.0,20
OC1,PC1,22.1,0.04477087268905794,171,4.0,20
OC1,PC1,22.200000000000003,0.04481303867043571,171,4.0,20
OC1,PC1,22.3,0.04485651614037271,171,4.0,20
OC1,PC1,22.400000000000002,0.0449012565180187,171,4.0,20
OC1,PC1,22.5,0.044947167724054236,171,4.0,20
OC1,PC1,22.6,0.04499411515659769,171,4.0,20
OC1,PC1,22.700000000000003,0.045041922529956514,171,4.0,20
OC1,PC1,22.8,0.04509037253318492,171,4.0,20
OC1,PC1,22.900000000000002,0.04513920730095049,171,4.0,20
OC1,PC1,23.0,0.045188128725630446,171,4.0,20
OC1,PC1,23.1,0.045236798675036,171,4.0,20
OC1,PC1,23.200000000000003,0.0452848392129046,171,4.0,20
OC1,PC1,23.3,0.045331832947598204,171,4.0,20
OC1,PC1,23.400000000000002,0.045377323656763016,171,4.0,20
OC1,PC1,23.5,0.045420817350739245,171,4.0,20
OC1,PC1,23.6,0.04546178394425298,171,4.0,20
OC1,PC1,23.700000000000003,0.045499659703716076,171,4.0,20
OC1,PC1,23.8,0.0455338506260306,171,4.0,20
OC1,PC1,23.900000000000002,0.04556373688427246,171,4.0,20
OC1,PC2,0.0,0.019846002149288628,46,4.0,20
OC1,PC2,0.1,0.019874777313738504,46,4.0,20
OC1,PC2,0.2,0.019900941641188375,46,4.0,20
OC1,PC2,0.30000000000000004,0.019925561395418356,46,4.0,20
OC1,PC2,0.4,0.019949848101325388,46,4.0,20
OC1,PC2,0.5,0.019975153355829927,46,4.0,20
OC1,PC2,0.6000000000000001,0.020002962597607095,46,4.0,20
OC1,PC2,0.7000000000000001,0.020034887659748486,46,4.0,20
OC1,PC2,0.8,0.020072657936543014,46,4.0,20
OC1,PC2,0.9,0.020118110013283553,46,4.0,20
OC1,PC2,1.0,0.0201731756360217,46,4.0,20
OC1,PC2,1.1,0.02023986793572912,46,4.0,20
OC1,PC2,1.2000000000000002,0.020320265867197106,46,4.0,20
OC1,PC2,1.3,0.020416496875666323,46,4.0,20
OC1,PC2,1.4000000000000001,0.02053071786176944,46,4.0,20
OC1,PC2,1.5,0.020665094575792763,46,4.0,20
OC1,PC2,1.6,0.020821779633261234,46,4.0,20
OC1,PC2,1.7000000000000002,0.0210028894030907,46,4.0,20
OC1,PC2,1.8,0.021210480074709163,46,4.0,20
OC1,PC2,1.9000000000000001,0.02144652325940456,46,4.0,20
OC1,PC2,2.0,0.02171288152167446,46,4.0,20
OC1,PC2,2.1,0.022011284266763916,46,4.0,20
OC1,PC2,2.2,0.022343304429444974,46,4.0,20
OC1,PC2,2.3000000000000003,0.022710336415373636,46,4.0,20
OC1,PC2,2.4000000000000004,0.02311357573944772,46,4.0,20
OC1,PC2,2.5,0.023554000785337193,46,4.0,20
OC1,PC2,2.6,0.02403235707709209,46,4.0,20
OC1,PC2,2.7,0.024549144408240825,46,4.0,20
OC1,PC2,2.8000000000000003,0.025104607117298665,46,4.0,20
OC1,PC2,2.9000000000000004,0.025698727732733136,46,4.0,20
OC1,PC2,3.0,0.026331224137139324,46,4.0,20
OC1,PC2,3.1,0.02700155032188564,46,4.0,20
OC1,PC2,3.2,0.0277089007222169,46,4.0,20
OC1,PC2,3.3000000000000003,0.028452218041256166,46,4.0,20
OC1,PC2,3.4000000000000004,0.029230204392055405,46,4.0,20
OC1,PC2,3.5,0.030041335512252427,46,4.0,20
OC1,PC2,3.6,0.03088387773827422,46,4.0,20
OC1,PC2,3.7,0.03175590736741791,46,4.0,20
OC1,PC2,3.8000000000000003,0.03265533198825653,46,4.0,20
OC1,PC2,3.9000000000000004,0.03357991332399833,46,4.0,20
OC1,PC2,4.0,0.03452729111060409,46,4.0,20
OC1,PC2,4.1000000000000005,0.035495007522113715,46,4.0,20
OC1,PC2,4.2,0.03648053165977976,46,4.0,20
OC1,PC2,4.3,0.03748128363882261,46,4.0,20
OC1,PC2,4.4,0.03849465783605537,46,4.0,20
OC1,PC2,4.5,0.0395180449020285,46,4.0,20
OC1,PC2,4.6000000000000005,0.04054885219112276,46,4.0,20
OC1,PC2,4.7,0.041584522320303775,46,4.0,20
OC1,PC2,4.800000000000001,0.04262254962996116,46,4.0,20
OC1,PC2,4.9,0.04366049438617711,46,4.0,20
OC1,PC2,5.0,0.04469599463064409,46,4.0,20
OC1,PC2,5.1000000000000005,0.04572677565004909,46,4.0,20
OC1,PC2,5.2,0.04675065709895552,46,4.0,20
OC1,PC2,5.300000000000001,0.04776555786712276,46,4.0,20
OC1,PC2,5.4,0.04876949883215489,46,4.0,20
OC1,PC2,5.5,0.0497606036800329,46,4.0,20
OC1,PC2,5.6000000000000005,0.05073709800849576,46,4.0,20
OC1,PC2,5.7,0.051697306950841036,46,4.0,20
OC1,PC2,5.800000000000001,0.05263965157037521,46,4.0,20
OC1,PC2,5.9,0.053562644278743396,46,4.0,20
OC1,PC2,6.0,0.05446488352539724,46,4.0,20
OC1,PC2,6.1000000000000005,0.05534504799156863,46,4.0,20
OC1,PC2,6.2,0.05620189050168503,46,4.0,20
OC1,PC2,6.300000000000001,0.057034231839803676,46,4.0,20
OC1,PC2,6.4,0.05784095463015496,46,4.0,20
OC1,PC2,6.5,0.058620997411137,46,4.0,20
OC1,PC2,6.6000000000000005,0.05937334900295547,46,4.0,20
OC1,PC2,6.7,0.0600970432423007,46,4.0,20
OC1,PC2,6.800000000000001,0.060791154134543154,46,4.0,20
OC1,PC2,6.9,0.061454791456161235,46,4.0,20
OC1,PC2,7.0,0.06208709682838715,46,4.0,20
OC1,PC2,7.1000000000000005,0.06268724027783998,46,4.0,20
OC1,PC2,7.2,0.06325441730123454,46,4.0,20
OC1,PC2,7.300000000000001,0.0637878464586721,46,4.0,20
OC1,PC2,7.4,0.06428676753264044,46,4.0,20
OC1,PC2,7.5,0.06475044030638387,46,4.0,20
OC1,PC2,7.6000000000000005,0.06517814403410194,46,4.0,20
OC1,PC2,7.7,0.06556917769459997,46,4.0,20
OC1,PC2,7.800000000000001,0.06592286113749446,46,4.0,20
OC1,PC2,7.9,0.06623853724478179,46,4.0,20
OC1,PC2,8.0,0.06651557523852145,46,4.0,20
OC1,PC2,8.1,0.06675337526578405,46,4.0,20
OC1,PC2,8.200000000000001,0.06695137438343375,46,4.0,20
OC1,PC2,8.3,0.06710905404675863,46,4.0,20
OC1,PC2,8.4,0.06722594917695922,46,4.0,20
OC1,PC2,8.5,0.06730165884316948,46,4.0,20
OC1,PC2,8.6,0.06733585854574599,46,4.0,20
OC1,PC2,8.700000000000001,0.06732831403034734,46,4.0,20
OC1,PC2,8.8,0.06727889649874032,46,4.0,20
OC1,PC2,8.9,0.0671875990146971,46,4.0,20
OC1,PC2,9.0,0.0670545538345723,46,4.0,20
OC1,PC2,9.1,0.06688005032520439,46,4.0,20
OC1,PC2,9.200000000000001,0.06666455306982796,46,4.0,20
OC1,PC2,9.3,0.06640871970881589,46,4.0,20
OC1,PC2,9.4,0.06611341801919479,46,4.0,20
OC1,PC2,9.5,0.06577974170754278,46,4.0,20
OC1,PC2,9.600000000000001,0.06540902437712645,46,4.0,20
OC1,PC2,9.700000000000001,0.06500285113341162,46,4.0,20
OC1,PC2,9.8,0.0645630673131295,46,4.0,20
OC1,PC2,9.9,0.06409178386090522,46,4.0,20
OC1,PC2,10.0,0.06359137893330113,46,4.0,20
OC1,PC2,10.100000000000001,0.06306449538151865,46,4.0,20
OC1,PC2,10.200000000000001,0.0625140338487921,46,4.0,20
OC1,PC2,10.3,0.06194314131398967,46,4.0,20
OC1,PC2,10.4,0.061355195015954773,46,4.0,20
OC1,PC2,10.5,0.060753781800238,46,4.0,20
OC1,PC2,10.600000000000001,0.060142673037497575,46,4.0,20
OC1,PC2,10.700000000000001,0.05952579536744435,46,4.0,20
OC1,PC2,10.8,0.05890719762040533,46,4.0,20
OC1,PC2,10.9,0.05829101435735636,46,4.0,20
OC1,PC2,11.0,0.057681426546060205,46,4.0,20
OC1,PC2,11.100000000000001,0.057082619953726495,46,4.0,20
OC1,PC2,11.200000000000001,0.056498741884010724,46,4.0,20
OC1,PC2,11.3,0.05593385691744929,46,4.0,20
OC1,PC2,11.4,0.05539190232953301,46,4.0,20
OC1,PC2,11.5,0.054876643860092764,46,4.0,20
OC1,PC2,11.600000000000001,0.05439163249262508,46,4.0,20
OC1,PC2,11.700000000000001,0.05394016287419614,46,4.0,20
OC1,PC2,11.8,0.05352523396756474,46,4.0,20
OC1,PC2,11.9,0.053149512479320385,46,4.0,20
OC1,PC2,12.0,0.05281529955341678,46,4.0,20
OC1,PC2,12.100000000000001,0.05252450116073818,46,4.0,20
OC1,PC2,12.200000000000001,0.052278602554375726,46,4.0,20
OC1,PC2,12.3,0.05207864709897812,46,4.0,20
OC1,PC2,12.4,0.05192521972241373,46,4.0,20
OC1,PC2,12.5,0.05181843518019679,46,4.0,20
OC1,PC2,12.600000000000001,0.05175793126842746,46,4.0,20
OC1,PC2,12.700000000000001,0.05174286706969534,46,4.0,20
OC1,PC2,12.8,0.051771926268423654,46,4.0,20
OC1,PC2,12.9,0.051843325527064124,46,4.0,20
OC1,PC2,13.0,0.05195482787168566,46,4.0,20
OC1,PC2,13.100000000000001,0.05210376099394342,46,4.0,20
OC1,PC2,13.200000000000001,0.05228704033517657,46,4.0,20
OC1,PC2,13.3,0.05250119677648531,46,4.0,20
OC1,PC2,13.4,0.05274240871521423,46,4.0,20
OC1,PC2,13.5,0.0530065382626575,46,4.0,20
OC1,PC2,13.600000000000001,0.05328917124963847,46,4.0,20
OC1,PC2,13.700000000000001,0.053585660675887506,46,4.0,20
OC1,PC2,13.8,0.053891173186242536,46,4.0,20
OC1,PC2,13.9,0.05420073810243771,46,4.0,20
OC1,PC2,14.0,0.05450929848485631,46,4.0,20
OC1,PC2,14.100000000000001,0.05481176364571174,46,4.0,20
OC1,PC2,14.200000000000001,0.05510306248562168,46,4.0,20
OC1,PC2,14.3,0.05537819698162097,46,4.0,20
OC1,PC2,14.4,0.055632295118639555,46,4.0,20
OC1,PC2,14.5,0.055860662530683884,46,4.0,20
OC1,PC2,14.600000000000001,0.05605883210464268,46,4.0,20
OC1,PC2,14.700000000000001,0.056222610800801154,46,4.0,20
OC1,PC2,14.8,0.056348122961450295,46,4.0,20
OC1,PC2,14.9,0.056431849413615155,46,4.0,20
OC1,PC2,15.0,0.05647066172453586,46,4.0,20
OC1,PC2,15.100000000000001,0.05646185103911613,46,4.0,20
OC1,PC2,15.200000000000001,0.05640315101642727,46,4.0,20
OC1,PC2,15.3,0.056292754486133495,46,4.0,20
OC1,PC2,15.4,0.05612932356331362,46,4.0,20
OC1,PC2,15.5,0.055911993088876934,46,4.0,20
OC1,PC2,15.600000000000001,0.05564036739931144,46,4.0,20
OC1,PC2,15.700000000000001,0.05531451057011491,46,4.0,20
OC1,PC2,15.8,0.05493493041784013,46,4.0,20
OC1,PC2,15.9,0.054502556681964874,46,4.0,20
OC1,PC2,16.0,0.05401871393546026,46,4.0,20
OC1,PC2,16.1,0.05348508988781763,46,4.0,20
OC1,PC2,16.2,0.05290369984254697,46,4.0,20
OC1,PC2,16.3,0.05227684814939293,46,4.0,20
OC1,PC2,16.400000000000002,0.05160708754695693,46,4.0,20
OC1,PC2,16.5,0.05089717732202457,46,4.0,20
OC1,PC2,16.6,0.05015004121646971,46,4.0,20
OC1,PC2,16.7,0.04936872599082361,46,4.0,20
OC1,PC2,16.8,0.048556361506050874,46,4.0,20
OC1,PC2,16.900000000000002,0.04771612311327572,46,4.0,20
OC1,PC2,17.0,0.04685119704750389,46,4.0,20
OC1,PC2,17.1,0.045964749408924796,46,4.0,20
OC1,PC2,17.2,0.045059899187944744,46,4.0,20
OC1,PC2,17.3,0.044139695651998385,46,4.0,20
OC1,PC2,17.400000000000002,0.04320710026807318,46,4.0,20
OC1,PC2,17.5,0.04226497318958891,46,4.0,20
OC1,PC2,17.6,0.041316064194629014,46,4.0,20
OC1,PC2,17.7,0.040363007829159886,46,4.0,20
OC1,PC2,17.8,0.039408322388070065,46,4.0,20
OC1,PC2,17.900000000000002,0.03845441226238601,46,4.0,20
OC1,PC2,18.0,0.037503573095982505,46,4.0,20
OC1,PC2,18.1,0.036557999131885205,46,4.0,20
OC1,PC2,18.2,0.035619792088402304,46,4.0,20
OC1,PC2,18.3,0.03469097088952074,46,4.0,20
OC1,PC2,18.400000000000002,0.03377348158209851,46,4.0,20
OC1,PC2,18.5,0.03286920680337125,46,4.0,20
OC1,PC2,18.6,0.031979974214422544,46,4.0,20
OC1,PC2,18.7,0.031107563386082577,46,4.0,20
OC1,PC2,18.8,0.03025371071021456,46,4.0,20
OC1,PC2,18.900000000000002,0.02942011200806149,46,4.0,20
OC1,PC2,19.0,0.028608422614492052,46,4.0,20
OC1,PC2,19.1,0.027820254828679048,46,4.0,20
OC1,PC2,19.200000000000003,0.027057172734020578,46,4.0,20
OC1,PC2,19.3,0.026320684499139636,46,4.0,20
OC1,PC2,19.400000000000002,0.025612232373989567,46,4.0,20
OC1,PC2,19.5,0.02493318068721137,46,4.0,20
OC1,PC2,19.6,0.024284802230148818,46,4.0,20
OC1,PC2,19.700000000000003,0.02366826347706902,46,4.0,20
OC1,PC2,19.8,0.023084609138462706,46,4.0,20
OC1,PC2,19.900000000000002,0.022534746573738274,46,4.0,20
OC1,PC2,20.0,0.02201943060071276,46,4.0,20
OC1,PC2,20.1,0.02153924923219323,46,4.0,20
OC1,PC2,20.200000000000003,0.021094610845374465,46,4.0,20
OC1,PC2,20.3,0.02068573324902905,46,4.0,20
OC1,PC2,20.400000000000002,0.020312635058298858,46,4.0,20
OC1,PC2,20.5,0.019975129719487804,46,4.0,20
OC1,PC2,20.6,0.01967282245011252,46,4.0,20
OC1,PC2,20.700000000000003,0.019405110275344695,46,4.0,20
OC1,PC2,20.8,0.019171185253778308,46,4.0,20
OC1,PC2,20.900000000000002,0.018970040896139337,46,4.0,20
OC1,PC2,21.0,0.018800481693045195,46,4.0,20
OC1,PC2,21.1,0.018661135585002916,46,4.0,20
OC1,PC2,21.200000000000003,0.018550469132080825,46,4.0,20
OC1,PC2,21.3,0.018466805074363817,46,4.0,20
OC1,PC2,21.400000000000002,0.018408341919308322,46,4.0,20
OC1,PC2,21.5,0.018373175149919194,46,4.0,20
OC1,PC2,21.6,0.01835931961927805,46,4.0,20
OC1,PC2,21.700000000000003,0.01836473268286065,46,4.0,20
OC1,PC2,21.8,0.018387337620281004,46,4.0,20
OC1,PC2,21.900000000000002,0.018425046912080176,46,4.0,20
OC1,PC2,22.0,0.018475784963946768,46,4.0,20
OC1,PC2,22.1,0.018537509908888573,46,4.0,20
OC1,PC2,22.200000000000003,0.018608234165565264,46,4.0,20
OC1,PC2,22.3,0.018686043486128675,46,4.0,20
OC1,PC2,22.400000000000002,0.018769114287167286,46,4.0,20
OC1,PC2,22.5,0.018855729120248528,46,4.0,20
OC1,PC2,22.6,0.0189442902015975,46,4.0,20
OC1,PC2,22.700000000000003,0.019033330981206742,46,4.0,20
OC1,PC2,22.8,0.019121525787859715,46,4.0,20
OC1,PC2,22.900000000000002,0.019207697636137278,46,4.0,20
OC1,PC2,23.0,0.019290824322750064,46,4.0,20
OC1,PC2,23.1,0.019370042971176733,46,4.0,20
OC1,PC2,23.200000000000003,0.019444653204696655,46,4.0,20
OC1,PC2,23.3,0.019514119138059623,46,4.0,20
OC1,PC2,23.400000000000002,0.019578070377280557,46,4.0,20
OC1,PC2,23.5,0.01963630220589553,46,4.0,20
OC1,PC2,23.6,0.01968877511541601,46,4.0,20
OC1,PC2,23.700000000000003,0.019735613809010864,46,4.0,20
OC1,PC2,23.8,0.019777105772304824,46,4.0,20
OC1,PC2,23.900000000000002,0.01981369946553747,46,4.0,20
