platform,mean_hour_local
BR1,20.58369292690767
BR1,20.76971093206057
BR1,16.045215173986982
BR1,15.341069718723478
BR1,19.66578957675781
BR1,19.167034298109552
BR1,20.373828445909
BR1,19.331529667586
BR1,22.134279707738287
BR1,0.8816407708113453
BR1,18.34659331107053
BR1,23.17818562927888
BR1,22.925541485155534
BR1,17.95980005706741
BR1,19.98533611454708
BR1,21.35725926058238
BR1,18.879341698896585
BR1,20.077203658587635
BR1,23.78364732374536
BR1,17.502058529139177
BR1,20.598671490691032
BR1,19.698747705723832
BR1,23.453894292187083
BR1,19.18797284102644
BR1,14.698327711383476
BR1,19.8216862667307
BR1,23.02729239211935
BR1,17.158102754159778
BR1,18.869482238604355
BR1,0.2009134097287783
BR1,17.947412542832648
BR1,14.886254587604828
BR1,19.301620628268854
BR1,19.07632349901288
BR1,18.71116415612749
BR1,18.359139615270223
BR1,17.58244976524431
BR1,16.76749671575804
BR1,17.68071547943712
BR1,18.54046614556733
BR1,23.191276964871893
BR1,20.892235907419707
BR1,21.66610991275382
BR1,0.9664356975369056
BR1,21.84895147865761
BR1,22.25825319626056
BR1,19.28068853387242
BR1,20.4491989712326
BR1,16.883286446229125
BR1,20.17686744364
BR1,20.90134600825776
BR1,15.25802324833442
BR1,18.13592722312293
BR1,12.061269674976312
BR1,18.996134529698576
BR1,2.81641658007653
BR1,22.258552637010023
BR1,23.16951034329302
BR1,19.42110318368529
BR1,20.366532636597377
BR1,21.274313896535848
BR1,19.338935483631744
BR1,19.618879773628564
BR1,17.542790978663948
BR1,21.27491903603548
BR1,20.92073496216417
BR1,19.98121689058344
BR1,22.173097982779307
BR1,21.350671509349347
BR1,19.15601069002713
BR1,18.3461751822587
BR1,22.599131040289524
BR1,16.56322574496504
BR1,16.53578997676779
BR1,19.03677301497955
BR1,3.962609166178634
BR1,13.405846190452108
BR1,18.94542232908272
BR1,23.39031605982544
BR1,18.53068943371946
BR1,6.787687019855711
BR1,21.551505424837792
BR1,0.3316144996562535
BR1,21.00411003855192
BR1,20.604961502751856
BR1,18.33284904608036
BR1,19.11303283126473
BR1,20.67873791576419
BR1,17.508662645048304
BR1,18.45485530008344
BR1,15.949867317974704
BR1,19.699741368690415
BR1,21.60823878190019
BR1,17.732037298966706
BR1,17.506239873325836
BR1,19.20523318211372
BR1,15.446664947904974
BR1,21.00691777894985
BR1,22.90593712716272
BR1,20.50660564601606
BR1,21.386074628737965
BR1,18.29212676416241
BR1,20.882383204030678
BR1,21.79051185293419
BR1,20.23855098128517
BR1,15.940530198034017
BR1,12.435503684876808
BR1,16.922498801774054
BR1,18.66477572195369
BR1,23.0369079139919
BR1,15.313696922349736
BR1,21.25349817324552
BR1,19.44710163725484
BR1,19.19755643630633
BR1,23.797954263329338
BR1,18.598477643427035
BR1,20.055947667560527
BR1,18.91251871271681
BR1,17.682671382726408
BR1,22.544970638622026
BR1,18.594539093442283
BR1,17.045870732998225
BR1,18.85615370326498
BR1,22.86724982895808
BR1,20.673534048206285
BR1,23.85290498528192
BR1,21.04149567188466
BR1,20.31158382043809
BR1,21.27771259540161
BR1,19.21960224091258
BR1,19.41997220786057
BR1,18.51169172864858
BR1,14.187217811552308
BR1,22.728791245962896
BR1,23.515027380356624
BR1,17.765792870309316
BR1,15.428103253296015
BR1,17.754689643307533
BR1,18.99606751740186
BR1,19.987290820470253
BR1,16.38676611167219
BR1,17.972301353859475
BR1,21.657318140622223
BR1,16.78988557479032
BR1,20.291249502322398
BR1,17.262463014975438
BR1,6.548951461570926
BR1,11.782926028861947
BR1,23.95022156759343
BR1,13.705393844816196
BR1,17.547861212930243
BR1,19.520913951727163
BR1,19.38462055658528
BR1,22.1386022389925
BR1,18.76528180038573
BR1,19.554346164528816
BR1,18.18097133313672
BR1,20.17065272813666
BR1,17.48163655338752
BR1,18.67042633654485
BR1,21.929397799385864
BR1,13.789901577640732
BR1,20.4660199469393
BR1,17.872003124371123
BR1,17.720067058238545
BR1,19.22559939494773
BR1,20.33611448264905
BR1,0.4778272171222624
BR1,23.40953063522383
BR1,18.75041148845605
BR1,14.647599320473809
BR1,19.949501985725583
BR1,19.453806125425317
BR1,21.428956174501494
BR1,14.66287460548692
BR1,20.05058981685012
BR1,18.39360243171664
BR1,19.277175325056795
BR1,1.3454786728462391
BR1,17.424376123713373
BR1,21.00620613163871
BR1,16.841040547074517
BR1,18.601482549673484
BR1,15.7287615316701
BR1,20.971642772774796
BR1,19.770794703478916
BR1,16.814976588430547
BR1,16.18347879619123
BR1,5.785102355200292
BR1,15.720465058076892
BR1,0.6830307624553058
BR1,16.064249963598193
BR1,16.912948890376867
BR1,18.934010325012203
BR1,15.751502827094876
BR1,16.38160887853668
BR1,16.39472537028403
BR1,20.80692191858474
BR1,21.2603566712128
BR1,17.748055917519956
BR1,19.77271458399343
BR1,18.810528331712494
BR1,16.7683150170856
BR1,20.94885291765641
BR1,13.880431298142891
BR1,20.06912909664133
BR1,22.15199884155817
BR1,18.15077479738407
BR1,18.007384646340558
BR1,21.43805277393296
BR1,19.966630738845407
BR1,21.5007187533557
BR1,18.36031996214805
BR1,19.192914625108973
BR1,14.47351688011173
BR1,23.513988023983387
BR1,19.313334008030463
BR1,21.225167275722377
BR1,20.46190508205252
BR1,12.643569265128976
BR1,21.294512262212145
BR1,19.54012633713627
BR1,18.132772845759757
BR1,17.696548299678323
BR1,20.10666830913927
BR1,17.91501527197881
BR1,17.209297852604614
BR1,16.744028644108703
BR1,18.31574415486708
BR1,18.441061689315973
BR1,18.86793815189276
BR1,19.47312807312656
BR1,16.677901951893062
BR1,15.945225133341037
BR1,20.465075943409445
BR1,18.406223072135788
BR1,0.8876154217015909
BR1,13.954194254266936
BR1,17.14681547821516
BR1,19.938524198825256
BR1,20.41464800889207
BR1,17.746027612985372
BR1,18.11569038332061
BR1,18.03052226875564
BR1,19.595548345647
BR1,22.10232007887959
BR1,20.016815581901582
BR1,18.572888892512875
BR1,19.306036321196025
BR1,17.511939027607088
BR1,17.644172185368063
BR1,20.626341933484063
BR1,22.339934381899905
BR1,19.99419691738422
BR1,19.594443742796347
BR1,17.951946750357845
BR1,16.291566869047497
BR1,21.09455274673076
BR1,15.340964086895193
BR1,18.4580116404657
BR1,3.659365397755093
BR1,13.073598093983406
BR1,18.59010060446063
BR1,17.713852382016206
BR1,21.17154973686863
BR1,20.160444879812708
BR1,16.90883316835033
BR1,15.530765588791596
BR1,19.78199259126027
BR1,16.618734890862243
BR1,15.372985981069496
BR1,20.282056887395672
BR1,15.802338534929332
BR1,20.65352609147905
BR1,20.69700332970716
BR1,18.129274806366503
BR1,20.408873350170214
BR1,18.059718115812444
BR1,21.78773132618669
BR1,18.874779509895973
BR1,19.72424178607791
BR1,13.270856287678097
BR1,15.206878868507554
BR1,16.26119238714749
BR1,17.547071779687503
BR1,22.911981575776203
BR1,21.969514193126475
BR1,22.164062845589093
BR1,17.907188714276238
BR1,22.06372276656986
BR1,20.55663713045736
BR1,19.977497280028523
BR1,23.350218080356964
BR1,20.421230038075603
BR1,16.447297911251834
BR1,17.822010649071494
BR1,17.860175308569858
BR1,18.830705847642037
BR1,18.45529402669112
BR1,16.62587921891326
BR1,17.977913007021844
BR1,15.190239536094149
BR1,21.211673649702085
BR1,13.768609643483758
BR1,19.83294956768652
BR1,6.734681932420939
BR1,1.9151346314364637
BR1,16.716669940747277
BR1,20.6035224150214
BR1,12.901471298773217
BR1,20.320300771007783
BR1,23.3554042447292
BR1,23.00072924775514
BR1,18.756720925694708
BR1,9.616316825679275
BR1,17.507818674915107
BR1,20.68525810688814
BR1,15.6198901621574
BR1,23.830908424185512
BR1,16.003497541134752
BR1,18.00344775394474
BR1,20.62239705181468
BR1,23.47370032685685
BR1,17.5608084605922
BR1,17.992871127758693
BR1,17.636050185962958
BR1,18.386930341283826
BR1,16.482580074502277
BR1,10.147274919655064
BR1,20.91721342505092
BR1,18.192391474289625
BR1,17.83797012309698
BR1,22.609426321248463
BR1,19.282537375200597
BR1,18.232682110558677
BR1,20.665963243539643
BR1,17.74274068620488
BR1,20.563970410115157
BR1,18.84133488142256
BR1,17.377248957108527
BR1,21.552094618293204
BR1,20.75298600464861
BR1,18.09887682033653
BR1,19.00534105049108
BR1,15.995996005545033
BR1,15.978935714213367
BR1,20.872097793618885
BR1,19.657306796261317
BR1,20.59496524010548
BR1,19.655870553482718
BR1,13.981458808763014
BR1,18.64275737561059
BR1,17.731960631913616
BR1,20.98675201480476
BR1,18.87662470430232
BR1,1.6403946811929873
BR1,20.104845175621087
BR1,16.16243600307768
BR1,19.64847759453097
BR1,0.9585270917336638
BR1,23.426144282846927
BR1,20.757338802009745
BR1,19.292005818910923
BR1,14.363370684184982
BR1,17.24030281659382
BR1,14.867923629941515
BR1,20.802423355178348
BR1,19.00400857401214
BR1,16.991624957103053
BR1,19.52538623069021
BR1,18.55697052441967
BR1,17.803995979894196
BR1,19.78313079478086
BR1,17.83204960200557
BR1,22.10699051547306
BR1,18.779237063257234
BR1,22.18896568678309
BR1,15.282705627558732
BR1,17.376360168260707
BR1,1.9600248102684663
BR1,23.29755889091652
BR1,19.94863450384111
BR1,17.630594843845113
BR1,20.93239398809687
BR1,17.854031515838873
BR1,23.769638033050253
BR1,20.72656981472437
BR1,16.78356349946904
BR1,18.38653855909345
BR1,22.032947255176914
BR1,20.45850626016289
BR1,18.71145461362557
BR1,20.09959901044861
BR1,22.42986341448965
BR1,18.286915127464887
BR1,19.22667607174817
BR1,22.184642509459756
BR1,20.04397658473436
BR1,22.476636347885307
BR1,13.970873584159191
BR1,17.230132433095573
BR1,19.84289695810811
BR1,18.487480179512666
BR1,19.707009126515363
BR1,3.424632208775164
BR1,18.227114127321144
BR1,19.9690489464296
BR1,21.161066586240345
BR1,2.8333261894362605
BR1,18.46940492636422
BR1,20.99051483722512
BR1,17.816488486119514
BR1,20.30160769236921
BR1,18.334521144778524
BR1,20.52254319819877
BR1,16.578294167947018
BR1,20.42876117359846
BR1,22.31863480167916
BR1,17.692837186040517
BR1,19.50290375893417
BR1,21.163766651762764
BR1,15.303241263228568
BR1,16.441214658262986
BR1,20.477504676468
BR1,19.88722542815386
BR1,23.11757700268117
BR1,17.367397904533785
BR1,18.84509937822386
BR1,17.91962702382796
BR1,17.86939775549023
BR1,17.64879528557728
BR1,18.86752074884288
BR1,19.875891339346843
BR1,2.8976521944413687
BR1,1.0782976041836116
BR1,16.691306483664118
BR1,18.17358605556829
BR1,19.32181059634089
BR1,22.11481091663694
BR1,17.24326927546581
BR1,18.880188570767327
BR1,20.902232426512377
BR1,15.432358494614808
BR1,22.575612483547847
BR1,12.981023303027548
BR1,17.063964055781284
BR1,16.850987466066357
BR1,19.86122537620128
BR1,18.13381252946468
BR1,17.5829706110936
BR1,20.226191338095365
BR1,21.8998012840334
BR1,21.862013423432973
BR1,23.02775554802321
BR1,10.93235866304734
BR1,16.66174302004837
BR1,17.66609872231986
BR1,19.61250595372912
BR1,19.270492235618665
BR1,20.4185795533374
BR1,11.593606569715035
BR1,19.740245432934486
BR1,19.32421682062341
BR1,22.499349021501704
BR1,19.55667793738988
BR1,18.73721522485504
BR1,8.872542394696437
BR1,2.834063028573933
BR1,21.407162471518557
BR1,21.812140369410468
BR1,18.520815148726754
BR1,22.065280493705323
BR1,18.098212130169117
BR1,20.884427845915518
BR1,21.479624509711567
BR1,23.689217858109263
BR1,0.0441280570531016
BR1,22.317491159615315
BR1,17.061581396631187
BR1,17.293171844279886
BR1,19.832830119767973
BR1,3.338364403633267
BR1,18.705299994827307
BR1,19.76833557213969
BR1,19.31261183905201
BR1,19.504794622139837
BR1,15.3232897820875
BR1,17.661299171468492
BR1,22.17661912298748
BR1,18.198219045562613
BR1,18.820039964836777
BR1,19.25693290784461
BR1,1.9989233892727336
BR1,19.21736620553436
BR1,22.01127153617343
BR1,19.367047704280367
BR1,19.019719095200717
BR1,22.017815743119492
BR1,0.7875160033476496
BR1,19.236044116234
BR1,19.48711961433762
BR1,14.31352006253717
BR1,21.679904913000197
BR1,23.102359208463252
BR1,19.0098445266956
BR1,15.84025903375406
BR1,20.112590453936228
BR1,17.158479725425646
BR1,17.537960871771375
BR1,19.86613294433025
BR1,15.87535120000848
BR1,20.22503252615451
BR1,6.399224743003126
BR1,18.20784196181425
BR1,2.898195508964437
BR1,18.12713462256244
BR1,21.269330040400103
BR1,20.36757025785237
BR1,15.526601896344973
BR1,16.609621525535903
BR1,19.52235162909803
BR1,16.993023141593106
BR1,18.838862054030624
BR1,18.672863043211805
BR1,18.85639978718607
BR1,17.972358193471607
BR1,17.52603221267078
BR1,19.25298992788961
BR1,15.62812414567066
BR1,17.695128016186832
BR1,19.88085021061461
BR1,13.195888488081938
BR1,17.65093399873427
BR1,18.514344250130563
BR1,18.329418709784704
BR1,19.94000090413436
BR1,15.58916965432935
BR1,18.797798106769992
BR1,17.95933427303473
BR1,18.30701953631693
BR1,15.746611139910378
BR1,17.429637172080344
BR1,21.699222210500444
BR1,18.708616986932565
BR1,17.249344072101493
BR1,18.65924111966885
BR1,21.858056455879225
BR1,21.77624467662845
BR1,18.830682605855376
BR1,12.476710315898089
BR1,18.90315531943077
BR1,19.294652405593457
BR1,19.95607180350501
BR1,17.333797274597824
BR1,17.94302304088998
BR1,15.274917865636482
BR1,18.19423313384828
BR1,17.804927975081682
BR1,22.43722670725764
BR1,19.179722122840783
BR1,16.0763095155649
BR1,14.22981360521927
BR1,16.93485022394287
BR1,18.57753999803221
BR1,20.07280556952673
BR1,19.837439939253954
BR1,22.818898451318034
BR1,22.05578923854703
BR1,18.343803384795763
BR1,23.564002683235
BR1,17.307111729232517
BR1,17.008185480773136
BR1,21.85341357736441
BR1,20.148363563394398
BR1,19.255038527624137
BR1,17.484622155016023
BR1,15.448077100368822
BR1,16.65233822691689
BR1,20.854482838412345
BR1,22.615774502322036
BR1,19.375825228530587
BR1,21.002243037072752
BR1,16.77886190055217
BR1,22.858876513917192
BR1,20.16572843693103
BR1,18.92834207903987
BR1,18.344410464352315
BR1,23.35883954275377
BR1,19.467589176104564
BR1,19.595072924688964
BR1,19.11268773790839
BR1,18.778626215348844
BR1,17.799242604739955
BR1,20.099311247866307
BR1,17.13311336724925
BR1,15.82167907696008
BR1,18.53058423264373
BR1,15.61433424601555
BR1,17.809202302152958
BR1,23.331419585652505
BR1,20.75573132691696
BR1,23.755796184728386
BR1,17.36020387242995
BR1,18.12296852952101
BR1,21.86128538539321
BR1,19.44530547149621
BR1,18.835272731724796
BR1,13.98310448932467
BR1,17.165406749352364
BR1,20.00077963818112
BR1,20.28479762884334
BR1,21.35681757651057
BR1,22.02605266827309
BR1,22.01593120635973
BR1,19.836863730346742
BR1,20.39381085295757
BR1,19.81018048731582
BR1,22.515748226523613
BR1,17.50210040188245
BR1,15.637315716080243
BR1,17.963709888999894
BR1,15.42174059541343
BR1,16.67798626282326
BR1,19.74027348745021
BR1,17.416820053488014
BR1,20.53859604706293
BR1,18.320062513475747
BR1,20.91931654850996
BR1,20.05251023252452
BR1,0.0511984065469276
BR1,19.898273134348685
BR1,18.147657617487265
BR1,20.84530931719748
BR1,16.66425295617867
BR1,20.270605827241937
BR1,14.267869187515856
BR1,20.679232646311306
BR1,20.12888359041747
BR1,19.61615780240256
BR1,17.75184668161901
BR1,18.58412926388673
BR1,18.96426022570416
BR1,20.49376311122825
BR1,17.92628179724445
BR1,15.86014519581684
BR1,19.0807250943538
BR1,3.0035429350413776
BR1,15.459755929970676
BR1,19.55163800695496
BR1,18.84748092798726
BR1,18.454171156881827
BR1,14.811620545372651
BR1,18.018064706834423
BR1,18.94897927445033
BR1,17.411256051410202
BR1,21.3283262305378
BR1,15.227290594102644
BR1,17.990660819453456
BR1,19.945614256881267
BR1,18.47312435113472
BR1,19.98767664014279
BR1,17.94904394681255
BR1,15.299049630864584
BR1,16.81843576593559
BR1,19.284267871056787
BR1,18.23556711921092
BR1,17.839757058397623
BR1,19.367934749722664
BR1,19.010756933007656
BR1,19.822788951576683
BR1,19.79529292664424
BR1,16.86962174715396
BR1,20.861337346274592
BR1,19.269961432182907
BR1,17.41095144774901
BR1,19.226116759591363
BR1,19.177790637913287
BR1,17.783483577884105
BR1,20.845054511438008
BR1,19.93285994789771
BR1,19.41366724043906
BR1,23.250650024174323
BR1,22.698548510204198
BR1,21.634218708764045
BR1,20.997523522232772
BR1,18.32678463238544
BR1,1.0906106815007497
BR1,17.609266865929015
BR1,19.52377723308799
BR1,20.301944277472312
BR1,20.961832640783477
BR1,19.557082155917907
BR1,20.79006047537848
BR1,21.2952397156338
BR1,16.225061607734695
BR1,21.881226274757417
BR1,21.29772141328368
BR1,21.102807007294377
BR1,18.942303604042024
BR1,20.148804151391577
BR1,17.261435710856542
BR1,20.622219227338807
BR1,18.07283249309491
BR1,17.199549000332986
BR1,18.25514632693412
BR1,17.703150165244576
BR1,20.636727311638687
BR1,0.5353703697207415
BR1,18.73413420951721
BR1,17.141855768352876
BR1,18.211011759441405
BR1,21.308868977098957
BR1,23.41946133625143
BR1,17.57110690688323
BR1,18.945260304757987
BR1,20.27350684727598
BR1,17.75425673082422
BR1,18.051277127281296
BR1,18.08706513431427
BR1,20.026163366204983
BR1,22.50937708547117
BR1,22.046500373127177
BR1,19.74254576938589
BR1,17.826636784705254
BR1,19.29013758936556
BR1,18.12167416564749
BR1,21.42012981601713
BR1,16.991168988091612
BR1,19.41314563039452
BR1,18.125309404441644
BR1,16.96527132828245
BR1,21.175258021013164
BR1,18.716800039481832
BR1,20.051657029270476
BR1,19.856170322510383
BR1,19.49854846540678
BR1,18.87061534723782
BR1,19.974302226588577
BR1,19.62970931347636
BR1,16.898568817335637
BR1,18.336757651731755
BR1,18.559599610384364
BR1,17.619301008750035
BR1,22.607965862733217
BR1,18.305506725530563
BR1,19.789057950959368
BR1,17.249778492070412
BR1,18.959286314889606
BR1,20.821225723762804
BR1,17.862615608657663
BR1,21.049025725298065
BR1,18.34528798129873
BR1,20.61428194962296
BR1,21.72377884654176
BR1,17.64533365900752
BR1,19.153567239849966
BR1,19.27088026300164
BR1,20.68976172056473
BR1,17.81948646822624
BR1,23.611757942148568
BR1,20.010255634383995
BR1,23.56383478841142
BR1,17.003726388392604
BR1,18.71788159341683
BR1,17.465894971104277
BR1,18.3708007704021
BR1,18.467944355939576
BR1,14.650044248518435
BR1,19.114447569428314
BR1,20.42567149077837
BR1,14.331639261468387
BR1,20.28905615993756
BR1,17.63749695951898
BR1,21.336381243931505
BR1,17.740201070467112
BR1,17.31785319014548
BR1,17.25284710954926
BR1,20.80529233187907
BR1,17.869598381545547
BR1,18.53716690152393
BR1,19.58421914121836
BR1,19.3276595379937
BR1,16.202812748381085
BR1,21.406460136434188
BR1,18.531229361207465
BR1,16.74227490828697
BR1,18.177810579383287
BR1,17.381226448232027
BR1,16.05548645820639
BR1,20.19306712623724
BR1,19.7351467414374
BR1,15.045882898374554
BR1,0.8970614206330142
BR1,18.503935552843444
BR1,18.815675913525205
BR1,9.865971032730087
BR1,18.9771365492131
BR1,19.1540973611726
BR1,23.348095316295225
BR1,20.15319222761405
BR1,20.772963816975576
BR1,20.601138624973405
BR1,17.621844705067023
BR1,21.57614477102573
BR1,20.026924897272504
BR1,23.078749432420818
BR1,15.670848800719252
BR1,18.253290698559624
BR1,17.744173625353614
BR1,18.03701640127408
BR1,15.915721937086465
BR1,18.710528286719786
BR1,5.365570483733364
BR1,15.760202440435744
BR1,16.5520362473397
BR1,16.988418859600085
BR1,19.453484546568745
BR1,21.5964424436196
BR1,17.81330266305676
BR1,15.237935661773188
BR1,13.511409034757458
BR1,17.0368536208351
BR1,14.792435038435212
BR1,14.48552248294202
BR1,20.115135892278676
BR1,12.59853451733118
BR1,21.037684697950183
BR1,18.41736562842265
BR1,21.588157821869032
BR1,19.990668548116396
BR1,20.65492833446299
BR1,1.7497521137720975
BR1,15.807759449901116
BR1,19.2765000756839
BR1,17.333379197142786
BR1,23.74030567130083
BR1,19.35508808343676
BR1,18.277178751849892
BR1,20.855143082468352
BR1,19.7462582816574
BR1,19.342770975577857
BR1,19.837096494856187
BR1,22.02932313340777
BR1,21.90129289430441
BR1,2.487046988008116
BR1,19.818741168260438
BR1,16.75828512052867
BR1,19.81133336027503
BR1,22.34478719585195
BR1,17.509464611839586
BR1,18.42936055894384
BR1,19.488125431300627
BR1,17.279468860967373
BR1,21.918711825932963
BR1,20.62710455809344
BR1,0.5018118337419614
BR1,15.36850023046896
BR1,22.030749254285062
BR1,19.32560211010874
BR1,0.0629114589808799
BR1,12.402647060729016
BR1,15.379380805580896
BR1,19.064321228690464
BR1,19.84625081855597
BR1,18.590836495802144
BR1,20.70611817229045
BR1,20.53386480099877
BR1,22.71260547939626
BR1,14.70804998773354
BR1,16.595257631738136
BR1,18.98610754569437
BR1,18.74297581389513
BR1,21.13674057055259
BR1,20.33227665814554
BR1,17.917046811765132
BR1,20.11077935229749
BR1,20.997037775506865
BR1,17.340165255197206
BR1,19.42751382867289
BR1,17.445293663065716
BR1,20.877713933574075
BR1,22.661641848187568
BR1,22.2835698184352
BR1,21.227297918500028
BR1,19.688139780774957
BR1,14.337735587229906
BR1,23.190300788213765
BR1,19.248697902410427
BR1,19.15871473522174
BR1,20.516870729011345
BR1,22.928957029571265
BR1,18.75344123512752
BR1,20.784404235910184
BR1,19.81108878088764
BR1,17.830971657359914
BR1,22.540269869039808
BR1,15.00345898288115
BR1,16.15752782165194
BR1,19.39851823859726
BR1,20.852712256144724
BR1,1.4833133592749168
BR1,18.097715963770465
BR1,19.01841912988696
BR1,19.29855724977269
BR1,21.177767174233264
BR1,17.377058127572692
BR1,20.43427214035327
BR1,20.40298709480567
BR1,20.11312310594352
BR1,3.1599963998981977
BR1,21.21846336004312
BR1,18.869970823857145
BR1,21.517355212858405
BR1,14.035184564474022
BR1,19.056505695688795
BR1,17.756916798254817
BR1,21.562028801898958
BR1,21.264501318477407
BR1,16.87444590268338
BR1,17.70510761104394
BR1,20.07580657165042
BR1,21.61431283681074
BR1,20.844806127264253
BR1,15.602192073711038
BR1,19.7078009199476
BR1,19.52894261793617
BR1,20.613517116313268
BR1,19.737695135066
BR1,21.671644984988347
BR1,22.53150836094795
BR1,17.406349209409633
BR1,21.603980912325486
BR1,20.19331695872681
BR1,21.85819940848941
BR1,17.810990922498434
BR1,20.640624992652427
BR1,14.905193021371252
BR1,20.411291632667613
BR1,17.4430713012087
BR1,20.51071434106417
BR1,0.0647641930136661
BR1,16.246637491126258
BR1,22.74612344178366
BR1,15.435844152689691
BR1,22.82306171016005
BR1,19.115816053118827
BR1,17.80512679432489
BR1,18.295089688569355
BR1,21.69644758911032
BR1,17.88943354053201
BR1,18.673819719234807
BR1,20.60635034227321
BR1,21.69671251823849
BR1,21.549206465589
BR1,22.147525535223345
BR1,21.833936444731773
BR1,18.4428917509665
BR1,17.149456307212578
BR1,17.888529889629197
BR1,22.19533754929885
BR1,20.64820181641352
BR1,21.501254985672023
BR1,18.53720869150835
BR1,18.97946957610269
BR1,21.492784421230212
BR1,18.74957955509677
BR1,18.70610113806455
BR1,23.202836717834497
BR1,16.1507083372287
BR1,5.853788357080933
BR1,18.326982405360337
BR1,21.261195634674987
BR1,15.86627253622298
BR1,18.829117831826444
BR1,21.0836043897478
BR1,14.075544992282426
BR1,21.589547955894567
BR1,18.565612677321617
BR1,18.092691133966085
BR1,19.761559810254443
BR1,17.992918713591923
BR1,18.348749253070864
BR1,15.891916115940187
BR1,20.85555104842474
BR1,22.037366835240626
BR1,19.47631986717298
BR1,19.44682091084009
BR1,20.125441996661905
BR1,0.1456795012115664
BR1,13.06725015367993
BR1,15.92503047594639
BR1,18.324213512209177
BR1,17.109869754781883
BR1,19.561558693045253
EUN1,20.534078075042697
EUN1,16.803629618267973
EUN1,18.5802689082047
EUN1,20.135946930531883
EUN1,16.95511759324995
EUN1,16.282000008381583
EUN1,19.981351156114137
EUN1,23.6795828855273
EUN1,15.855139615018974
EUN1,22.322216225589223
EUN1,20.68593336952184
EUN1,17.43831129845347
EUN1,19.1205827763793
EUN1,22.293887885522427
EUN1,18.650525567277167
EUN1,22.12722683273261
EUN1,18.80058816027078
EUN1,19.165235224583817
EUN1,16.164181073037852
EUN1,20.23747866927669
EUN1,19.85564924049555
EUN1,16.838900834022
EUN1,19.42279507754266
EUN1,20.408090033918285
EUN1,17.15934570181439
EUN1,15.419885162235731
EUN1,17.163963498574137
EUN1,17.048675516106687
EUN1,15.977288238651026
EUN1,16.66931558550826
EUN1,21.285384808083013
EUN1,19.80482113804181
EUN1,19.65749336171126
EUN1,20.050640817558577
EUN1,19.66135109525568
EUN1,18.262412934087507
EUN1,18.071616928580788
EUN1,18.77107222613337
EUN1,21.61246366672173
EUN1,18.48394196469617
EUN1,19.02002804374123
EUN1,18.690724375973645
EUN1,19.88684697674751
EUN1,16.585259384279183
EUN1,18.11726066765594
EUN1,18.235292150184016
EUN1,18.235992232130247
EUN1,18.52539802047554
EUN1,16.916263507140965
EUN1,18.372936458901812
EUN1,17.292510415706346
EUN1,18.468674438029065
EUN1,17.21429560848309
EUN1,18.554653924018737
EUN1,21.625623845274543
EUN1,16.905928302762597
EUN1,21.56390834225172
EUN1,20.22228609731916
EUN1,18.69784237798357
EUN1,19.86775612647798
EUN1,19.19618658921329
EUN1,16.556406255238947
EUN1,16.23672405343172
EUN1,19.716236074847718
EUN1,17.92881189255463
EUN1,21.249083100323105
EUN1,19.04622609275497
EUN1,17.12805176893984
EUN1,18.56349392829784
EUN1,16.423490760059842
EUN1,23.2967379373192
EUN1,18.831396948371005
EUN1,17.318774596798043
EUN1,19.354388621012383
EUN1,16.29978441825017
EUN1,16.11978848341986
EUN1,18.68781357848456
EUN1,18.30181082012344
EUN1,17.631428477458364
EUN1,16.773139765043595
EUN1,17.982089221790886
EUN1,22.310234450387966
EUN1,15.085016478232198
EUN1,20.09569394470525
EUN1,17.513623143140023
EUN1,17.873888167364218
EUN1,17.76309430313564
EUN1,18.77377193536185
EUN1,16.09843915434723
EUN1,19.78853498743649
EUN1,17.238190161816284
EUN1,18.18794621140415
EUN1,4.383419304437769
EUN1,23.66647541018556
EUN1,18.060494243301065
EUN1,19.178287828175943
EUN1,21.818641828975466
EUN1,17.77339235667119
EUN1,18.319184729116117
EUN1,19.97130881867416
EUN1,14.446107952579045
EUN1,17.20736861747546
EUN1,21.97748451001596
EUN1,19.85692231201731
EUN1,18.51062724089572
EUN1,19.34089577933903
EUN1,17.693974692348554
EUN1,18.03503024791907
EUN1,16.52703510264385
EUN1,20.50874449384592
EUN1,18.7235038407049
EUN1,19.090999095872693
EUN1,17.637468549713134
EUN1,19.708982567708752
EUN1,17.924563399470518
EUN1,20.04760713015416
EUN1,20.92506479447086
EUN1,18.28351021146028
EUN1,19.34389936539282
EUN1,18.178402995494864
EUN1,17.856905174238204
EUN1,19.100405631426
EUN1,14.994132482608231
EUN1,18.64140059657421
EUN1,15.277677269495353
EUN1,17.74752819586939
EUN1,21.57708308864272
EUN1,20.63598441587026
EUN1,21.40799143408666
EUN1,21.739837746618107
EUN1,18.852333466765263
EUN1,20.530474682952637
EUN1,19.15348170747917
EUN1,17.818747878524558
EUN1,17.9146943826711
EUN1,19.0106532427543
EUN1,18.10235682561345
EUN1,18.31118594242172
EUN1,17.7431114056604
EUN1,17.342802896000524
EUN1,20.531115907897878
EUN1,22.14810709666577
EUN1,1.0540001856606247
EUN1,19.916294872522958
EUN1,15.143998061337076
EUN1,16.487129308952138
EUN1,19.42469482776457
EUN1,19.748745547308285
EUN1,19.24744374157564
EUN1,20.19237302954008
EUN1,21.308421935313504
EUN1,14.814879284839924
EUN1,17.39277118435041
EUN1,21.793508517758685
EUN1,21.807449132023173
EUN1,17.27499589131038
EUN1,9.753613746528028
EUN1,23.020535691966803
EUN1,21.94394863699112
EUN1,21.271677382241496
EUN1,18.423211758980564
EUN1,17.269067011521084
EUN1,15.690359025951404
EUN1,15.685867235568807
EUN1,17.694087028788623
EUN1,17.347013782183122
EUN1,19.13619366693817
EUN1,18.806980434396426
EUN1,17.704755407678057
EUN1,15.392375203872032
EUN1,23.103704333619987
EUN1,17.89422773115877
EUN1,18.268688145765463
EUN1,18.665055797243703
EUN1,16.007506667983428
EUN1,14.095086426530704
EUN1,16.791074809753084
EUN1,20.26245753637348
EUN1,19.218523806257604
EUN1,21.856044940299416
EUN1,17.97216042053468
EUN1,22.6881319905568
EUN1,18.16841201726559
EUN1,22.039817102012226
EUN1,15.765561160263278
EUN1,19.1021021535842
EUN1,17.80177641162548
EUN1,19.02487570100949
EUN1,19.79617080196679
EUN1,16.500732540769214
EUN1,18.940957327958387
EUN1,17.552135650480256
EUN1,19.563361877021634
EUN1,2.769957903813862
EUN1,18.64537343540736
EUN1,18.029736532111546
EUN1,15.979042660542396
EUN1,17.266167386922636
EUN1,19.417606687008696
EUN1,18.972785080001263
EUN1,15.1688920180901
EUN1,18.85877347753514
EUN1,21.542094754613025
EUN1,13.555506816282216
EUN1,18.216633561468964
EUN1,18.08853829565697
EUN1,20.775873385790597
EUN1,19.32025259408703
EUN1,20.44897420612848
EUN1,16.082819949257576
EUN1,17.925118526190918
EUN1,18.296193506529136
EUN1,19.58888292675296
EUN1,18.68111807203523
EUN1,17.097161662352264
EUN1,18.534290345577517
EUN1,13.966238258385834
EUN1,19.022401569700914
EUN1,21.95130895362172
EUN1,18.864581209547264
EUN1,17.22700108786325
EUN1,18.06774701674172
EUN1,18.7652961125093
EUN1,23.449613349057927
EUN1,18.002010731111717
EUN1,19.08215228850642
EUN1,17.281775604431765
EUN1,19.838079420958127
EUN1,1.3415893675864998
EUN1,18.884386004832997
EUN1,17.914758468479267
EUN1,19.971697873600625
EUN1,19.773040461170595
EUN1,19.57102968221192
EUN1,18.64928758097648
EUN1,20.63043762642188
EUN1,16.399095619381672
EUN1,20.25221744920045
EUN1,18.060255215690624
EUN1,18.508699197781603
EUN1,16.830694022369602
EUN1,20.20584815040404
EUN1,20.1953127560142
EUN1,19.929453128292582
EUN1,21.45062629884108
EUN1,16.609688257269884
EUN1,21.371050439071084
EUN1,23.174758307959305
EUN1,17.269008517775376
EUN1,17.729856892267723
EUN1,17.85238897508165
EUN1,0.0379057773186844
EUN1,18.93255036647938
EUN1,19.145166912177697
EUN1,21.990341385380024
EUN1,21.18284124858985
EUN1,23.03927095486486
EUN1,18.15002792679033
EUN1,17.02219977397668
EUN1,18.0381299037925
EUN1,7.417726283609625
EUN1,14.56739041283824
EUN1,18.1744762625246
EUN1,19.835516294165863
EUN1,17.667019850394517
EUN1,20.245095077300725
EUN1,22.3460212787564
EUN1,19.20850987201793
EUN1,17.488830218865523
EUN1,17.567903056898672
EUN1,17.586757128888394
EUN1,16.723927698299764
EUN1,19.948355036713156
EUN1,2.760299553517404
EUN1,19.537158695274204
EUN1,20.170301539520228
EUN1,21.58115521780177
EUN1,23.370490897608143
EUN1,19.692322484928752
EUN1,19.65037353170016
EUN1,15.764732451728834
EUN1,20.95621742563238
EUN1,20.848289200745587
EUN1,14.701238841390468
EUN1,20.041757913678712
EUN1,19.076503572414
EUN1,17.380874757331984
EUN1,17.84197643625045
EUN1,20.24699102742975
EUN1,20.44787511583835
EUN1,21.695377256109403
EUN1,19.424817448274084
EUN1,21.879660528962663
EUN1,17.49851792081341
EUN1,18.92293265082582
EUN1,16.137232610523522
EUN1,16.608252536577975
EUN1,22.21668216333671
EUN1,15.538358093721108
EUN1,15.59569693770322
EUN1,18.063458847094463
EUN1,17.399153262411417
EUN1,17.55735390907747
EUN1,18.0810470057116
EUN1,19.30738879134833
EUN1,21.6420137346002
EUN1,20.78340743914455
EUN1,13.425579565310615
EUN1,18.174916602336825
EUN1,18.117164779198564
EUN1,20.150042755007167
EUN1,17.52174087475484
EUN1,20.93529551562099
EUN1,19.85030328519256
EUN1,16.885245601248908
EUN1,20.483571365065444
EUN1,23.398903086855952
EUN1,17.605250794883855
EUN1,17.67931911477788
EUN1,4.696060236769922
EUN1,18.237802097084977
EUN1,18.48294279447608
EUN1,20.89908768576876
EUN1,14.801500490272248
EUN1,15.488287695525726
EUN1,0.6451859118486473
EUN1,20.66896086751972
EUN1,18.16561862149251
EUN1,16.686540123384138
EUN1,15.627235679694705
EUN1,17.807134798323666
EUN1,15.6453044788134
EUN1,16.41837290501837
EUN1,21.092144476956214
EUN1,14.90467826655515
EUN1,19.8989586223326
EUN1,16.059046722111116
EUN1,20.43742320192798
EUN1,18.792809242998626
EUN1,19.8299746645502
EUN1,18.85888355664162
EUN1,17.198129068497234
EUN1,15.268939126895024
EUN1,19.74079095284117
EUN1,18.699346625368964
EUN1,18.69209708028512
EUN1,22.094371360080107
EUN1,19.562854825855933
EUN1,20.618494845775853
EUN1,19.93797909075192
EUN1,20.088084484815933
EUN1,20.76833374752835
EUN1,16.111877537959955
EUN1,17.623600099615096
EUN1,16.327343381304146
EUN1,19.811609231574455
EUN1,18.62512746509292
EUN1,23.05103809455621
EUN1,20.55831777497406
EUN1,15.657806623981337
EUN1,22.044062407070392
EUN1,14.213255038959511
EUN1,14.90762885327488
EUN1,16.95887229552579
EUN1,20.14075433484229
EUN1,19.1824894240968
EUN1,16.44297169829299
EUN1,17.192602206695167
EUN1,19.835547819130824
EUN1,17.440509666842225
EUN1,16.099297193938856
EUN1,18.161427632807367
EUN1,22.41029068619533
EUN1,10.577809842076036
EUN1,15.59952209840096
EUN1,2.210197703741871
EUN1,17.99466359240367
EUN1,21.6163121265506
EUN1,19.85423203757077
EUN1,17.189298187948935
EUN1,15.539517914727067
EUN1,19.986889689704743
EUN1,19.27635727833425
EUN1,19.649713425015246
EUN1,16.44179242255509
EUN1,17.237671075346633
EUN1,20.701217808759253
EUN1,13.772710598095731
EUN1,22.76422670523271
EUN1,18.24910090620302
EUN1,20.89500832966693
EUN1,20.17393259558225
EUN1,18.402138601519468
EUN1,18.2502410690142
EUN1,23.01459391781638
EUN1,18.231460704428496
EUN1,17.96725989126492
EUN1,15.48837722441676
EUN1,19.926886408705183
EUN1,22.2428707623486
EUN1,21.801417716930835
EUN1,18.52627923050882
EUN1,19.89023929979555
EUN1,19.30066931798712
EUN1,19.491570757010187
EUN1,21.9441566746392
EUN1,17.654735383192694
EUN1,19.5733117155076
EUN1,15.815078278276552
EUN1,2.400968521192368
EUN1,19.902821488531124
EUN1,19.993211995896765
EUN1,20.85214579645073
EUN1,17.513245824796872
EUN1,21.79330950530216
EUN1,19.569567134118262
EUN1,15.41732736970586
EUN1,20.74986837002533
EUN1,18.747802994217835
EUN1,23.201361005433863
EUN1,18.406320008916143
EUN1,19.63222611102784
EUN1,16.724665104857454
EUN1,20.09696518424336
EUN1,20.862104112991474
EUN1,16.092329010782418
EUN1,19.0109188977479
EUN1,20.209778879954595
EUN1,18.176101343894658
EUN1,14.144456178105813
EUN1,15.687525973846794
EUN1,23.408654202437837
EUN1,0.2362297724219148
EUN1,20.0015569583504
EUN1,16.476906581265595
EUN1,19.243571941793064
EUN1,22.034234012021194
EUN1,19.200603954420018
EUN1,20.0697405860823
EUN1,15.286159710203965
EUN1,18.37843609215402
EUN1,15.00474598798279
EUN1,16.797954910091526
EUN1,18.689692590940314
EUN1,17.351963608793774
EUN1,21.785849653778083
EUN1,15.87550614412292
EUN1,18.9670161340802
EUN1,14.662429623757715
EUN1,18.078401606855145
EUN1,19.22488104260764
EUN1,20.413358474863102
EUN1,16.9598714413492
EUN1,21.248490614648684
EUN1,21.03247392724378
EUN1,19.6335584054964
EUN1,18.07673341503652
EUN1,20.35001634561824
EUN1,20.753206560793306
EUN1,21.554772645430614
EUN1,18.96383980368289
EUN1,20.127824997592636
EUN1,16.988152255968068
EUN1,18.636697875415017
EUN1,6.142660109254693
EUN1,19.8753727491049
EUN1,18.421061469641195
EUN1,23.624109505814584
EUN1,22.34088877339404
EUN1,12.78932884183615
EUN1,15.407765813389476
EUN1,17.564417694559985
EUN1,20.4583989972358
EUN1,18.292270887967334
EUN1,20.01845719788169
EUN1,16.237889842961273
EUN1,18.256624309020413
EUN1,20.963313270142944
EUN1,1.4764367418462825
EUN1,19.87259811403088
EUN1,4.677281050230199
EUN1,20.166380425402416
EUN1,21.12147972696132
EUN1,19.850293795407158
EUN1,19.453990709227742
EUN1,15.633891296573946
EUN1,17.209618339490937
EUN1,19.50097457951553
EUN1,17.309481674576833
EUN1,20.269889139717343
EUN1,19.07908901515117
EUN1,18.51925625217332
EUN1,13.187426722093038
EUN1,23.537638280338435
EUN1,20.330955898940765
EUN1,17.252880435570866
EUN1,21.36550000797762
EUN1,22.476973205295447
EUN1,14.957971657424594
EUN1,22.62180107467149
EUN1,17.20677128061999
EUN1,20.64493448030511
EUN1,18.732437009491395
EUN1,20.62767699562704
EUN1,16.0060850424014
EUN1,20.07726268336606
EUN1,17.80894004213161
EUN1,16.20095486268642
EUN1,18.295858462649708
EUN1,0.2248624770060177
EUN1,22.52643133883963
EUN1,19.88102335273252
EUN1,19.316350638503447
EUN1,16.112596701979903
EUN1,19.597869567830656
EUN1,18.461187547242247
EUN1,19.37250261435469
EUN1,16.004934417096862
EUN1,17.14394729464092
EUN1,21.441420901425467
EUN1,18.896868037670977
EUN1,15.730078751898477
EUN1,14.436348494281876
EUN1,16.769325561497936
EUN1,21.340025505905192
EUN1,18.834296892466888
EUN1,16.888759005117365
EUN1,19.879201963222854
EUN1,18.04425601904605
EUN1,18.162118442301534
EUN1,18.62897311942452
EUN1,18.587981033798304
EUN1,20.52161393646704
EUN1,17.845748653588625
EUN1,23.262079485429137
EUN1,18.687813835955147
EUN1,1.8631696480655933
EUN1,16.641583952882918
EUN1,18.96676894763012
EUN1,19.63687456560714
EUN1,23.32925106905049
EUN1,17.21994285557345
EUN1,16.440878278878465
EUN1,21.78602003868983
EUN1,23.651116311253336
EUN1,1.0457141475841374
EUN1,20.30418036669466
EUN1,20.01386568735876
EUN1,18.835519151197303
EUN1,20.16468158992652
EUN1,20.94615264701199
EUN1,15.943109312920162
EUN1,18.339360931573385
EUN1,17.641113170786802
EUN1,18.978360630905293
EUN1,19.79845877043943
EUN1,18.698435841794325
EUN1,20.97138010168859
EUN1,20.55016066451206
EUN1,17.541302267913387
EUN1,19.36847386757765
EUN1,18.060537391695
EUN1,21.17407018192644
EUN1,17.13291214962606
EUN1,19.37791539006984
EUN1,21.56011984125529
EUN1,20.5501010904781
EUN1,21.241768695429805
EUN1,22.503919170263693
EUN1,19.955500227073166
EUN1,17.4533306985073
EUN1,16.961459081104838
EUN1,15.852170009803228
EUN1,15.608994076130273
EUN1,21.268857174667502
EUN1,17.93219189483832
EUN1,18.62029951392225
EUN1,19.629459566494784
EUN1,16.968931770268078
EUN1,21.946176859855864
EUN1,16.35258700697143
EUN1,12.771270001583728
EUN1,18.2530385537085
EUN1,19.688572341876316
EUN1,13.573326525283106
EUN1,22.430473243200005
EUN1,17.35386686336144
EUN1,19.54342480575032
EUN1,23.94132024605624
EUN1,17.380133242989725
EUN1,22.093385743644987
EUN1,17.02004922178863
EUN1,17.974310762337165
EUN1,20.11321489665034
EUN1,19.4034722509557
EUN1,18.902351361273872
EUN1,21.449127754803463
EUN1,18.309236928488044
EUN1,18.693425532141465
EUN1,19.64848760034169
EUN1,18.890866250983187
EUN1,17.846219468306092
EUN1,20.39885142840532
EUN1,18.340037832683613
EUN1,19.58332965340166
EUN1,22.67280832323469
EUN1,19.227041091151257
EUN1,22.593644551119286
EUN1,21.448837329540115
EUN1,19.86796563272753
EUN1,16.720463718861435
EUN1,16.95848220367903
EUN1,13.45030704973534
EUN1,17.623109936212593
EUN1,18.977126268584623
EUN1,18.00409453430172
EUN1,18.919500427814064
EUN1,17.336434458603563
EUN1,9.01379252522123
EUN1,19.80733307050016
EUN1,18.00396199329334
EUN1,18.381477260508746
EUN1,16.772036700428334
EUN1,19.9076242260378
EUN1,21.95579562524056
EUN1,17.025992822206835
EUN1,22.32225462758675
EUN1,19.38077585805393
EUN1,18.38777354256141
EUN1,20.28265887144454
EUN1,19.093793985491786
EUN1,16.739157064706912
EUN1,20.05943141815692
EUN1,19.68176747719901
EUN1,16.593724454302944
EUN1,21.247658939038963
EUN1,17.76089048517943
EUN1,21.40818169706643
EUN1,22.4531589763754
EUN1,17.864105086807367
EUN1,19.79032497998225
EUN1,20.98039079070926
EUN1,22.637729979161083
EUN1,0.7583282973229268
EUN1,22.144561780425093
EUN1,19.79070018888471
EUN1,15.766167379714444
EUN1,19.162219617023226
EUN1,21.685484439650413
EUN1,10.258423264265996
EUN1,21.552928266711305
EUN1,15.893604559717025
EUN1,6.106657017067243
EUN1,1.168802472566365
EUN1,19.60862419144452
EUN1,19.63413458296303
EUN1,16.409122064563373
EUN1,18.744242591264488
EUN1,17.32631355071277
EUN1,17.396633835326902
EUN1,17.74393503102921
EUN1,16.187710685621422
EUN1,16.98886903117222
EUN1,16.541906350660543
EUN1,19.26064298410005
EUN1,15.941857962538633
EUN1,18.807664853942807
EUN1,19.599191606881583
EUN1,1.3959230176924624
EUN1,2.201966505956385
EUN1,20.027400590954446
EUN1,21.81301515210953
EUN1,21.21676053340023
EUN1,17.466048880664
EUN1,17.75144940360176
EUN1,20.440437863646032
EUN1,18.16619818467661
EUN1,19.77079085773667
EUN1,18.42114343831077
EUN1,18.932750995250096
EUN1,20.74397423059529
EUN1,22.90031165084371
EUN1,16.752120286472422
EUN1,21.03585793892328
EUN1,23.158723819040382
EUN1,16.491665274378718
EUN1,21.478515445609418
EUN1,19.287181901058613
EUN1,18.28630631048753
EUN1,17.43397210203945
EUN1,18.414892882423064
EUN1,16.83999965025132
EUN1,18.539743468250663
EUN1,17.84626210560056
EUN1,22.075423653672445
EUN1,20.47925820853501
EUN1,16.731644337313142
EUN1,18.76061411109985
EUN1,18.76069578554408
EUN1,14.414620723908824
EUN1,17.249277781874255
EUN1,20.39115467246369
EUN1,20.19834050403886
EUN1,20.883090494233382
EUN1,19.161193779562
EUN1,19.2179285175712
EUN1,23.65086207800323
EUN1,18.92580581374214
EUN1,20.09344879891066
EUN1,20.17023701804907
EUN1,17.08235544593811
EUN1,17.64413353631395
EUN1,21.0174182936529
EUN1,16.974114611307087
EUN1,0.0880751502144538
EUN1,15.810419538367368
EUN1,23.0232218907647
EUN1,18.07354317060268
EUN1,22.93879674307844
EUN1,19.96396737487493
EUN1,19.012217944307302
EUN1,15.311410296342178
EUN1,18.246468328065102
EUN1,18.32239088797661
EUN1,15.915656922890602
EUN1,17.17122098489085
EUN1,18.55358522021715
EUN1,17.216066865890486
EUN1,3.684507720183161
EUN1,15.260036186109328
EUN1,20.105415680481297
EUN1,21.38703989359324
EUN1,18.57906142978309
EUN1,16.79329689605612
EUN1,18.050696476532742
EUN1,22.840535218795907
EUN1,15.600584888531085
EUN1,17.15534462598849
EUN1,15.621459843282372
EUN1,20.28491201167689
EUN1,18.446047623477043
EUN1,18.93382919018413
EUN1,19.643941833251905
EUN1,1.0832812914137926
EUN1,20.914179409094377
EUN1,3.765627087621149
EUN1,21.1616545091678
EUN1,20.621908842135813
EUN1,16.537767728419357
EUN1,22.08930286770433
EUN1,18.34628153526211
EUN1,22.95018302695928
EUN1,21.938649856190803
EUN1,23.984371333553977
EUN1,3.7602349547524487
EUN1,20.18568356303329
EUN1,16.19249220855303
EUN1,18.08516586521266
EUN1,16.915123814091537
EUN1,17.507581830267434
EUN1,17.387532899772243
EUN1,16.82036894130319
EUN1,22.343759068060557
EUN1,11.472320278145167
EUN1,19.52244389516145
EUN1,19.61761953741733
EUN1,13.546166787823855
EUN1,18.96983793358819
EUN1,17.797018578226087
EUN1,16.22422969605266
EUN1,20.3520132443224
EUN1,19.526620973149768
EUN1,20.03194586741413
EUN1,19.87518428877359
EUN1,23.381516227921185
EUN1,15.55803063082048
EUN1,20.035904806282037
EUN1,17.946798579356468
EUN1,22.60577280650076
EUN1,19.382897967225887
EUN1,19.59519762457066
EUN1,15.896662406457567
EUN1,16.394165571868253
EUN1,15.412082170425668
EUN1,16.39120363020108
EUN1,18.234106008855413
EUN1,20.051465578360133
EUN1,17.934410678396883
EUN1,20.14345635048132
EUN1,18.96386830230539
EUN1,22.00096541981138
EUN1,19.44269627562403
EUN1,19.06608857876075
EUN1,18.31610607337876
EUN1,16.808680468744985
EUN1,19.90216549559597
EUN1,18.473920846961978
EUN1,17.755730817995527
EUN1,22.727286511547685
EUN1,21.78505227859809
EUN1,20.60164709680993
EUN1,18.230212131928536
EUN1,18.231179234588183
EUN1,17.086268014593198
EUN1,18.343434715563035
EUN1,13.956244874453342
EUN1,20.37191179355631
EUN1,19.04367273039169
EUN1,8.370668559066399
EUN1,19.42805519302664
EUN1,11.455253574777224
EUN1,14.996772818950102
EUN1,19.53079856552685
EUN1,20.254393847824566
EUN1,18.39449088296947
EUN1,15.8289710973045
EUN1,16.961394675930357
EUN1,14.840987614472848
EUN1,18.40329940331569
EUN1,11.63685736664304
EUN1,17.866735978254287
EUN1,11.21530157539874
EUN1,15.8949519626754
EUN1,18.50138674181257
EUN1,21.21683775403663
EUN1,18.837450693901094
EUN1,16.254146548757237
EUN1,16.65638451103289
EUN1,22.84268610491102
EUN1,18.39977409041962
EUN1,18.91436452102992
EUN1,23.271963986989068
EUN1,19.12429535752737
EUN1,18.799285204892463
EUN1,19.37075921682379
EUN1,2.7784998043317803
EUN1,15.861934831685318
EUN1,1.1741707432313673
EUN1,20.677808185282935
EUN1,20.939966001586644
EUN1,18.31815284659991
EUN1,19.41224547622811
EUN1,20.46010797083921
EUN1,21.9244785483118
EUN1,1.4623081790327594
EUN1,0.1076751260134394
EUN1,23.380854927496056
EUN1,19.159396512165507
EUN1,19.4537752780086
EUN1,21.930971046571667
EUN1,16.096736908929447
EUN1,21.149635784089465
EUN1,17.43574859771965
EUN1,19.605367732067776
EUN1,10.062372051214732
EUN1,17.647989210836496
EUN1,16.69975400189783
EUN1,21.516916439086245
EUN1,16.346440923965602
EUN1,19.328182251950143
EUN1,23.279104700189183
EUN1,23.13034948428133
EUN1,20.72271388808052
EUN1,20.58195470206903
EUN1,17.52068012474564
EUN1,20.536421712782683
EUN1,17.09869427638798
EUN1,17.172169668946754
EUN1,1.3383841271667942
EUN1,21.922739568240416
EUN1,18.04541163288409
EUN1,18.647661507935823
EUN1,21.08877167469318
EUN1,18.53266617419128
EUN1,18.604847932527026
EUN1,19.09312460275963
EUN1,18.6399597433346
EUN1,16.39119655941928
EUN1,18.05922721726553
EUN1,20.696610209920564
EUN1,15.493980442852424
EUN1,17.29016345583087
EUN1,19.04256143695555
EUN1,14.970397332846854
EUN1,19.2178127021316
EUN1,17.733251038570064
EUN1,20.54854129991896
EUN1,6.18369509829542
EUN1,19.91668801561842
EUN1,19.51825553299156
EUN1,18.406834815965414
EUN1,15.941991255397284
EUN1,20.38342197109136
EUN1,15.002451884292086
EUN1,19.45029125061596
EUN1,16.577714547860314
EUN1,17.621075683797052
EUN1,20.31795281694424
EUN1,18.882456023080685
EUN1,20.151321138837705
EUN1,20.50141976196345
EUN1,17.128364163466756
EUN1,18.85010908492819
EUN1,19.90897383762569
EUN1,21.11751072144889
EUN1,14.658084210788154
EUN1,18.539135241270547
EUN1,16.83649320711624
EUN1,17.75044639614611
EUN1,20.49322631795308
EUN1,20.209066729718337
EUN1,17.339119994177974
EUN1,16.744038766270936
EUN1,4.113627533903451
EUN1,4.6654234856792165
EUN1,19.061797003194847
EUN1,20.00991433852309
EUN1,22.303603005842977
EUN1,19.81762299439548
EUN1,20.539741321552
EUN1,22.165129520631474
EUN1,16.666552478203233
EUN1,18.929828712768074
EUN1,19.454453356692508
EUN1,16.00941068543256
EUN1,18.359333637382385
EUN1,21.21535910274084
EUN1,17.61773619607099
EUN1,18.446712256762066
EUN1,16.699784053398844
EUN1,20.04915670645121
EUN1,17.34256063805256
EUN1,22.81676616826986
EUN1,18.459206042300053
EUN1,19.0700506674234
EUN1,19.044692492180463
EUN1,14.802125464984456
EUN1,12.727483077404338
EUN1,16.495537702066237
EUN1,18.53347665826759
EUN1,15.830345350132498
EUN1,20.86994411872922
EUN1,17.76470750137831
EUN1,19.3805184337124
EUN1,18.20829862547452
EUN1,17.16726419985665
EUN1,17.16733634829257
EUN1,15.24464715933762
EUN1,1.213607127812831
EUN1,20.2876053176816
EUN1,13.800729373406377
EUN1,18.610387960819583
EUN1,19.083814781928083
EUN1,16.881143168477937
EUN1,0.5730163585534527
EUN1,18.45064595940911
EUN1,17.90419997805223
EUN1,21.31340615516528
EUN1,17.836391271515954
EUN1,22.167887739731015
EUN1,16.126736606392548
EUN1,17.729600469039507
EUN1,21.939053897165
EUN1,17.787306476763433
EUN1,21.053912486917568
EUN1,19.079975497234663
EUN1,19.526421666708632
EUN1,18.307696635878745
EUN1,18.991472641991763
EUN1,15.673887139882014
EUN1,18.234100502533728
EUN1,18.60046862243205
EUN1,18.04023211458483
EUN1,20.70870587103379
EUN1,20.615536005674603
EUN1,18.55268246998203
EUN1,19.807369841157577
EUN1,16.592032134685653
EUN1,20.067131424955356
EUN1,22.446683785722986
EUN1,19.291600015829665
EUN1,19.95436341971778
EUN1,17.32067673989709
EUN1,18.577200911805697
EUN1,20.357267242952076
EUN1,19.657249274810887
EUN1,18.36502055098595
EUN1,18.8786353560014
EUN1,16.976706342369507
EUN1,17.93502189498579
EUN1,19.73683338681617
EUN1,18.88601619753548
EUN1,20.64896014303548
EUN1,20.27248061492256
EUW1,15.71040037749725
EUW1,16.254770170272455
EUW1,21.61679044174364
EUW1,20.084193494939196
EUW1,22.858681926509128
EUW1,20.062852425970554
EUW1,16.823883304610586
EUW1,17.10248569184675
EUW1,19.73143164151191
EUW1,19.852996273908907
EUW1,22.005348640888656
EUW1,18.37114115867413
EUW1,19.189650393171107
EUW1,18.2896529882206
EUW1,18.04609601392704
EUW1,1.6891442785482202
EUW1,20.092429820454512
EUW1,11.166679046850604
EUW1,20.110549509689125
EUW1,17.810745853145118
EUW1,16.043628507092034
EUW1,19.06466161401354
EUW1,16.042190729215427
EUW1,13.550240041789753
EUW1,16.872189518091965
EUW1,19.51879723470769
EUW1,18.112132373043657
EUW1,23.00920681677056
EUW1,18.71967537220917
EUW1,17.650736518061954
EUW1,19.286656436969423
EUW1,21.962196111954725
EUW1,22.687890817502808
EUW1,19.70177458701509
EUW1,18.73750718464294
EUW1,19.016153348093347
EUW1,20.5934713402155
EUW1,17.292416993848896
EUW1,21.01219620742204
EUW1,16.154674977611492
EUW1,16.99950220198064
EUW1,17.61373088401116
EUW1,17.926640562334264
EUW1,19.997119358791736
EUW1,19.539574053232336
EUW1,14.381971268384644
EUW1,0.9459814125712224
EUW1,17.896256198217934
EUW1,15.880177842974364
EUW1,16.328914087871343
EUW1,22.178376116674684
EUW1,18.071590079205706
EUW1,23.25614309750233
EUW1,18.25699238275873
EUW1,17.021155114930696
EUW1,23.64951562339928
EUW1,18.3051464210447
EUW1,16.457494820255132
EUW1,20.759929246382857
EUW1,22.84340174078423
EUW1,18.74875069162849
EUW1,20.59484436017747
EUW1,16.650814978382005
EUW1,16.985102592453643
EUW1,12.8526618667663
EUW1,15.549291441347968
EUW1,18.366055264261256
EUW1,19.9621317677376
EUW1,20.14449689391611
EUW1,19.719118938345325
EUW1,14.653675204596045
EUW1,20.85708984890163
EUW1,20.44672002699006
EUW1,19.381995595912144
EUW1,16.66995763040294
EUW1,15.64518649918492
EUW1,18.40957829351892
EUW1,20.90085448209458
EUW1,18.64067743885467
EUW1,19.301545988631013
EUW1,20.180991475603317
EUW1,11.952504280662817
EUW1,16.428594764502133
EUW1,15.314561740960016
EUW1,17.29394643617315
EUW1,18.996932489583862
EUW1,15.586655089190808
EUW1,16.63325271882617
EUW1,19.951936685059472
EUW1,16.500610199990355
EUW1,17.026569042538693
EUW1,18.14641818003628
EUW1,21.02167972859827
EUW1,13.7463014769346
EUW1,18.5212589136398
EUW1,15.2754752130834
EUW1,18.007699471094405
EUW1,19.62945354384649
EUW1,18.595249222885684
EUW1,20.9087506222442
EUW1,18.37343817012496
EUW1,17.63845129590879
EUW1,18.83587014621564
EUW1,19.595631705903678
EUW1,18.62447132673277
EUW1,20.35712924440492
EUW1,22.39406371034278
EUW1,18.1859747799015
EUW1,19.78832377030458
EUW1,17.28088200080143
EUW1,21.55594056363196
EUW1,16.225682274851508
EUW1,18.50848060754741
EUW1,18.386999591415915
EUW1,15.495941442154338
EUW1,18.240673064220537
EUW1,19.288098233340204
EUW1,21.06689403346027
EUW1,21.075749863122105
EUW1,19.354085853038345
EUW1,20.81343760583044
EUW1,18.69611556158305
EUW1,21.07182885773093
EUW1,19.990523488522225
EUW1,19.945691323893374
EUW1,16.179732249620027
EUW1,23.10558142676984
EUW1,21.388348201788176
EUW1,20.29919784344141
EUW1,18.506090145990363
EUW1,15.435455802157588
EUW1,19.15358887803811
EUW1,22.20179716407242
EUW1,20.87938459068954
EUW1,19.67824154454543
EUW1,23.22480193015206
EUW1,17.587461250593844
EUW1,19.197112098684304
EUW1,21.24112929143977
EUW1,14.495275975613112
EUW1,18.220478017457623
EUW1,17.076920702583752
EUW1,20.335974596506592
EUW1,16.760599025433617
EUW1,17.170954534507736
EUW1,19.978398196110174
EUW1,22.490138257010106
EUW1,23.816507971819924
EUW1,19.65992462917357
EUW1,16.484825010967388
EUW1,19.464061477673518
EUW1,15.935239668756896
EUW1,19.803291849962985
EUW1,19.58016597854236
EUW1,17.062330005204384
EUW1,20.23936064161595
EUW1,19.28278934737444
EUW1,18.9758693770704
EUW1,19.064088552107584
EUW1,22.2832245634277
EUW1,18.61903400686287
EUW1,20.07991601393336
EUW1,17.7861671527467
EUW1,16.988126566922336
EUW1,16.528220278756784
EUW1,16.740149134756855
EUW1,19.734233215996227
EUW1,20.219284034385865
EUW1,16.024420977858934
EUW1,6.414698804717077
EUW1,17.475991416397118
EUW1,18.47561812727563
EUW1,18.221871567437827
EUW1,17.139284481522807
EUW1,21.45828427672429
EUW1,17.989514081133002
EUW1,18.71929944369625
EUW1,18.8227088222012
EUW1,19.302652496740155
EUW1,20.89645893989932
EUW1,19.65237979801532
EUW1,17.906321099116152
EUW1,17.57997056044557
EUW1,19.986478837217536
EUW1,17.71268883320218
EUW1,19.35268247404352
EUW1,17.215377958314416
EUW1,17.379247296992713
EUW1,17.578268549667452
EUW1,17.849306865082816
EUW1,21.770700935093725
EUW1,17.32727738822837
EUW1,17.881095054897024
EUW1,16.319323536840432
EUW1,21.120509185982407
EUW1,14.792052025633224
EUW1,19.421828963871143
EUW1,14.86731775835724
EUW1,17.93767444009546
EUW1,21.86829773604166
EUW1,21.834535013265494
EUW1,17.47990432881681
EUW1,17.35024612444232
EUW1,20.53000360675724
EUW1,17.467266872657977
EUW1,15.782889926358369
EUW1,20.719447713701296
EUW1,17.32346043651157
EUW1,15.654040689330651
EUW1,13.789324250923976
EUW1,17.2401215763712
EUW1,17.389285385051085
EUW1,17.991704184085588
EUW1,19.491665325563517
EUW1,18.96956115111734
EUW1,17.81185841042474
EUW1,19.61901422231794
EUW1,21.21083575003947
EUW1,18.73370460700937
EUW1,17.97588509604083
EUW1,16.754602886511325
EUW1,14.750742803193832
EUW1,18.63914429855469
EUW1,21.205890592140133
EUW1,17.94835495142292
EUW1,19.481463837942176
EUW1,18.62145560851347
EUW1,17.439886695616696
EUW1,18.99272619248461
EUW1,17.213532201656605
EUW1,21.30016868812601
EUW1,21.671769333386862
EUW1,16.74687516830034
EUW1,20.72039998607583
EUW1,18.37590264016453
EUW1,22.41565235701769
EUW1,21.113482392630296
EUW1,21.208124362491347
EUW1,17.617441799868185
EUW1,23.889473877263114
EUW1,17.046232730200668
EUW1,17.868154751725328
EUW1,20.0677792630066
EUW1,19.048260498629773
EUW1,1.2674212087793997
EUW1,19.278394274526036
EUW1,21.414984622563846
EUW1,16.36847105896228
EUW1,18.863670231150756
EUW1,20.21405657100488
EUW1,17.364643090208578
EUW1,16.035611909259725
EUW1,16.567802071485673
EUW1,5.658021605918524
EUW1,17.396137608033253
EUW1,16.699549157741465
EUW1,19.758998749583224
EUW1,22.26115126113429
EUW1,16.010070133475526
EUW1,15.412983196485444
EUW1,0.1515400603488662
EUW1,16.578957332246212
EUW1,20.387909632995957
EUW1,15.973787039089894
EUW1,19.800004225035725
EUW1,22.3166299336186
EUW1,1.4206693177990724
EUW1,19.85698122967404
EUW1,18.420730594573826
EUW1,6.923682178575818
EUW1,21.097754357065917
EUW1,20.449363517339453
EUW1,16.024458728755704
EUW1,18.455509953037414
EUW1,18.4780964013033
EUW1,17.919811294090394
EUW1,18.935277615281432
EUW1,21.61828044065575
EUW1,15.513556727557114
EUW1,1.27520787070683
EUW1,18.49963821385265
EUW1,20.94074762013524
EUW1,19.60123302385404
EUW1,16.12669545470518
EUW1,0.1906493194351674
EUW1,17.456044894530955
EUW1,18.85030339403276
EUW1,21.903622948308097
EUW1,18.55816356062301
EUW1,17.776223949819006
EUW1,20.491568796519378
EUW1,15.858902274584082
EUW1,20.706118700385467
EUW1,18.64699125637659
EUW1,20.5896367678093
EUW1,18.02932044813974
EUW1,14.459983230682113
EUW1,18.47368625042107
EUW1,17.95104489004208
EUW1,22.57997553794175
EUW1,19.651955651215232
EUW1,20.53918781790339
EUW1,17.547728486816993
EUW1,17.06274380529775
EUW1,15.664580523901916
EUW1,20.986835920072632
EUW1,20.54661054951669
EUW1,18.90842468490808
EUW1,15.307301095565863
EUW1,18.66633648620607
EUW1,20.577379504944822
EUW1,19.67207173739337
EUW1,20.24492809105248
EUW1,20.730796521607285
EUW1,18.861770394606484
EUW1,16.542100293829186
EUW1,15.052632311828
EUW1,15.656194013623566
EUW1,16.44262989621424
EUW1,14.603132160045757
EUW1,15.82070748560849
EUW1,19.257265094178813
EUW1,19.455870509868003
EUW1,20.93815251789504
EUW1,16.340747688091
EUW1,20.437546475433653
EUW1,17.308642823177678
EUW1,20.28202408919268
EUW1,16.283672874191875
EUW1,16.40073181654345
EUW1,16.466317174070095
EUW1,18.79804413063461
EUW1,21.056209187079617
EUW1,3.93953093334302
EUW1,18.64936342794646
EUW1,16.36672010427174
EUW1,0.739552591531569
EUW1,21.428791834097662
EUW1,19.84072386679342
EUW1,20.05307918216633
EUW1,18.3744128441025
EUW1,17.328819339697674
EUW1,16.957471893741758
EUW1,18.74827026810373
EUW1,18.050936080505146
EUW1,9.326602257164112
EUW1,17.856949287488426
EUW1,17.889041364021242
EUW1,14.831727481775584
EUW1,16.963791232839004
EUW1,15.799278162482674
EUW1,17.914705115654886
EUW1,15.12880494428918
EUW1,21.071414021434823
EUW1,22.31331901116923
EUW1,14.630301006042725
EUW1,0.7699222266030541
EUW1,17.855764444772028
EUW1,18.130375644297533
EUW1,16.104715834476803
EUW1,21.94993061839428
EUW1,20.828127398448856
EUW1,16.683267084020677
EUW1,21.62828282651304
EUW1,17.52881535681079
EUW1,19.373655506199803
EUW1,17.096727177915266
EUW1,20.89645382851232
EUW1,16.12774093153466
EUW1,17.92258555144932
EUW1,18.83547977384116
EUW1,0.867416144749042
EUW1,23.99853120804503
EUW1,22.96244669173156
EUW1,21.30181923058627
EUW1,19.322142479465363
EUW1,18.814484015610997
EUW1,17.51423711167943
EUW1,18.21583455926814
EUW1,21.723910433932488
EUW1,15.297603320277572
EUW1,20.481504635373845
EUW1,16.26409056977523
EUW1,19.096825485966104
EUW1,16.02941656766424
EUW1,17.486166246032344
EUW1,19.073926103733378
EUW1,19.274178635457627
EUW1,15.455178043434731
EUW1,16.837938232484355
EUW1,17.92066768267492
EUW1,19.520817504640277
EUW1,18.85925580862805
EUW1,23.275181294910823
EUW1,18.341595208487394
EUW1,20.10900778137349
EUW1,17.22498868076528
EUW1,19.68705531622915
EUW1,22.551621508670515
EUW1,0.1425621956586004
EUW1,11.47081954209411
EUW1,18.2194916328898
EUW1,17.704185699759755
EUW1,19.99687015895412
EUW1,17.048176233089304
EUW1,17.366357723048896
EUW1,1.9960264600709372
EUW1,19.522238384354537
EUW1,16.31109602003343
EUW1,19.31839792013954
EUW1,16.830561788524463
EUW1,19.35511742479032
EUW1,17.64426810335075
EUW1,21.7942969377972
EUW1,21.372890380288677
EUW1,20.12413499221949
EUW1,22.06390809255472
EUW1,18.69358260560041
EUW1,19.520090225930726
EUW1,15.016329905293295
EUW1,17.513580760864837
EUW1,16.517988251711817
EUW1,19.8233873461156
EUW1,19.272366676172076
EUW1,18.80445160892697
EUW1,20.85832657777236
EUW1,15.931639071995043
EUW1,17.382784149153178
EUW1,18.570866084681736
EUW1,17.7429880799373
EUW1,18.82119155489399
EUW1,16.66071699028653
EUW1,17.305468487675753
EUW1,16.95952162796032
EUW1,17.834684554200585
EUW1,18.256948104235327
EUW1,16.83949568874997
EUW1,20.12138537210654
EUW1,20.850942752468725
EUW1,16.287648585303895
EUW1,18.115484446829463
EUW1,17.363578327302697
EUW1,17.785325596895465
EUW1,22.30396629100293
EUW1,15.819019006841197
EUW1,22.630758477216816
EUW1,16.24036253997718
EUW1,19.17850018495261
EUW1,16.277727970321536
EUW1,16.467151794076976
EUW1,18.478770585173898
EUW1,19.092477079637813
EUW1,23.98562778565604
EUW1,17.83201565501147
EUW1,15.567157381918266
EUW1,13.764384083527087
EUW1,21.03523582175953
EUW1,19.0569921573512
EUW1,19.92251546464989
EUW1,18.91675865187628
EUW1,22.509842236699427
EUW1,18.223074894472703
EUW1,20.968051007548123
EUW1,17.048277291508928
EUW1,14.643914504866125
EUW1,20.670268658560865
EUW1,19.39009951899728
EUW1,19.81497574283148
EUW1,20.723319142242413
EUW1,19.563966392477024
EUW1,16.2230441433588
EUW1,17.327275610406463
EUW1,20.575074397320755
EUW1,18.75900513722061
EUW1,18.134580703969053
EUW1,16.86618381049467
EUW1,18.87575767454885
EUW1,18.50303347834012
EUW1,23.38144682024677
EUW1,23.5915977925173
EUW1,14.338404297128488
EUW1,16.421636993240906
EUW1,3.9462557238966136
EUW1,23.20177094507152
EUW1,14.426279465468788
EUW1,21.64239676202952
EUW1,20.597483328938356
EUW1,21.31681799093256
EUW1,17.79212818946636
EUW1,21.810206273277743
EUW1,18.69534578883745
EUW1,19.30013720583949
EUW1,18.38218454319228
EUW1,15.382038056504788
EUW1,17.820985490228306
EUW1,17.29219039278618
EUW1,17.784159574294073
EUW1,19.302967074970898
EUW1,20.98301739098652
EUW1,17.78341516016539
EUW1,22.364530244563092
EUW1,2.4077565870345694
EUW1,19.65620239644777
EUW1,18.04072888097354
EUW1,15.761186722660115
EUW1,2.134640007421185
EUW1,12.287348070696972
EUW1,17.172832798440528
EUW1,14.963952791118688
EUW1,16.49179692197712
EUW1,19.58454516311068
EUW1,21.5081759907098
EUW1,21.898336834258195
EUW1,18.506111289868254
EUW1,17.578456047431146
EUW1,16.523282281797957
EUW1,15.767674239369178
EUW1,23.51596563776841
EUW1,14.859413099015368
EUW1,21.692007911257328
EUW1,22.943766933062808
EUW1,0.9611220916081392
EUW1,21.722591429516868
EUW1,19.811384954471315
EUW1,0.1779599730664158
EUW1,18.71872531054117
EUW1,18.052515898405805
EUW1,20.566124820602955
EUW1,18.684844436023067
EUW1,20.94412143053939
EUW1,20.50654728415305
EUW1,19.773530967454608
EUW1,19.645868763325264
EUW1,20.017609914470363
EUW1,17.343490393822478
EUW1,18.36358572896997
EUW1,16.587907515764265
EUW1,16.092406580165996
EUW1,21.232898937748747
EUW1,19.34037667534253
EUW1,21.50399380003654
EUW1,23.860106595950963
EUW1,15.932140933228546
EUW1,21.727784671865567
EUW1,18.244369410540457
EUW1,21.81881156123345
EUW1,22.82886012216874
EUW1,17.356030026534434
EUW1,17.80939867229057
EUW1,14.771576630517082
EUW1,18.38767272418484
EUW1,20.514217440965275
EUW1,18.26041877595829
EUW1,16.578202167558338
EUW1,18.823642986296697
EUW1,16.920889084727207
EUW1,19.018702389211462
EUW1,21.43604492767789
EUW1,15.008824728451634
EUW1,14.64160399700684
EUW1,21.854757404786312
EUW1,21.73525119297534
EUW1,20.486888946781715
EUW1,15.9642709265191
EUW1,16.27764164738978
EUW1,17.356397876541717
EUW1,18.47432771682828
EUW1,21.111944993272413
EUW1,19.46668629411457
EUW1,22.95924791800015
EUW1,20.007748828136048
EUW1,18.14537730993928
EUW1,20.4259861976888
EUW1,19.02194296138064
EUW1,19.12606312516991
EUW1,17.96843005995864
EUW1,15.506840133137509
EUW1,18.82680105199347
EUW1,20.200882090940677
EUW1,17.837241429911263
EUW1,16.934417663976703
EUW1,16.559929464085286
EUW1,15.86183394581384
EUW1,20.65629233667867
EUW1,22.71194335064808
EUW1,16.93330137018249
EUW1,21.97799179644503
EUW1,20.893793406254428
EUW1,18.37216515235228
EUW1,21.43787924865296
EUW1,19.39885689229639
EUW1,16.38367576601194
EUW1,17.982343108542373
EUW1,22.492580097603337
EUW1,17.265874340359556
EUW1,15.578040270659558
EUW1,18.061737390590785
EUW1,14.731385146120449
EUW1,18.296383333235912
EUW1,19.05987493256415
EUW1,19.627543444015416
EUW1,18.91456077178934
EUW1,15.448409578186103
EUW1,18.351919330097164
EUW1,18.326824046261294
EUW1,17.13232173344561
EUW1,23.205575323127643
EUW1,18.522827857648053
EUW1,18.169055272257296
EUW1,19.629693962282364
EUW1,20.45591100757447
EUW1,22.93285581609226
EUW1,20.268041642787804
EUW1,19.05413492137049
EUW1,18.593191051919888
EUW1,21.835326489763965
EUW1,18.50099052661551
EUW1,22.784865858230248
EUW1,17.741290513271423
EUW1,16.199335260656174
EUW1,18.205357933553785
EUW1,19.61217198619813
EUW1,22.59331507651439
EUW1,18.125724503107215
EUW1,17.639734101786274
EUW1,16.176332093716727
EUW1,0.5093512952518722
EUW1,22.085202894680023
EUW1,18.98089407800793
EUW1,20.57134904311019
EUW1,22.83792314936785
EUW1,16.667910026786295
EUW1,0.4937592940652021
EUW1,20.33415506144537
EUW1,15.715622458879617
EUW1,16.59224929079365
EUW1,17.79184218627254
EUW1,21.68296041751944
EUW1,19.84537038829264
EUW1,18.261849124471983
EUW1,20.464501082117454
EUW1,17.214420366499386
EUW1,16.12181429192038
EUW1,20.330069085752736
EUW1,16.036235584386322
EUW1,15.285268498397924
EUW1,16.780846313904778
EUW1,21.59382844314004
EUW1,23.43935713275674
EUW1,20.93863735534181
EUW1,13.2280482583226
EUW1,17.50507655457931
EUW1,23.06990628921656
EUW1,19.29503186060229
EUW1,19.203524679561
EUW1,19.36015967701124
EUW1,22.002272274773173
EUW1,15.9590629171966
EUW1,19.355482072619317
EUW1,17.113581923141382
EUW1,20.675863428945146
EUW1,20.14601778698464
EUW1,19.45518502888984
EUW1,18.23533017965875
EUW1,19.465656655379306
EUW1,22.31737698445323
EUW1,18.401520614280123
EUW1,19.122890968418684
EUW1,19.837011696421957
EUW1,19.40922189825112
EUW1,15.979902360482091
EUW1,18.405232995481043
EUW1,16.7320050721331
EUW1,15.106015539470816
EUW1,17.307818425573455
EUW1,17.2958764205684
EUW1,21.13644914623652
EUW1,21.931553391863723
EUW1,21.22400010030954
EUW1,16.867963506832517
EUW1,19.737596699136017
EUW1,21.55797842693207
EUW1,19.701568017070297
EUW1,15.339493120160078
EUW1,18.702615836580613
EUW1,20.180726221048506
EUW1,17.430852607303503
EUW1,22.152700365411825
EUW1,19.011365986724726
EUW1,20.051921262323308
EUW1,17.94410619432609
EUW1,19.30628089705784
EUW1,16.306281774838855
EUW1,18.3061765293214
EUW1,18.088924604961704
EUW1,12.564863074726428
EUW1,19.77569828357388
EUW1,19.158458814691706
EUW1,20.805447528023848
EUW1,18.929508430292547
EUW1,17.02673964156786
EUW1,20.562941007438912
EUW1,17.97203097717593
EUW1,21.94848965937703
EUW1,17.951752370668363
EUW1,23.17913032603824
EUW1,17.117394704615318
EUW1,22.619027325432647
EUW1,14.303385635766912
EUW1,19.117149566043533
EUW1,19.03323296050639
EUW1,14.364115366541451
EUW1,18.77210204096103
EUW1,20.639515658221725
EUW1,19.763459475576507
EUW1,22.88707771671511
EUW1,19.350022052790116
EUW1,15.642543083002383
EUW1,19.30775990260384
EUW1,16.082910557978842
EUW1,18.49577521987252
EUW1,21.73679323357321
EUW1,17.317322665233608
EUW1,17.789060527976584
EUW1,16.603936921572984
EUW1,19.77285831958816
EUW1,15.526544305058678
EUW1,18.97875224864248
EUW1,18.89953996246621
EUW1,14.451558326600615
EUW1,19.72628181494489
EUW1,19.47321419166733
EUW1,18.98513138549868
EUW1,17.371634508473438
EUW1,23.19541818497299
EUW1,17.94785497368632
EUW1,20.48645102724991
EUW1,18.72436389012345
EUW1,19.61271479807136
EUW1,19.9627644915885
EUW1,8.59313248912027
EUW1,17.894174631006713
EUW1,18.466215801707605
EUW1,16.37026206728711
EUW1,17.238915333090496
EUW1,14.388178832597264
EUW1,18.16115283345685
EUW1,23.82172147338404
EUW1,20.904610062228368
EUW1,18.33836874729452
EUW1,21.98092994889606
EUW1,17.327842064968305
EUW1,16.493194786433605
EUW1,20.07900478351112
EUW1,15.71704294642807
EUW1,13.750814987089472
EUW1,18.42583717920826
EUW1,17.816096402988602
EUW1,21.065320316874505
EUW1,17.573000873507144
EUW1,19.044055907274867
EUW1,21.12850239641393
EUW1,21.415191924401988
EUW1,18.87620391837105
EUW1,16.539035268869455
EUW1,19.25918611256136
EUW1,16.900623478424617
EUW1,17.262816720798487
EUW1,23.465633459143582
EUW1,16.607616049014986
EUW1,16.526016942640435
EUW1,3.957513134812176
EUW1,19.27743810776769
EUW1,21.139218957491867
EUW1,17.551504820519405
EUW1,17.62774765279494
EUW1,17.928054991970825
EUW1,16.736788875585848
EUW1,17.997630878705106
EUW1,18.60212249635765
EUW1,18.313149122469103
EUW1,20.97772870295505
EUW1,19.74312072637181
EUW1,22.252677276083784
EUW1,22.407090345485287
EUW1,18.820557876686568
EUW1,18.76942138304885
EUW1,17.769688485317104
EUW1,18.21165134563738
EUW1,18.224216190132083
EUW1,16.26526108555887
EUW1,18.74061847621888
EUW1,19.942098432402933
EUW1,21.54391115905089
EUW1,14.346780421640224
EUW1,18.60090267565724
EUW1,20.14574937917336
EUW1,15.65729933406033
EUW1,15.762283901250942
EUW1,18.93535351060852
EUW1,18.993686103602546
EUW1,18.85077092213446
EUW1,5.096415352410835
EUW1,18.36840177784688
EUW1,14.42372129161928
EUW1,17.37454129661207
EUW1,18.81833901197758
EUW1,15.730073453770189
EUW1,19.636523619549838
EUW1,20.412026630136435
EUW1,19.701521410671536
EUW1,21.25609726423788
EUW1,16.0834523197521
EUW1,17.65668434214559
EUW1,19.315248700198094
EUW1,20.123349607403192
EUW1,20.490371794740177
EUW1,19.605912943067885
EUW1,14.942564188234412
EUW1,18.760745018382195
EUW1,19.79906024786195
EUW1,20.60106860294455
EUW1,17.85390157770349
EUW1,18.521672247432846
EUW1,16.472222116362317
EUW1,20.249415803933744
EUW1,15.805431753892591
EUW1,19.01210768985549
EUW1,4.300733006655883
EUW1,17.292774639096578
EUW1,21.05271528408172
EUW1,22.44891035992812
EUW1,19.140725145604947
EUW1,22.491841322661493
EUW1,17.140186470994646
EUW1,15.670587193531889
EUW1,19.01972776358989
EUW1,21.736140939483665
EUW1,23.81391498901951
EUW1,19.26717701667792
EUW1,15.427830520185712
EUW1,18.23328197177341
EUW1,16.83630751788391
EUW1,20.041359168301916
EUW1,16.77737936672686
EUW1,18.299145429748734
EUW1,17.236659801488614
EUW1,18.71215143109565
EUW1,20.009669392472187
EUW1,11.60938718703444
EUW1,19.21033353227492
EUW1,21.273971914287035
EUW1,16.580053473456047
EUW1,18.47732866614047
EUW1,20.834734868250067
EUW1,13.772320903945248
EUW1,17.45318245157374
EUW1,21.96578030961761
EUW1,16.91424224222559
EUW1,19.25241053023898
EUW1,16.4497321423209
EUW1,17.450676938691
EUW1,20.81695853052624
EUW1,5.878826236370803
EUW1,22.116267043318206
EUW1,16.33521084353505
EUW1,17.817563600081826
EUW1,20.22775864592592
EUW1,22.895290235285213
EUW1,21.49652599202454
EUW1,22.597814043902414
EUW1,19.14908103876228
EUW1,1.3968315850169537
EUW1,20.89678089708813
EUW1,16.59723651963623
EUW1,19.009408566742003
EUW1,16.16724213080231
EUW1,15.252946471764233
EUW1,20.24554227963594
EUW1,20.584000944674408
EUW1,21.131118834348623
EUW1,21.238324728224413
EUW1,18.981779147494542
EUW1,15.745172632569275
EUW1,22.718982442497712
EUW1,23.82550868017001
EUW1,20.51753598678348
EUW1,18.375455479259077
EUW1,22.765106860082323
EUW1,18.043735946233067
EUW1,20.60319732576986
EUW1,15.872933914313782
EUW1,17.09257175080559
EUW1,19.68738853723437
EUW1,20.20200829381197
EUW1,18.684998108023365
EUW1,19.238032840272943
EUW1,17.48312595675464
EUW1,21.69819020109328
EUW1,16.06265479955591
EUW1,16.64416096427857
EUW1,18.62787069372705
EUW1,20.48977630370362
EUW1,17.417781567061702
EUW1,18.546354641938425
EUW1,18.281402692586067
EUW1,16.288314381215862
EUW1,22.215977882375697
EUW1,17.99291340206906
EUW1,21.262715955044506
EUW1,20.66246225220076
EUW1,14.916029103497248
EUW1,22.15805961415532
EUW1,19.249645742900423
EUW1,20.83698945034684
EUW1,20.70410811696851
EUW1,16.713984388542848
EUW1,19.35368478209688
EUW1,19.52949407356487
EUW1,15.341863962931754
EUW1,18.05439696568768
EUW1,18.71167615491164
EUW1,20.424861002538243
EUW1,1.0464424180793876
EUW1,20.975177377549823
EUW1,21.888514817339807
EUW1,18.004582540888524
EUW1,14.863350397857204
EUW1,20.59783708267788
EUW1,18.31706147538176
EUW1,17.490165509602516
EUW1,16.160696032037343
EUW1,20.440018811902316
EUW1,18.54984840435221
EUW1,20.74603890932574
EUW1,1.0008090282388369
EUW1,23.445795815874067
EUW1,16.47302184131654
EUW1,22.32229000831828
EUW1,19.4374242316136
EUW1,18.20611673603892
EUW1,18.95427101137876
EUW1,20.59951513311133
EUW1,23.167505482415237
EUW1,18.09475846940512
EUW1,16.062809181744793
EUW1,17.773038984984275
EUW1,2.226948626746865
EUW1,0.915455574193298
EUW1,16.66244127634388
EUW1,17.69180587809914
EUW1,17.71002621981671
EUW1,19.75295270199474
EUW1,21.649580611580145
EUW1,20.00394289160041
EUW1,22.731376306841423
EUW1,14.885890128636444
EUW1,19.064899573402265
EUW1,18.31486754846773
EUW1,20.52419193982612
EUW1,19.145480692018943
EUW1,22.56263036324941
EUW1,18.99957301319639
EUW1,15.547453401864084
EUW1,16.547541140993573
EUW1,17.31860323767504
EUW1,23.93010638636536
EUW1,18.13446728515185
EUW1,19.34131205400038
EUW1,15.4684243789751
EUW1,23.38101116351284
EUW1,23.46969431381442
EUW1,17.090722824144045
EUW1,20.177283279529107
EUW1,18.314361642871688
EUW1,21.721707049536715
EUW1,22.86862632738273
EUW1,0.2804512868271922
EUW1,18.07070743716023
EUW1,18.359825606429
EUW1,19.74326114844459
EUW1,19.94669723748349
EUW1,18.87454945989967
EUW1,18.539227903950355
EUW1,18.30698939532741
EUW1,21.3214103503069
EUW1,17.17909795064983
EUW1,19.79487499853154
EUW1,19.699949314501715
EUW1,20.55453218149525
EUW1,17.830748326802755
EUW1,18.25406966007291
EUW1,21.40642533681532
EUW1,21.99534755596511
EUW1,18.95731724686456
EUW1,21.26995452695198
JP1,22.35489488586524
JP1,20.859370591142284
JP1,21.467648974029085
JP1,21.108234116985468
JP1,20.371821952436555
JP1,22.07240622302838
JP1,19.201055560907257
JP1,20.60265058596715
JP1,20.602024278036705
JP1,19.735708344026797
JP1,21.494538947141848
JP1,22.20332971245177
JP1,20.491893412738307
JP1,19.5007734219184
JP1,22.202483635499533
JP1,21.349457043157564
JP1,19.739278847752427
JP1,21.24191284642681
JP1,19.488028059853725
JP1,20.684706144601748
JP1,20.438367631920453
JP1,21.737497905609228
JP1,23.35271781102145
JP1,23.113026058737336
JP1,21.672633794323325
JP1,20.42734204633858
JP1,20.21353008944591
JP1,19.88361405186971
JP1,21.134301772222223
JP1,21.58146002772037
JP1,20.74816528923124
JP1,20.62942897360716
JP1,23.423950333437137
JP1,20.73571738549979
JP1,20.34404029305245
JP1,20.19098528838755
JP1,21.43625357659491
JP1,21.59702835037481
JP1,21.308655833149757
JP1,22.26282788590873
JP1,21.3823175175271
JP1,22.27311069843639
JP1,23.670264240062032
JP1,19.797633538385444
JP1,21.354761486129995
JP1,19.50960414693485
JP1,20.734974703684845
JP1,20.40287135628885
JP1,23.87117999953236
JP1,22.39331764543245
JP1,21.13041266501484
JP1,20.05363676537005
JP1,21.779439285332888
JP1,19.646617469966184
JP1,21.506431858677704
JP1,20.72853363327892
JP1,21.1417075351318
JP1,22.756657417890143
JP1,21.782615149386206
JP1,20.202543968424354
JP1,19.86020856392203
JP1,20.714777779675792
JP1,19.82504037093902
JP1,21.43757712920574
JP1,21.776168462711
JP1,0.3543421315041127
JP1,22.53595425567485
JP1,20.553453769404943
JP1,21.144900908546227
JP1,21.74878511217317
JP1,20.75626628979772
JP1,21.91270472951713
JP1,21.07552151525428
JP1,20.718452858507018
JP1,22.60800546470287
JP1,20.413762042684176
JP1,20.299714498766285
JP1,21.29889644904877
JP1,22.20724853498409
JP1,20.494670785272294
JP1,20.519909998085552
JP1,21.69372501069958
JP1,20.19391117754552
JP1,21.15768071034732
JP1,20.482093372101527
JP1,21.81339086967385
JP1,21.65444509531588
JP1,22.148174994199017
JP1,21.52275676377987
JP1,23.01308768957316
JP1,20.34448644119118
JP1,21.65349411882148
JP1,19.607414395360856
JP1,20.915894051855883
JP1,21.071068818709577
JP1,20.360286038200904
JP1,22.10765310291174
JP1,20.37302641713875
JP1,22.25538249422707
JP1,20.03679811784052
JP1,21.57136539438444
JP1,21.761316594768346
JP1,19.4894885198254
JP1,19.88103279388335
JP1,19.588691420987967
JP1,19.94747426762876
JP1,20.208969047394103
JP1,21.72040565784771
JP1,22.424672604070924
JP1,19.988138779631143
JP1,20.198001961869902
JP1,21.46614571392665
JP1,21.072638294206573
JP1,20.5668331450178
JP1,20.54538191418211
JP1,20.554309114755497
JP1,21.46640452593878
JP1,20.555905937015723
JP1,21.93927299802244
JP1,21.252268823291963
JP1,21.07712962048559
JP1,20.782876632795038
JP1,20.703551550530136
JP1,20.606133977964312
JP1,22.832579886566627
JP1,21.928623642778224
JP1,20.68149455158156
JP1,20.31993129758073
JP1,20.88321519757669
JP1,19.602315191376384
JP1,21.140141429007997
JP1,21.30559044280981
JP1,21.10693334380131
JP1,19.929081173482807
JP1,22.17835074171725
JP1,20.62048790981313
JP1,19.941599718476173
JP1,22.156265264973825
JP1,20.651251637274434
JP1,19.452875041738547
JP1,21.233420914613472
JP1,21.694567658034966
JP1,19.865719742886863
JP1,22.14958807102821
JP1,22.23261919617641
JP1,20.605753370953224
JP1,21.739562215692636
JP1,21.139504630333036
JP1,21.31211830637618
JP1,20.36112463182347
JP1,22.132756930322977
JP1,20.564220158057434
JP1,21.945667012368336
JP1,19.800849999660613
JP1,21.2199045564806
JP1,20.12199994550984
JP1,22.70773203220232
JP1,20.378895089288942
JP1,22.256178031791887
JP1,21.83400126937956
JP1,22.440091377770884
JP1,21.58166408594661
JP1,22.71539526127708
JP1,22.15806752672771
JP1,21.6348791828936
JP1,23.231944155393656
JP1,21.72638689950893
JP1,18.62752920680012
JP1,20.374766767463782
JP1,22.765206445844942
JP1,0.035534948166246
JP1,21.138580994952147
JP1,21.514266165929108
JP1,20.317574446712296
JP1,20.64340171731234
JP1,21.17553592232634
JP1,20.102792275353785
JP1,19.80642673427178
JP1,21.293654447226803
JP1,22.529006447694574
JP1,21.57500176533213
JP1,23.266193369115143
JP1,21.695049105699784
JP1,21.352671370115548
JP1,20.415151831497457
JP1,20.80977014275
JP1,21.51582428338736
JP1,20.664010072699504
JP1,20.468429156170483
JP1,21.685102103139343
JP1,22.074238807602534
JP1,21.76300334629012
JP1,21.83238128232401
JP1,22.07993153222277
JP1,21.463704395653306
JP1,21.273079778036426
JP1,21.8499193843603
JP1,21.905271039019244
JP1,22.62959423170765
JP1,21.751806456247845
JP1,23.00447232977538
JP1,20.76687306814148
JP1,21.84919195783928
JP1,20.033974412636557
JP1,21.59063285465111
JP1,20.101827066715785
JP1,21.31252775805881
JP1,20.7391039941678
JP1,18.93256843792442
JP1,22.017077624841384
JP1,19.652595662715623
JP1,21.357121022986245
JP1,20.4641673793722
JP1,22.41665520846084
JP1,23.01159552202018
JP1,21.69943907812466
JP1,21.863759382592228
JP1,19.44574058992481
JP1,21.150900353981225
JP1,22.19108881627625
JP1,22.17692283980143
JP1,21.105765124441454
JP1,20.81795001897588
JP1,20.78578793525033
JP1,19.613320427038296
JP1,22.285661059817173
JP1,21.219515660366746
JP1,21.446768233480498
JP1,20.479889698528943
JP1,19.810976937069967
JP1,21.410975140056895
JP1,21.461338424844516
JP1,19.30542614342855
JP1,21.950734632057703
JP1,20.115855470457586
JP1,22.58254799451138
JP1,19.943066001653555
JP1,20.00178303417613
JP1,19.74265731792373
JP1,21.457873002564977
JP1,22.10149076263938
JP1,21.28092254498865
JP1,20.74923364172319
JP1,21.93659867149713
JP1,22.112593330090224
JP1,19.39121363335204
JP1,19.880773409805865
JP1,20.72013335457355
JP1,21.590361930163212
JP1,23.681566732470465
JP1,19.522437480422436
JP1,19.459539457593927
JP1,21.741609152770646
JP1,21.33409537654042
JP1,20.84923618996229
JP1,17.4098983128476
JP1,20.185709227536087
JP1,21.200492637520263
JP1,21.68766695552538
JP1,21.734298117091008
JP1,20.58847113650712
JP1,20.281185422243706
JP1,21.23238575214204
JP1,20.305906225114885
JP1,20.96346473829288
JP1,20.72876757920689
JP1,21.849477410241583
JP1,19.38647783571234
JP1,20.382720086257443
JP1,21.344835743652112
JP1,20.97710348013345
JP1,22.14626790561876
JP1,21.082050927186103
JP1,21.395167517540592
JP1,22.28952858300396
JP1,20.134775592546056
JP1,21.896369279354055
JP1,21.044138562610343
JP1,20.80439479093624
JP1,21.521661833479563
JP1,21.524771759654453
JP1,21.02551948022684
JP1,20.2695040929204
JP1,21.43004326992184
JP1,20.207744474997774
JP1,20.80748966012515
JP1,22.342191911838743
JP1,23.91191581251495
JP1,20.950819301713203
JP1,22.33322656952247
JP1,21.592624105824207
JP1,20.54776349788657
JP1,19.857855925417425
JP1,21.700374757500946
JP1,20.983060817111543
JP1,20.662385420986745
JP1,21.93097088660433
JP1,23.173891392469447
JP1,21.558215252937085
JP1,21.722938226955375
JP1,20.60325071667654
JP1,21.11326338438878
JP1,21.34758065837673
JP1,23.21373630575368
JP1,21.513798302636445
JP1,19.745244311773227
JP1,20.99289545049467
JP1,21.60761605585268
JP1,19.92917674449405
JP1,20.52208652988158
JP1,21.1285758130807
JP1,21.634975048324044
JP1,23.459374984313083
JP1,20.889327756283286
JP1,21.35830480986852
JP1,20.6061465183616
JP1,0.1169641069253865
JP1,21.5655793474603
JP1,21.315241213571756
JP1,23.0258643019364
JP1,21.15031171546605
JP1,21.010682873438125
JP1,21.06340956509132
JP1,20.103629831328263
JP1,21.699113682915076
JP1,21.946535147722606
JP1,22.412371949950945
JP1,20.20434600605211
JP1,20.10149658897387
JP1,21.65357802110552
JP1,21.684693283564744
JP1,22.25112824640915
JP1,21.681192397833467
JP1,18.86928722591368
JP1,20.530591271047683
JP1,18.876154369268196
JP1,23.1279134218631
JP1,22.19814046842289
JP1,21.208814849430563
JP1,20.599415833423475
JP1,19.64023922713535
JP1,20.726422843797465
JP1,19.24600783027858
JP1,20.63978411581303
JP1,21.36785274390348
JP1,23.01889441323931
JP1,22.827410231834683
JP1,20.812791978417888
JP1,20.79386454597461
JP1,21.304549023529948
JP1,21.956481670228797
JP1,20.351546683201438
JP1,21.91245051054924
JP1,20.68672978984263
JP1,19.44264441490309
JP1,21.58156267157021
JP1,19.85963103915117
JP1,20.23745270485642
JP1,21.80323900284828
JP1,0.4331591245861383
JP1,20.62222403227098
JP1,23.949179845897717
JP1,19.224422225961643
JP1,22.250749786319364
JP1,22.46485942882291
JP1,23.6245620356032
JP1,21.049140728580426
JP1,22.911559346318025
JP1,19.24856845578949
JP1,20.646787224330925
JP1,20.930099722121675
JP1,22.01146165084196
JP1,20.91457624325834
JP1,21.90195993023936
JP1,21.90684145320745
JP1,19.85348457795329
JP1,21.61656788915295
JP1,20.65313472482235
JP1,21.33010838432992
JP1,20.957034627024036
JP1,20.43856967382796
JP1,21.645551594556988
JP1,19.614210395316604
JP1,21.040572090914964
JP1,21.514358706672667
JP1,21.94414444815701
JP1,20.577588187541377
JP1,21.90153654859269
JP1,21.1060420836008
JP1,22.488235030790825
JP1,19.64748158857202
JP1,21.37275078660457
JP1,20.86888273264687
JP1,0.2337056344101475
JP1,21.690022690398123
JP1,21.42661274872989
JP1,21.30997499119052
JP1,21.43885112198001
JP1,19.106829206106863
JP1,21.50344616213831
JP1,21.446738843556595
JP1,21.7595168671298
JP1,19.668312409254856
JP1,20.66337917682198
JP1,22.06748489823669
JP1,22.07002584624572
JP1,19.89822113543591
JP1,21.305499336426603
JP1,23.15999661604278
JP1,22.00189715885401
JP1,22.0124415773837
JP1,21.24957766671077
JP1,22.841376555531983
JP1,21.57085150181391
JP1,20.231554982553387
JP1,21.299907028239325
JP1,22.259550411600078
JP1,21.01583432897132
JP1,20.96308483589269
JP1,21.54687101442597
JP1,21.533956612397866
JP1,20.670301300080688
JP1,21.06967466003696
JP1,22.001502242989623
JP1,21.10879886639429
JP1,23.589490964145263
JP1,20.0669322311156
JP1,21.86929528469509
JP1,22.522876642876465
JP1,20.12320701219778
JP1,21.24427737057047
JP1,23.24451385214551
JP1,21.43063524006509
JP1,21.996394152519557
JP1,20.88291568166907
JP1,23.06703395610157
JP1,21.541762780205875
JP1,20.39223271121589
JP1,22.88596024615744
JP1,22.42705974607528
JP1,21.86280033865984
JP1,21.82702978068358
JP1,21.27154197608715
JP1,19.431726713611333
JP1,19.641129982761
JP1,20.504321220652244
JP1,19.446904181329938
JP1,20.6156522049456
JP1,22.044904538368144
JP1,22.71829086840942
JP1,18.81511132422954
JP1,22.089420194383955
JP1,20.44475072079463
JP1,20.602418392194167
JP1,20.72173578252092
JP1,21.607610935337323
JP1,20.32217030238607
JP1,20.68461508186772
JP1,20.77323795495124
JP1,19.718610929143995
JP1,20.454484729945086
JP1,20.042309187949595
JP1,22.50843513939161
JP1,0.0064769115453956
JP1,21.97014683156956
JP1,21.63985730549035
JP1,22.03005050453063
JP1,23.20721365598936
JP1,19.945920405970025
JP1,21.99689394307804
JP1,20.89484534889221
JP1,21.01267181634592
JP1,19.698833613048382
JP1,21.37676895090308
JP1,22.48324196246928
JP1,21.26226301266653
JP1,20.11615627650961
JP1,21.069023293749225
JP1,20.614956162611023
JP1,20.33912079914153
JP1,21.0220348412085
JP1,21.93636542209085
JP1,21.519071847108897
JP1,19.2951787066596
JP1,20.06641663162283
JP1,21.1080421661045
JP1,22.64687125593599
JP1,21.22716232342496
JP1,21.058272163718105
JP1,21.915579075057984
JP1,21.79865433540864
JP1,20.69171893753599
JP1,21.506301699859385
JP1,20.715210707845294
JP1,21.54308189740153
JP1,20.44568629187271
JP1,20.92780606076606
JP1,21.29913812457154
JP1,20.699838820222794
JP1,22.030926711184836
JP1,21.085887935159555
JP1,21.37279054665684
JP1,22.410093931533787
JP1,21.762820987072867
JP1,21.153489924966877
JP1,20.9640148070542
JP1,21.70369620102419
JP1,20.02000111584388
JP1,22.17647001204247
JP1,21.718201234512826
JP1,22.540704504455093
JP1,20.950777974558843
JP1,20.25514746756232
JP1,21.00840074616932
JP1,20.11034197125741
JP1,20.843213314431
JP1,21.090963847160527
JP1,21.10570700639337
JP1,19.132982993090828
JP1,21.010469939695884
JP1,20.186777924924574
JP1,21.56404250038909
JP1,20.147859458514525
JP1,19.26769490780688
JP1,20.500252605083343
JP1,20.80503421907097
JP1,21.60005279146886
JP1,20.83022785018133
JP1,21.10707719124406
JP1,22.3994600056986
JP1,20.568875636858117
JP1,22.50440708546543
JP1,21.92806483433964
JP1,20.36260640063235
JP1,19.471897924406598
JP1,21.570373458994453
JP1,23.24293929643465
JP1,21.71309510636521
JP1,20.24238498855167
JP1,21.731720800797483
JP1,20.1078587249247
JP1,20.697216596390383
JP1,21.594213571528687
JP1,21.42626053936076
JP1,21.04256683362316
JP1,20.93527344161804
JP1,19.510388528996128
JP1,20.62078445392546
JP1,19.928236195568765
JP1,20.93054433523655
JP1,20.04331034698084
JP1,21.31233109141756
JP1,21.335610350435708
JP1,21.02302881580636
JP1,22.12779078813786
JP1,21.208706608042643
JP1,21.502909072751777
JP1,21.34806088773477
JP1,21.06220341458234
JP1,21.059347242032512
JP1,20.863093814998496
JP1,23.05822818473979
JP1,20.541490679930483
JP1,21.0129298640276
JP1,20.88283902520213
JP1,22.29290383679559
JP1,22.05812102499281
JP1,20.425610821749878
JP1,20.88457403603597
JP1,21.51025197677939
JP1,22.66656750419888
JP1,22.01383894163856
JP1,20.3283644620674
JP1,21.76924492419903
JP1,20.026862252831197
JP1,20.278521237433157
JP1,21.31817776759734
JP1,21.100431872627848
JP1,19.756052871931377
JP1,21.2471776530471
JP1,22.231811538521384
JP1,19.40807025900544
JP1,21.298795740125662
JP1,21.77793915556847
JP1,22.81634818388569
JP1,19.750449373168973
JP1,21.793814842161087
JP1,23.100692437625103
JP1,20.38296235064809
JP1,20.16595254965621
JP1,20.703552143578523
JP1,21.997314545562528
JP1,22.319798819115395
JP1,22.57968149664625
JP1,22.31015104786217
JP1,20.984637620353254
JP1,21.82853011549606
JP1,22.098142542337456
JP1,19.836948451410542
JP1,21.93213020282932
JP1,21.228066215953568
JP1,21.92174653471393
JP1,23.619212339783324
JP1,19.459277159661568
JP1,22.685877319797743
JP1,20.839806132733745
JP1,21.364908543629863
JP1,22.622756507251356
JP1,21.535663952555925
JP1,21.542833433058657
JP1,21.006048155978604
JP1,22.180620944332933
JP1,21.33144492718653
JP1,22.29235780852432
JP1,19.492945709708653
JP1,21.911792037875685
JP1,22.31465931295306
JP1,22.117188111618468
JP1,22.23580019073027
JP1,22.01181966152793
JP1,22.671929244448226
JP1,21.876847460351588
JP1,20.632353000348047
JP1,19.708188232076036
JP1,21.46101110875342
JP1,20.30893895272641
JP1,22.305283530330662
JP1,22.50718788837438
JP1,20.715480727308787
JP1,21.12943076947621
JP1,21.07562744245676
JP1,22.169884406297815
JP1,22.180335187508025
JP1,21.15691282296208
JP1,21.891269101456988
JP1,22.010218973019786
JP1,19.853389272634026
JP1,21.50838056086418
JP1,22.49953490347397
JP1,21.22261251255978
JP1,21.57069413423817
JP1,22.255748212486672
JP1,19.90335441623979
JP1,23.33435907839144
JP1,19.78226829122037
JP1,23.04882959574231
JP1,22.25177392824806
JP1,21.74352262674336
JP1,21.563328541051916
JP1,20.774113097030668
JP1,21.14635932095157
JP1,20.67310049678352
JP1,22.65906102442352
JP1,20.75046938623685
JP1,22.94780334316481
JP1,21.26730145195172
JP1,22.52715049331257
JP1,22.07688133703045
JP1,19.03524387906524
JP1,19.85967677183367
JP1,19.512441853978867
JP1,19.837402292260887
JP1,20.462639925245952
JP1,21.9881452630646
JP1,22.7107422347265
JP1,19.49242791637909
JP1,19.757733485332825
JP1,21.17247983981449
JP1,21.51417776199072
JP1,19.0135303110044
JP1,22.692862116935444
JP1,20.74670809319127
JP1,21.857212477532183
JP1,21.088945230777632
JP1,22.028980675211464
JP1,18.759183159472908
JP1,21.04430322782311
JP1,21.503895411095844
JP1,21.2974679042037
JP1,21.356662270749407
JP1,20.217771529944955
JP1,19.53432962718277
JP1,21.73256960567
JP1,20.76972376702062
JP1,21.350948093953207
JP1,20.54965854959845
JP1,21.09499650025039
JP1,22.125133829325044
JP1,22.428133947483506
JP1,20.2539160457828
JP1,19.522288940427472
JP1,20.108349288266204
JP1,19.94382906577961
JP1,22.80019511738635
JP1,20.73794886520396
JP1,20.763856455526508
JP1,19.98065663181202
JP1,20.40627792237114
JP1,21.572998024033115
JP1,18.47254783981345
JP1,21.245455845994588
JP1,20.82036049097221
JP1,20.67986704365706
JP1,20.82441162483408
JP1,21.82135497066897
JP1,22.956890280794937
JP1,20.54359862547756
JP1,22.3325459069716
JP1,21.52075224169649
JP1,21.331828468163717
JP1,22.126671142031505
JP1,21.857972658311645
JP1,20.409203950134174
JP1,21.54834447061597
JP1,22.43189069939538
JP1,21.60640306099809
JP1,20.95179817259497
JP1,19.86291584185648
JP1,23.046858720347988
JP1,21.16362244210726
JP1,21.95585930537517
JP1,21.371690606733665
JP1,22.120730962227867
JP1,22.333916290174656
JP1,19.99187275521509
JP1,21.495461162087107
JP1,22.421688224796373
JP1,22.28774876319852
JP1,22.447566731452696
JP1,20.319415104800186
JP1,21.556454590608283
JP1,20.73604838417712
JP1,20.340770596278382
JP1,20.623044948304766
JP1,20.95118961723464
JP1,20.917968403575383
JP1,21.73333652709829
JP1,20.81514688227955
JP1,20.611132401321505
JP1,22.488612613152792
JP1,22.98809262242633
JP1,20.710760027091343
JP1,22.572792687472568
JP1,21.395393326865616
JP1,21.05569590180873
JP1,22.8739104977431
JP1,21.626406122285758
JP1,21.594073898621584
JP1,21.59601096093125
JP1,21.99564770734481
JP1,20.17098678370237
JP1,19.783190902966464
JP1,20.72076456285724
JP1,21.938129270583374
JP1,20.99272616131
JP1,20.69158604136173
JP1,22.282029754539867
JP1,22.65569126842912
JP1,22.472535748402507
JP1,17.698435540283132
JP1,22.310613945135064
JP1,22.512179632041583
JP1,20.786321363892824
JP1,20.029811918314103
JP1,21.408184257724148
JP1,21.90432707975757
JP1,18.81877973269346
JP1,20.407281819858195
JP1,21.05627903015614
JP1,20.980958978990028
JP1,19.085192285394545
JP1,21.566012179509517
JP1,19.70126065411037
JP1,21.76701192928131
JP1,20.17419733868163
JP1,19.93986096846528
JP1,21.502428154455075
JP1,20.08168416397159
JP1,21.808056144269614
JP1,19.560919055404877
JP1,21.47010107732316
JP1,21.62032027457176
JP1,21.505470859033185
JP1,22.347981163345164
JP1,23.13893182731493
JP1,22.08505235852225
JP1,21.316821530202997
JP1,23.817383596113068
JP1,21.92956637384417
JP1,21.229802796224256
JP1,20.63286296007924
JP1,20.983896263771623
JP1,21.03943400784605
JP1,20.42341563212066
JP1,22.434112005449037
JP1,22.233326717818606
JP1,21.59385912987552
JP1,23.66763571778514
JP1,20.661637211971986
JP1,22.52949859468899
JP1,21.95153622325885
JP1,21.311692942694943
JP1,21.6217060801046
JP1,19.894986433770363
JP1,21.655841025292453
JP1,20.899083856024127
JP1,21.813000002536302
JP1,21.753434475769264
JP1,19.97735534166021
JP1,21.30780487230612
JP1,20.224799083812883
JP1,20.96007700907054
JP1,22.201751723289146
JP1,20.44971462495632
JP1,20.31239027917704
JP1,21.35396090659684
JP1,22.54158005831625
JP1,22.43802286039876
JP1,19.417278902115303
JP1,20.67661670207488
JP1,20.66337599002541
JP1,20.04714671432098
JP1,22.10155844888966
JP1,19.42949879185403
JP1,20.549593455949378
JP1,21.28184604125097
JP1,21.383189118935256
JP1,20.784233130141427
JP1,20.78634660914999
JP1,20.92987738560305
JP1,22.39605829923733
JP1,22.11200336834756
JP1,22.104217526261493
JP1,21.045059050534928
JP1,21.65407784015616
JP1,21.246922837701398
JP1,22.165239998212154
JP1,20.62766921963491
JP1,20.501737125633586
JP1,22.417728262421587
JP1,20.380349683670293
JP1,23.257554489284463
JP1,22.292171047247027
JP1,20.97956887810125
JP1,22.039614111919217
JP1,22.06707966457523
JP1,21.00277582788609
JP1,21.76252517062648
JP1,20.58532520519303
JP1,20.69897487509746
JP1,21.74823971054819
JP1,23.42400849959555
JP1,20.38141991649645
JP1,20.87297690732034
JP1,21.55994907328792
JP1,21.757388462358197
JP1,22.41474389503721
JP1,20.88113419988881
JP1,21.093858543698936
JP1,20.77854508531736
JP1,20.48003892019198
JP1,21.450770145053934
JP1,21.41197485238222
JP1,21.73024726532744
JP1,21.509421411367832
JP1,21.54163516757864
JP1,20.582119285860102
JP1,21.19122883807076
JP1,21.06687870732856
JP1,21.43302156382855
JP1,19.96665755606684
JP1,23.943663295809493
JP1,22.66800149242919
JP1,19.95851100424314
JP1,20.649144389226457
JP1,19.386577648957065
JP1,21.830258222547634
JP1,20.521359667186022
JP1,20.60125236139813
JP1,20.562794203488924
JP1,20.52463427645234
JP1,21.07893084180549
JP1,22.447450416390897
JP1,22.0492029600442
JP1,21.55659416180488
JP1,18.421627245466848
JP1,21.874980378132893
JP1,22.437675915853504
JP1,22.221673024426067
JP1,21.41442652695112
JP1,22.1567519389602
JP1,20.093550587288483
JP1,22.90048926544745
JP1,19.829257079382437
JP1,22.596914245229225
JP1,23.02201675609176
JP1,22.336502532116537
JP1,20.836967922467277
JP1,22.13411600841841
JP1,22.18966675570823
JP1,22.123642979630883
JP1,21.126109152732365
JP1,23.349179410514807
JP1,21.82285745514027
JP1,21.867931853487296
JP1,20.509745625966936
JP1,18.88204719414773
JP1,22.381800031551037
JP1,20.671046139187236
JP1,20.833673204615025
JP1,22.644157310391225
JP1,19.66238244824589
JP1,21.34902096716001
JP1,21.267650375002408
JP1,21.159610808068564
JP1,21.72333801849573
JP1,19.855345566324235
JP1,22.3392752651902
JP1,21.685587730387724
JP1,22.083652742625706
JP1,19.676195308991968
JP1,21.501413025916225
JP1,20.51154038571764
JP1,20.65127792921929
JP1,22.438243848546485
JP1,19.47583897593112
JP1,20.002701233169457
JP1,21.756892778558218
JP1,20.9429626521214
JP1,19.884386573440267
JP1,22.242977266968317
JP1,22.388355194056324
JP1,21.000388480555472
JP1,20.59668834480589
JP1,22.60228554715032
JP1,21.161348307415185
JP1,21.601923798366546
JP1,21.914287399989888
JP1,20.787755152107074
JP1,21.10248129734806
JP1,21.271270579661675
JP1,20.42347371192783
JP1,20.45856141615209
JP1,21.456439051790262
JP1,20.85213028178905
JP1,21.88851035436497
JP1,20.69357526988007
JP1,22.467715098363925
JP1,22.476837146161028
JP1,20.929720543163924
JP1,20.2559242766898
JP1,22.0840942304144
JP1,21.94087123456995
JP1,22.941344761237
JP1,21.50155478915749
JP1,20.43423515175436
JP1,20.827359456872664
JP1,19.830525232468407
JP1,21.374537477986543
JP1,22.16673417248545
JP1,21.418341690607942
JP1,20.75982896987176
JP1,21.08930860182455
JP1,19.651328884672765
JP1,21.148292774556985
JP1,21.028928363433064
JP1,21.58755279687886
JP1,20.964973167385093
JP1,21.20426266125359
JP1,21.393382094043385
JP1,19.7625791920701
JP1,22.715510363896275
JP1,22.696460242071865
JP1,22.400145293666483
JP1,20.291075223695024
JP1,20.67154193705493
JP1,20.398918284582223
JP1,20.697034003069792
JP1,21.761871484131262
JP1,20.971634358416683
JP1,20.972045870119278
JP1,20.725162475665684
JP1,22.458542570302725
JP1,21.518197365598237
JP1,19.928453082874107
JP1,23.0429745062088
JP1,21.909998800378343
JP1,21.41096132650828
JP1,23.74933171823889
JP1,20.49745609191316
JP1,20.274284063527045
JP1,20.541670124865856
JP1,22.07967501465497
JP1,20.399240488404534
JP1,21.545454421798325
JP1,22.618571978211257
JP1,20.382762317635155
JP1,21.55592042415839
JP1,19.9827166808264
JP1,22.406249986013226
LA1,17.89390132805689
LA1,14.846530602765204
LA1,19.10471684838553
LA1,14.747475678997452
LA1,17.799537088831382
LA1,19.22280556992505
LA1,16.755737407092138
LA1,22.085329931969177
LA1,16.374505550977368
LA1,17.117908278263254
LA1,17.708032728408156
LA1,20.1810338640513
LA1,15.290426749287096
LA1,20.66245176585569
LA1,15.764393932306495
LA1,20.199643758195105
LA1,16.316451736161362
LA1,11.284886942922292
LA1,18.321107828655485
LA1,16.825371271807718
LA1,18.56889031716104
LA1,16.645899531768446
LA1,14.073542358326636
LA1,18.102531530092893
LA1,19.72678662252577
LA1,17.65418501877133
LA1,16.75407190503205
LA1,21.63444990364551
LA1,18.92136501655217
LA1,21.67947159246256
LA1,19.594275654094144
LA1,20.322874321341985
LA1,20.051400294148984
LA1,21.35660860532721
LA1,19.62611751941504
LA1,12.678770488306531
LA1,18.55169682381187
LA1,21.36038524697556
LA1,19.74919284301721
LA1,21.47551080254426
LA1,13.13651195095563
LA1,18.52713602892114
LA1,19.72931917987313
LA1,15.706485578361402
LA1,14.20268527253151
LA1,16.106491136834325
LA1,15.044607559134304
LA1,12.548499657074522
LA1,17.896764931981007
LA1,19.25008832966305
LA1,15.153443571733751
LA1,13.153441669180962
LA1,18.241562423008023
LA1,19.926896351702787
LA1,21.15257140422795
LA1,13.257831448287064
LA1,18.48006334085894
LA1,21.084746167632385
LA1,14.978231661118093
LA1,19.206523847592276
LA1,17.55574876974315
LA1,16.925451624111517
LA1,21.169688061488145
LA1,17.598589346985097
LA1,19.50636887796849
LA1,19.28472865226538
LA1,14.222851636183693
LA1,20.25602615489669
LA1,19.225037110489133
LA1,15.73346539451319
LA1,18.24012407143541
LA1,20.19364199032051
LA1,18.493802685776117
LA1,15.867032892048922
LA1,17.57511621167485
LA1,16.12020486770215
LA1,20.30930014388504
LA1,21.072817963185894
LA1,14.52924564642845
LA1,17.56534618960472
LA1,20.022220277390115
LA1,15.730861727016066
LA1,21.043523894649702
LA1,17.743421111599325
LA1,14.962613293445507
LA1,19.7808002980294
LA1,13.690843222673465
LA1,13.159856036085957
LA1,16.27702325447025
LA1,21.230797423077284
LA1,19.30787358254704
LA1,18.792982294983823
LA1,13.129940092623906
LA1,17.578413483893687
LA1,17.885061142635166
LA1,18.64895012812903
LA1,17.83788043665107
LA1,19.486508229712992
LA1,16.034243878934795
LA1,18.665622443397105
LA1,16.703550293622452
LA1,19.39752890753021
LA1,16.51601280652769
LA1,21.40800008154593
LA1,17.595663211651196
LA1,21.595914380372587
LA1,13.613072290390363
LA1,15.911234036480424
LA1,17.24315625315212
LA1,16.70773612680065
LA1,18.448226778103862
LA1,13.643855255096115
LA1,14.981742485766144
LA1,18.032008297698603
LA1,19.306027467968946
LA1,19.68467455577721
LA1,18.09819021402788
LA1,15.677610419463164
LA1,18.263269690869333
LA1,18.636895831526267
LA1,15.487757872157038
LA1,18.83596805536495
LA1,22.50321526114277
LA1,20.60875246324183
LA1,16.397249982899837
LA1,20.501968341498248
LA1,17.04588177395452
LA1,16.629930372227086
LA1,17.77111617091775
LA1,15.037950222258962
LA1,17.811347905999092
LA1,15.869073642391529
LA1,18.159878511282862
LA1,16.505856743672446
LA1,18.105459897560603
LA1,14.403588497316075
LA1,16.59412963111297
LA1,17.70886543324083
LA1,22.79285609836216
LA1,19.758736793367127
LA1,1.1116076367316563
LA1,21.74522643654626
LA1,20.564398302562665
LA1,18.751861414945985
LA1,12.519209189405206
LA1,22.78654505822052
LA1,17.26415714292789
LA1,19.09557316157935
LA1,19.398801692928345
LA1,15.732736972709215
LA1,17.94030022142618
LA1,14.66984455775296
LA1,13.258368437713711
LA1,16.236923982144944
LA1,13.684142883745544
LA1,20.563377895462065
LA1,20.713034695316956
LA1,18.84139003699824
LA1,17.036225072167564
LA1,17.722250512821798
LA1,15.055408662313964
LA1,16.109153287242982
LA1,14.39132199313002
LA1,19.46420667455889
LA1,14.450441871856594
LA1,14.074204010912531
LA1,13.68524495846289
LA1,16.601815076993258
LA1,16.859476971425213
LA1,13.270712042591224
LA1,15.5338887834242
LA1,14.71132588115025
LA1,17.043201207149988
LA1,16.687762155003536
LA1,16.553791635203382
LA1,16.046153437629798
LA1,18.59402710195793
LA1,13.771459227912382
LA1,17.542360605241647
LA1,15.9341807747136
LA1,18.747712757066186
LA1,19.97844299406535
LA1,20.371997128636195
LA1,20.801008686749203
LA1,18.591854473519984
LA1,21.60715679330219
LA1,16.137246980787296
LA1,18.766259131282805
LA1,18.955316557218595
LA1,10.01475030640889
LA1,17.35975883635761
LA1,23.054210588486637
LA1,15.940447639001702
LA1,8.326725255922002
LA1,18.66727353807697
LA1,17.18726762871867
LA1,19.57271331959469
LA1,19.017604273065466
LA1,16.050638248036567
LA1,17.580423495003735
LA1,0.2283411311624044
LA1,13.351916860131592
LA1,17.661726435178913
LA1,13.592017952811709
LA1,16.961568161424868
LA1,16.666085910271967
LA1,13.990851506538524
LA1,18.354849006692348
LA1,18.73483825260674
LA1,20.23216026325565
LA1,18.415392390263843
LA1,20.09719951800181
LA1,15.847900341876866
LA1,21.404879936242835
LA1,17.471151156295026
LA1,18.16457965232915
LA1,16.394301690806433
LA1,17.418524215952434
LA1,14.349913966507946
LA1,18.179272077628184
LA1,15.99183236838324
LA1,21.41630158813859
LA1,13.444084492014802
LA1,18.720064873577197
LA1,15.97123517013238
LA1,19.631028885046565
LA1,16.090047410877936
LA1,19.76334263284804
LA1,13.544364553211
LA1,12.573148992749752
LA1,17.92775548923755
LA1,14.877778823861837
LA1,20.883202043552064
LA1,16.71938866763082
LA1,12.305990224067
LA1,16.634961026328547
LA1,15.818193419560933
LA1,10.959596176566514
LA1,16.762610374321465
LA1,17.625671493467316
LA1,15.528034603228743
LA1,16.50065098786837
LA1,20.74553172461716
LA1,18.157457139487704
LA1,15.71772531370213
LA1,11.894277849087343
LA1,16.410224021953653
LA1,12.99142719257849
LA1,18.148174672106027
LA1,20.91481808706115
LA1,15.069570093583708
LA1,13.956023587975237
LA1,18.386224024350348
LA1,17.090128026754257
LA1,13.575286665915586
LA1,18.673330898447432
LA1,18.5205401250236
LA1,10.924584142404042
LA1,13.56937304801899
LA1,19.66455880791736
LA1,13.556598473524598
LA1,17.510479922003004
LA1,15.800255154670266
LA1,15.947674365346664
LA1,16.638667367951
LA1,13.921659605257334
LA1,16.96498747847229
LA1,16.888332398203058
LA1,13.273543259692747
LA1,19.52561592872426
LA1,22.785483126470925
LA1,20.5226063237627
LA1,15.52062370543133
LA1,12.544646053671384
LA1,17.368960731677948
LA1,14.65156573414764
LA1,18.96971936114558
LA1,19.856442867612564
LA1,16.11273569036552
LA1,19.54989213919913
LA1,22.97994312629968
LA1,15.726598045790368
LA1,15.97214253544027
LA1,16.220797267808106
LA1,19.44135328188181
LA1,13.868166505447045
LA1,21.36178272011696
LA1,17.674998833157925
LA1,12.406716232783484
LA1,22.21997337716346
LA1,18.50735088553225
LA1,16.874745581708403
LA1,23.02801533897446
LA1,5.778579623209061
LA1,13.372264238869349
LA1,15.270703281139369
LA1,14.895780829932988
LA1,17.96519400668334
LA1,15.17657380983445
LA1,19.371969568844516
LA1,20.0582607796661
LA1,22.101088352944625
LA1,17.460049041045313
LA1,20.916397783171643
LA1,14.72846334992137
LA1,13.369635830246398
LA1,16.650754237966872
LA1,14.852085619347806
LA1,20.00385164275048
LA1,17.9212614454643
LA1,14.26322997048246
LA1,17.663202733337645
LA1,16.167680407016398
LA1,15.300848154187326
LA1,19.1044198487664
LA1,17.29582690169619
LA1,16.800714197143687
LA1,14.638178100361737
LA1,19.763912354532824
LA1,14.30361071888076
LA1,18.351299507582578
LA1,13.458188729247812
LA1,15.7762545898389
LA1,20.719841012588383
LA1,19.9686923536493
LA1,15.312927997751869
LA1,20.041512439465173
LA1,21.975000544841524
LA1,19.33362951053489
LA1,14.239277602211336
LA1,11.9787418616452
LA1,22.325965853319865
LA1,13.542996240216494
LA1,19.67785760647458
LA1,21.31959065614709
LA1,14.230200710959028
LA1,21.631661784928895
LA1,11.964381011443203
LA1,14.652480297283777
LA1,15.625573617041873
LA1,15.074928977910428
LA1,21.1102744722243
LA1,16.920514824053775
LA1,18.82802333155249
LA1,18.462745385177715
LA1,16.8242129108738
LA1,15.466783215152727
LA1,13.62213125610475
LA1,11.943933916582036
LA1,20.919642615650957
LA1,21.299812051339988
LA1,17.277947930794454
LA1,16.59150392825303
LA1,13.963385960880832
LA1,18.94906762646118
LA1,20.530751327526666
LA1,19.000046356566912
LA1,1.497160339004483
LA1,18.177008945305406
LA1,20.11141256793751
LA1,14.083276706195113
LA1,19.54068724986402
LA1,20.457110783519827
LA1,16.968436727968367
LA1,20.916194920338352
LA1,15.91320726218707
LA1,14.912216761475806
LA1,21.91787135950346
LA1,13.43689702311454
LA1,16.58077183004552
LA1,19.535746978389543
LA1,13.341400131421386
LA1,23.79286212100709
LA1,13.227104296968587
LA1,14.731730501164709
LA1,20.784065628660915
LA1,23.97969174010239
LA1,23.51703467419696
LA1,22.53991106639424
LA1,19.21568117399828
LA1,16.94622825289956
LA1,18.214235540752824
LA1,16.576069925152854
LA1,15.020974118726247
LA1,15.945926454148038
LA1,18.51729410094385
LA1,15.524320853277864
LA1,20.545044820564204
LA1,18.227153091123483
LA1,20.230642531740248
LA1,20.41035076365232
LA1,14.059040720754137
LA1,19.42731447348443
LA1,18.16185517670156
LA1,0.5196822002757643
LA1,18.61195631003933
LA1,16.253469145572467
LA1,16.84541053381295
LA1,0.4360391134021218
LA1,16.68597783987899
LA1,14.89073473276454
LA1,18.53366282387533
LA1,15.022679668134762
LA1,18.17890878463075
LA1,18.19687516552844
LA1,16.20962703067357
LA1,18.16215451286286
LA1,18.310321724316164
LA1,19.279681846885858
LA1,11.51994580845274
LA1,21.91640472311485
LA1,17.752820497054437
LA1,16.858979471937054
LA1,15.023136723351955
LA1,19.005263427927776
LA1,15.599487913087746
LA1,15.361352094258043
LA1,20.796245325011235
LA1,19.39827930695508
LA1,16.184270742565424
LA1,14.570973415274729
LA1,17.468068267828315
LA1,18.29496842573214
LA1,18.020792758334508
LA1,18.949801473939463
LA1,14.60552230853313
LA1,19.222925889860026
LA1,13.846611881286725
LA1,15.00618353559391
LA1,18.525901792760315
LA1,14.249180878953744
LA1,15.420934656102402
LA1,18.662874069454844
LA1,15.835166341190488
LA1,20.997750927297584
LA1,14.728931648415898
LA1,14.519717131548203
LA1,17.746802743870653
LA1,16.65075319496162
LA1,21.665478266976145
LA1,17.717251724108408
LA1,19.674621176177567
LA1,19.89763540372936
LA1,16.557035699365205
LA1,16.450516896631473
LA1,17.163234456839483
LA1,19.992246040287824
LA1,17.59240193327121
LA1,18.43992344732332
LA1,20.32667199737314
LA1,16.357613153301422
LA1,19.17542246769439
LA1,16.204054902979188
LA1,14.046673908109584
LA1,14.781024220522305
LA1,18.224335724112013
LA1,15.817921518620212
LA1,19.869598473491006
LA1,15.62489842972673
LA1,11.425143334425432
LA1,18.299823847078773
LA1,22.74408281585711
LA1,16.510154695254503
LA1,20.450038153974543
LA1,17.57943855945254
LA1,15.749274287231623
LA1,16.60270773105922
LA1,16.336475709241157
LA1,17.103091730752002
LA1,20.307915124028906
LA1,15.842517881539772
LA1,21.777466017194296
LA1,13.089661139259825
LA1,15.20445554570338
LA1,14.506972155407178
LA1,18.21913580779451
LA1,22.07877590887163
LA1,16.66794887541533
LA1,15.022710203324037
LA1,16.436298752806035
LA1,17.97149300971478
LA1,14.289127141471075
LA1,17.11780922040548
LA1,15.581175767760948
LA1,15.05235234197451
LA1,21.37890589510888
LA1,17.991539806216107
LA1,17.984966830498475
LA1,18.72355845156877
LA1,19.538087959419677
LA1,13.663243687996102
LA1,15.141597844310912
LA1,23.91786333812226
LA1,15.887721538436075
LA1,13.752713837642553
LA1,18.54445636377728
LA1,16.62467436708092
LA1,19.918845487588595
LA1,20.02906836333963
LA1,19.04388644459648
LA1,17.277334582553134
LA1,12.08184351761641
LA1,18.57410060774223
LA1,15.018513656681524
LA1,18.616971701442587
LA1,17.653368366356638
LA1,17.675594276841984
LA1,17.523712241335573
LA1,22.876906803189332
LA1,13.466028287707156
LA1,22.143607657869342
LA1,16.65743577979202
LA1,18.02020782638652
LA1,18.653771575297
LA1,19.999517838489684
LA1,21.18300698758637
LA1,18.593287572299364
LA1,20.289051472733583
LA1,13.251975389006995
LA1,19.185312819348862
LA1,15.438606100847911
LA1,19.609961796693053
LA1,16.990271334719576
LA1,15.448780617984204
LA1,17.613472379733384
LA1,19.31558080398879
LA1,2.510825819405891
LA1,17.97501171229465
LA1,19.92845818556884
LA1,19.80169990632017
LA1,16.84245986890479
LA1,18.375240541840316
LA1,17.534290264733475
LA1,17.986763213423746
LA1,17.49411556004236
LA1,15.955197459239704
LA1,1.6298123557335928
LA1,12.380681864962746
LA1,13.287256379624594
LA1,14.90161286666764
LA1,19.45137165706206
LA1,20.344070255071145
LA1,18.961524839444877
LA1,21.58823919639072
LA1,18.814620632125315
LA1,10.344297488713188
LA1,18.84297999668484
LA1,17.663491111781806
LA1,21.328180119735755
LA1,17.302906156314503
LA1,17.56534618960472
LA1,17.59355622428038
LA1,17.862632945218685
LA1,16.70800301332258
LA1,14.711798061221524
LA1,14.688086596052656
LA1,15.719997343552306
LA1,20.620360907603985
LA1,15.956063230024784
LA1,16.909845021947056
LA1,20.481004288160698
LA1,16.914521522929213
LA1,14.03474971108616
LA1,19.047581800676458
LA1,14.90479500299456
LA1,20.590201994387865
LA1,14.407792228151909
LA1,15.955539141886534
LA1,0.9946329659458092
LA1,16.41745281931326
LA1,16.051270670697193
LA1,20.975632942763607
LA1,20.287313715935184
LA1,15.866250673346611
LA1,19.15138406560497
LA1,19.146679626309982
LA1,17.702825686836494
LA1,18.08736980056281
LA1,20.640914345233103
LA1,16.26069536162049
LA1,14.996779847599752
LA1,12.68192723168768
LA1,20.547527409649163
LA1,16.335177978270814
LA1,15.042081207444898
LA1,19.76167877870744
LA1,22.752008631948502
LA1,18.315408964382584
LA1,19.79811401354415
LA1,21.04311056525059
LA1,15.998707878424591
LA1,23.16756207049504
LA1,20.251599496896475
LA1,16.148621571337358
LA1,18.235699152081207
LA1,15.492443226048149
LA1,18.649102571794085
LA1,15.369131239543169
LA1,16.899353783454533
LA1,22.035562481448498
LA1,12.546376623159691
LA1,18.525863741926223
LA1,18.71126099451986
LA1,16.498201690066285
LA1,21.40486317121624
LA1,21.54261175484933
LA1,15.324982523090132
LA1,22.540262003597874
LA1,15.53267260229674
LA1,16.50566930476152
LA1,15.109273102336797
LA1,12.21792053252099
LA1,15.09228771773311
LA1,19.53241325616744
LA1,17.81518418161331
LA1,14.662832804309266
LA1,12.413716428023594
LA1,16.638192727864727
LA1,15.223477363529604
LA1,16.987976802861418
LA1,15.949538276905123
LA1,17.259195721510128
LA1,17.765464556823506
LA1,13.804280165208707
LA1,19.490214131779656
LA1,20.22816840428938
LA1,16.54343929932641
LA1,16.43984789191833
LA1,16.094361772505934
LA1,17.419940391556935
LA1,15.859757309190954
LA1,21.18713723449257
LA1,17.342189273791426
LA1,20.78102352881038
LA1,17.534789643833587
LA1,14.856427418958134
LA1,16.063917480455096
LA1,13.76980431623051
LA1,13.040884571549755
LA1,19.31237388119956
LA1,15.913924403480149
LA1,16.849871919489832
LA1,19.42915318093852
LA1,12.971298661594878
LA1,15.75096127680127
LA1,18.16327423524149
LA1,20.156899494317955
LA1,17.640133369386653
LA1,17.763545800516425
LA1,17.232383816679135
LA1,19.206880657872556
LA1,14.329042881337603
LA1,16.46340880762963
LA1,19.83225231824528
LA1,15.333699742809989
LA1,17.6487101885827
LA1,14.6402037043001
LA1,18.78805380141757
LA1,17.883957002661933
LA1,21.924824749729225
LA1,15.489372053005749
LA1,15.966211401224886
LA1,17.684575159070945
LA1,15.764574375929712
LA1,18.692930980323315
LA1,17.40863426022819
LA1,13.01067959188484
LA1,17.94492002441099
LA1,14.52369819276021
LA1,18.346708297422744
LA1,15.91284964185431
LA1,19.649704958588995
LA1,16.152907334033497
LA1,17.65896276533207
LA1,13.932376761330456
LA1,18.03312978278613
LA1,16.17809389017092
LA1,16.014543744952487
LA1,18.669860340544066
LA1,14.712165229553916
LA1,19.422205344563693
LA1,11.68974144873036
LA1,17.960050924722683
LA1,13.69356754024906
LA1,20.04671024330909
LA1,13.974493214039796
LA1,19.738699241479424
LA1,12.73644843032888
LA1,20.287562592064926
LA1,21.401313890597432
LA1,16.10842523194911
LA1,23.057368253545885
LA1,20.935599304872763
LA1,19.93214276596093
LA1,18.75455901493508
LA1,13.94265610902142
LA1,13.454064557134153
LA1,17.47235260818152
LA1,18.797103188265577
LA1,16.284284987290917
LA1,18.850224568933328
LA1,16.62177463693148
LA1,19.424641455309416
LA1,16.06391973538072
LA1,19.32234885459077
LA1,14.864188974398198
LA1,13.571869882848311
LA1,17.627967577604565
LA1,15.32771576127279
LA1,12.350698891654694
LA1,16.885331611443355
LA1,13.842255178446342
LA1,17.92297789739795
LA1,13.923329369612311
LA1,15.404882820547378
LA1,17.040999511423916
LA1,14.060915905388477
LA1,16.676125831397748
LA1,17.554948471222733
LA1,14.602790136294644
LA1,23.31663034468195
LA1,12.846599317176294
LA1,14.68732210590457
LA1,11.702257830506891
LA1,15.845038855115828
LA1,14.204945536517066
LA1,17.151568145241548
LA1,17.39171651737642
LA1,19.815425297531764
LA1,19.52358991835746
LA1,18.380867878110404
LA1,18.59206891005487
LA1,21.368554121073164
LA1,16.93682942561431
LA1,16.26664499351954
LA1,15.477001174287077
LA1,18.22922536237317
LA1,20.796397885416773
LA1,13.798806866043147
LA1,12.920716975566528
LA1,17.55355398897469
LA1,19.29722944000935
LA1,19.5723339119243
LA1,20.04466553611518
LA1,15.430897138128469
LA1,18.908660388987357
LA1,18.845792020102863
LA1,20.06357866580724
LA1,21.487489031988453
LA1,14.895599084492533
LA1,18.337100617580614
LA1,13.14608027903642
LA1,14.88569277837218
LA1,16.89713895282793
LA1,18.77271812103985
LA1,17.86073330073501
LA1,16.167325394071636
LA1,17.35660714870266
LA1,20.25204310939687
LA1,14.18836676003343
LA1,16.886283234733604
LA1,17.21831958093961
LA1,17.669908536073844
LA1,17.305576992843818
LA1,19.69073488792206
LA1,22.854106507705904
LA1,16.54066490222413
LA1,16.338785767940532
LA1,17.992880011850584
LA1,17.85218516401074
LA1,19.96749178722506
LA1,15.772114770855524
LA1,20.33387538853169
LA1,18.14865617695383
LA1,15.146084008853164
LA1,21.79235126721172
LA1,15.753313318239814
LA1,18.999137467446165
LA1,18.34477434251877
LA1,20.72799653976661
LA1,17.0275566990204
LA1,16.226376362418616
LA1,19.95832918778184
LA1,22.66572938379904
LA1,19.49696700416677
LA1,14.332328930854974
LA1,23.108185326335924
LA1,14.379734313599544
LA1,16.907719307062695
LA1,16.63659649576296
LA1,16.83117150387694
LA1,18.36128241355553
LA1,15.241496142456304
LA1,17.442136453655984
LA1,17.767374256646985
LA1,22.637508950653555
LA1,17.098096662739046
LA1,18.07945329509264
LA1,19.64421214983871
LA1,20.368606279894976
LA1,15.862828182497475
LA1,19.70330577430237
LA1,17.119742043179414
LA1,2.892917906405448
LA1,16.412778177133514
LA1,17.4920100311759
LA1,18.76906309057125
LA1,19.068398853581712
LA1,16.930850834383
LA1,16.554717044576076
LA1,15.667955166698636
LA1,12.971937246759628
LA1,16.64930454487782
LA1,17.25526036094843
LA1,18.789991823414937
LA1,16.628086897052366
LA1,15.911715979596794
LA1,21.174774156615676
LA1,20.302367322279068
LA1,12.9577004489921
LA1,19.384450208111232
LA1,16.566716387654957
LA1,17.132019941681623
LA1,16.651464406665724
LA1,21.87077878116702
LA1,15.085123836756855
LA1,14.687734287593129
LA1,15.636549760387869
LA1,20.301385636744826
LA1,18.078994038131924
LA1,18.803260346099695
LA1,14.108640521994396
LA1,17.40509910198694
LA1,12.598269534843018
LA1,17.21819838714339
LA1,14.3067284820293
LA1,20.73890324278144
LA1,20.32108643242056
LA1,18.21583746364733
LA1,20.87929214504057
LA1,15.431051757142365
LA1,18.197310946521643
LA1,20.080489843604735
LA1,15.013785526114209
LA1,15.400140741286206
LA1,0.3222483449008214
LA1,18.31591289081781
LA1,14.4982056650737
LA1,15.182066783680202
LA1,14.887131527243875
LA1,14.803307744184693
LA1,18.10929223382757
LA1,15.285739506897182
LA1,16.900172315115874
LA1,16.97566663393573
LA1,18.907634339149205
LA1,16.290182508711023
LA1,19.212584058275823
LA1,17.276662155705406
LA1,16.063856510918477
LA1,20.44122721140385
LA1,19.665705521976115
LA1,16.220744802720166
LA1,17.76083378392634
LA1,17.981012039765073
LA1,20.106504476875426
LA1,12.91792666783569
LA1,15.83909558986424
LA1,17.574947895432498
LA1,14.939874351592122
LA1,22.6707669882578
LA1,17.252909037855247
LA1,19.253044413370283
LA1,19.336368978887407
LA1,17.31192542251767
LA1,16.03653778741057
LA1,19.81772263816836
LA1,17.73379703268229
LA1,15.961331669637731
LA1,15.160517352034091
LA1,15.447704141173208
LA1,17.99115290575533
LA1,17.50507707714384
LA1,16.50396271544508
LA1,13.230857603450058
LA1,17.170507631922717
LA1,21.073195592824376
LA1,21.59972293572276
LA1,18.81892632602841
LA1,20.164391138091997
LA1,17.956344032164203
LA1,18.167005505672368
LA1,20.76905205970463
LA1,20.21898835014764
LA1,16.131372256613837
LA1,17.302468890861512
LA1,15.849768165704605
LA1,12.788083476879075
LA1,14.450599680360748
LA1,17.358609540423664
LA1,19.604530364300228
LA1,18.679169656460346
LA1,14.850058206490685
LA1,20.82991148279324
LA1,17.40678834280296
LA1,16.26964249319924
LA1,18.93173014590056
LA1,18.45006134732644
LA1,22.86566144682877
LA1,13.70444632432542
LA1,15.00255652407546
LA1,17.43913731859467
LA1,18.77226363774344
LA1,19.5195008066632
LA1,15.932764448395137
LA1,17.719235487362003
LA1,16.13842428645814
LA1,18.341285932921032
LA1,20.7913995722691
LA1,21.2412779020816
LA1,16.371002803113313
LA1,19.485151043498647
LA1,18.031926615561037
LA1,19.006887990823785
LA1,16.4687004464526
LA1,18.31315826921652
LA1,20.508240139626235
LA1,19.73824856756353
LA1,18.732778976165992
LA1,17.312198480013052
LA1,16.9200241283124
LA1,20.65458263778985
LA1,14.614506514438608
LA1,16.23793366476041
LA1,16.16554051537491
LA1,18.709077153054984
LA1,21.131476592412877
LA1,19.04975628341831
LA1,16.88830052003944
LA1,16.067044453529235
LA1,18.56842975702098
LA1,14.23851014728725
LA1,17.13698554993406
LA1,14.821295406856066
LA1,19.79382919526109
LA1,19.636504811462924
LA1,13.07926550118735
LA1,19.364495767286176
LA1,13.924443953844008
LA1,17.15930357509743
LA1,18.96440917207817
LA1,13.636154242404873
LA1,17.530197876009208
LA1,14.600115050076262
LA1,18.04642507781328
LA1,21.718789564936984
LA1,15.981963320770172
LA1,14.024604477341354
LA1,19.21872142347993
LA1,12.35894265943919
LA1,17.83816130980981
LA1,10.853692484291196
LA1,19.26295536413784
LA1,19.267611814365534
LA1,18.7402611218021
LA1,15.373546952622734
LA1,19.698873689202674
LA1,17.875763601880394
LA1,14.926574182160564
LA1,18.15411185369885
LA1,15.955678214663576
LA1,18.31979978313512
LA1,15.580821563946325
LA1,22.950091645274476
LA1,19.141922225286827
LA1,20.393503476366597
LA1,16.797263901879564
LA1,23.453727130023054
LA1,20.09986567406046
LA1,19.44863441872876
LA1,16.1162840899559
LA1,22.06143698345542
LA1,18.820906137441103
LA1,20.425553715802334
LA1,22.0065997549746
LA1,12.29760395333168
LA1,18.82185042382249
LA1,18.303108484142776
LA1,18.73350745601561
LA1,14.390170055788658
LA1,16.255457254713253
LA1,21.295833144427167
LA1,15.931225189980674
LA1,21.8915417551242
LA1,15.57750759395848
LA1,19.87694571504747
LA1,13.192470995428922
LA2,22.66463342233964
LA2,18.84117259505928
LA2,19.485660651826944
LA2,21.545805425426096
LA2,18.333932424354625
LA2,19.340515284692888
LA2,20.229990092628054
LA2,22.8643399684762
LA2,23.291789193228546
LA2,20.04844795638006
LA2,23.991181392861844
LA2,18.57268474022613
LA2,20.628519593781554
LA2,20.937127390341583
LA2,21.087922807828672
LA2,20.305283202502373
LA2,21.65799803912829
LA2,16.306734227494324
LA2,22.74697165413546
LA2,22.172915327838638
LA2,1.3010549003768337
LA2,16.94939297762511
LA2,18.924143246691933
LA2,18.974856147515588
LA2,0.708571167263746
LA2,22.580387603957767
LA2,20.480556223771817
LA2,17.58427152781469
LA2,22.581737747179307
LA2,19.46140459337304
LA2,23.27243547430845
LA2,16.64674467610389
LA2,22.30033411628621
LA2,18.462949437766536
LA2,20.70753942549972
LA2,18.90735719138892
LA2,23.941251793937912
LA2,19.71494041675101
LA2,18.616698750718072
LA2,14.27471657161428
LA2,0.5059310001624041
LA2,22.15493205413519
LA2,22.443463643427148
LA2,19.47860768100547
LA2,19.9653604020964
LA2,18.88611671140008
LA2,21.60949447775072
LA2,19.463559458335222
LA2,20.46407316444341
LA2,20.858847827200147
LA2,22.394528237073175
LA2,21.89764676522008
LA2,0.1127139762772375
LA2,19.57380177209001
LA2,20.72675569525717
LA2,23.29404619084618
LA2,0.4690137822099545
LA2,20.4684243090557
LA2,22.68618359303307
LA2,21.357465868290344
LA2,20.358649701078296
LA2,16.809235086859175
LA2,19.61458248121816
LA2,19.053353420332456
LA2,18.335547043986548
LA2,21.59337020660216
LA2,20.74158578172581
LA2,19.143599788174225
LA2,23.18320341978898
LA2,19.101476857689285
LA2,23.624942088372084
LA2,19.536696772537088
LA2,17.712250740196122
LA2,22.05175099530944
LA2,22.662816738455096
LA2,22.947509474783143
LA2,20.445610658867704
LA2,19.90631862324576
LA2,20.276281625478507
LA2,19.506446995472924
LA2,15.993779993903672
LA2,23.609524322722574
LA2,18.884677779096474
LA2,19.03919160555492
LA2,20.45573172049054
LA2,20.54028936278364
LA2,22.700640199657084
LA2,23.84854772358877
LA2,14.76180150772158
LA2,18.770267496096288
LA2,18.5352945148135
LA2,20.243423545620598
LA2,22.13914628208345
LA2,23.165453398977647
LA2,19.483990942745667
LA2,20.657129251943488
LA2,19.976120618525627
LA2,18.236791474456982
LA2,20.419700193776578
LA2,19.622526899670245
LA2,15.200615394751289
LA2,21.073532384402284
LA2,17.67009933900268
LA2,18.6888209826416
LA2,19.46912328808528
LA2,18.670017838044203
LA2,20.481580265263883
LA2,17.169636594234134
LA2,21.03573662351608
LA2,18.39023135703998
LA2,19.88984034100588
LA2,21.962760925687714
LA2,16.934714570558146
LA2,23.218710809039
LA2,16.78852294692416
LA2,20.89699368501062
LA2,19.79083768095192
LA2,20.97548698672462
LA2,21.361765434126774
LA2,18.93967710953472
LA2,18.6520776883366
LA2,21.775464998352625
LA2,0.1283566698583318
LA2,20.475864032395137
LA2,22.67520425891744
LA2,22.90464405710761
LA2,20.41103451822058
LA2,1.283858976993334
LA2,21.667780780742213
LA2,16.92519766050132
LA2,17.32931056147947
LA2,23.6948060335931
LA2,22.59000868284764
LA2,19.078987348223407
LA2,19.13608097461272
LA2,21.689765311699254
LA2,21.427278328722497
LA2,20.56047438399861
LA2,21.29290161598105
LA2,17.763419152485714
LA2,20.424258098800717
LA2,20.877589465198763
LA2,19.681076600238843
LA2,2.0564830976582904
LA2,19.45762833323709
LA2,20.40663117843581
LA2,21.53813711378385
LA2,23.99955777195487
LA2,14.072231599084391
LA2,21.082878477948874
LA2,20.53106715909052
LA2,21.606123236072538
LA2,21.54501172473945
LA2,21.47969227082132
LA2,22.870202758942515
LA2,21.06657715219276
LA2,17.41620063849274
LA2,17.84743761860446
LA2,20.401924118288235
LA2,20.28943014571508
LA2,22.9560138457913
LA2,19.31829859120946
LA2,22.29502957421363
LA2,22.93440779240936
LA2,21.32049250861042
LA2,23.87427612728364
LA2,20.913526223761377
LA2,19.255789891665625
LA2,21.92371154379815
LA2,19.12510426622232
LA2,19.13311169245692
LA2,19.993135968289742
LA2,23.999566843502876
LA2,20.552228693464823
LA2,22.405865247812745
LA2,19.68118391328128
LA2,1.7088436562668603
LA2,21.402208270881264
LA2,22.50014340873527
LA2,20.87770427647803
LA2,19.99129990049643
LA2,22.080784162661335
LA2,21.342152986328337
LA2,22.86307463372931
LA2,20.5591892889846
LA2,19.254720995600707
LA2,14.647971190136165
LA2,21.196262705217723
LA2,19.349391491980413
LA2,20.723800978520316
LA2,23.00538369109453
LA2,22.479442261709718
LA2,15.324694331107692
LA2,22.10333818601008
LA2,19.706829476614686
LA2,23.337766805691366
LA2,18.50828501752885
LA2,19.49655379944076
LA2,21.64210173443238
LA2,21.6078589013838
LA2,18.699104291638267
LA2,18.811117527232923
LA2,0.9547344550596274
LA2,17.647662334866187
LA2,14.420972333147096
LA2,2.482696252007508
LA2,16.482049726282217
LA2,21.757579695048104
LA2,23.68742965378506
LA2,20.81424072178764
LA2,17.289712391538814
LA2,18.218529695961383
LA2,20.683426035366622
LA2,21.765677143299698
LA2,14.80228548295578
LA2,23.982073880318072
LA2,19.945675946511603
LA2,22.179081441140674
LA2,19.2909632542988
LA2,19.88852757681621
LA2,0.3792211804792254
LA2,23.01080736642866
LA2,1.5488524430818598
LA2,17.422929256805475
LA2,20.41529828598775
LA2,21.04882212488293
LA2,18.622504911464382
LA2,21.421628120141328
LA2,2.2613248472800453
LA2,23.54274788874465
LA2,21.30718599790737
LA2,20.334830813462432
LA2,18.59349930851479
LA2,18.262156738123256
LA2,21.470234250826724
LA2,22.994116631817203
LA2,20.075385712446533
LA2,20.17312875721244
LA2,16.898122045507595
LA2,0.9752847383709046
LA2,18.17749031185344
LA2,15.033924314825123
LA2,21.919871947068504
LA2,19.274582579228618
LA2,18.688685223700976
LA2,18.374084663839056
LA2,20.753890409964725
LA2,0.9528513247999012
LA2,18.93486957803473
LA2,21.580230316890333
LA2,16.32854976007077
LA2,22.139304172502484
LA2,17.065864250266873
LA2,20.025345539942283
LA2,15.822085595839424
LA2,23.05914446543604
LA2,20.36037696099747
LA2,22.893875772379506
LA2,19.28051341529482
LA2,23.987515714764367
LA2,16.861173165956146
LA2,23.164216871460443
LA2,21.60747859542056
LA2,22.103708241325045
LA2,19.089275195604568
LA2,21.341254805387777
LA2,1.848297948910622
LA2,19.78394128614729
LA2,21.36229975701896
LA2,21.84262844603537
LA2,20.84853862548456
LA2,20.50093357635642
LA2,16.018313607079318
LA2,17.629649879880617
LA2,14.439059037889752
LA2,18.30735380344749
LA2,23.280667727125643
LA2,21.02731911696689
LA2,18.53577293786019
LA2,20.91151990647741
LA2,23.835158217488843
LA2,19.899652102497427
LA2,22.461547114169104
LA2,20.46304558439225
LA2,23.22865885744324
LA2,17.384664844175955
LA2,18.216241279943237
LA2,13.692511636140482
LA2,21.79629659321576
LA2,23.445291800593345
LA2,16.600496514782375
LA2,23.884177775947613
LA2,22.238470952700027
LA2,21.518085939026903
LA2,21.2347198608079
LA2,22.68580614945969
LA2,19.20191522087477
LA2,23.714766094182284
LA2,18.044757940584105
LA2,21.401739017319827
LA2,20.31059332137015
LA2,20.47615270339819
LA2,21.394196729234267
LA2,19.758205163132907
LA2,2.3022437335562267
LA2,21.47134708672848
LA2,20.511076249043505
LA2,23.809635052261594
LA2,21.29294531020528
LA2,23.10853138041234
LA2,20.44850003597184
LA2,18.900996958881187
LA2,20.8673374751732
LA2,22.78388284639197
LA2,23.180027286809008
LA2,23.81564260046609
LA2,21.84232154897632
LA2,20.443897509485357
LA2,15.162073239483536
LA2,0.2596499545308804
LA2,20.76892601010191
LA2,23.641959138052243
LA2,18.591674850936094
LA2,17.990160090542904
LA2,22.793153307887792
LA2,17.837112620922454
LA2,19.53524755398471
LA2,5.810213772955994
LA2,19.820455041399992
LA2,21.09259199203353
LA2,17.19347697151529
LA2,21.043149264666926
LA2,17.295944107014012
LA2,21.056178499405718
LA2,20.43307241178312
LA2,23.30302138463471
LA2,20.805361494445368
LA2,18.909277246425503
LA2,17.547253424397834
LA2,20.08316646899648
LA2,21.59106389575605
LA2,20.27984259030732
LA2,20.177026488878564
LA2,22.36992625856395
LA2,20.030939157568287
LA2,20.479196527860832
LA2,20.282882554540603
LA2,20.096519280029845
LA2,21.5306952673368
LA2,19.541165448814453
LA2,21.566141336862028
LA2,20.434702756178662
LA2,20.316838895810744
LA2,22.1834781607858
LA2,22.74738872844359
LA2,0.9614984593618102
LA2,18.24821497841089
LA2,17.89985694073032
LA2,21.978461701831407
LA2,19.351252996089634
LA2,21.53666783166225
LA2,18.753624531167937
LA2,21.91040005607669
LA2,16.65058953024407
LA2,21.90019983524728
LA2,17.423851780332967
LA2,18.64457279607717
LA2,19.561603549795755
LA2,21.239998590228016
LA2,3.536411749095897
LA2,21.04509408275773
LA2,0.6797275917877157
LA2,23.34325802317054
LA2,20.07859792527457
LA2,18.24683152448248
LA2,20.5753114495773
LA2,19.60844252217295
LA2,21.72808282417788
LA2,17.374636224459007
LA2,19.752854879607696
LA2,1.3968802981976152
LA2,17.026038324595653
LA2,20.630991841483983
LA2,19.073670436283944
LA2,19.296390331966705
LA2,3.841427748544338
LA2,17.66587617188483
LA2,16.480276841249573
LA2,20.82010287363084
LA2,23.534893412645523
LA2,17.640799843542375
LA2,23.882462487986825
LA2,23.250296413753592
LA2,20.99296117494557
LA2,14.31643300466573
LA2,23.14734940256328
LA2,19.153701649671635
LA2,22.08345870556688
LA2,20.21213802961612
LA2,22.68844595534461
LA2,23.07767887718861
LA2,20.708713127505582
LA2,19.46821455859266
LA2,16.86022578354627
LA2,18.748085473534463
LA2,20.255754153401508
LA2,22.769369251637794
LA2,20.90169468471817
LA2,21.229280725866012
LA2,20.550025307004745
LA2,20.273132490151315
LA2,19.230929072095016
LA2,23.91927641507577
LA2,20.67768355531444
LA2,22.89713039400648
LA2,20.990611847042008
LA2,20.4089351924542
LA2,18.90233156287121
LA2,22.296007918944657
LA2,20.102909070919868
LA2,20.34781815140984
LA2,22.616804277147384
LA2,21.068338731643408
LA2,17.4539971850882
LA2,20.30547127215185
LA2,21.15675379771888
LA2,2.183235222898825
LA2,13.416687801419084
LA2,21.166713502448808
LA2,17.429006882573816
LA2,21.81528942029452
LA2,20.142783318154613
LA2,16.053361156008513
LA2,21.06872087019192
LA2,18.77034215294985
LA2,17.362695733580512
LA2,17.41366084918254
LA2,3.9691471300349535
LA2,20.487138258824515
LA2,18.53913046029204
LA2,21.39258333179308
LA2,18.59489114773572
LA2,18.875304343213283
LA2,21.54438272097544
LA2,21.62165893462077
LA2,21.377473032384145
LA2,21.614883628794168
LA2,22.79839378829477
LA2,21.146264417347687
LA2,22.6110411851696
LA2,20.27383411670049
LA2,19.79633733141329
LA2,22.852447054534892
LA2,17.13031320119657
LA2,20.082340531294346
LA2,21.21736646219709
LA2,20.970654262233083
LA2,15.426614828320472
LA2,19.029871167040238
LA2,21.759807581628195
LA2,22.12493588155934
LA2,19.10912651318104
LA2,21.573707353684743
LA2,23.827821909845568
LA2,22.01916540676013
LA2,20.911998118125688
LA2,19.91759880152388
LA2,22.61792450135663
LA2,20.64492381274754
LA2,19.10714380733949
LA2,22.046763930028117
LA2,8.898704113104708
LA2,23.72274008798406
LA2,20.85793703522439
LA2,19.235367075369112
LA2,20.80278393371686
LA2,20.13948601868621
LA2,22.40784620248125
LA2,20.816367632879523
LA2,20.557187019926157
LA2,1.266722551914902
LA2,21.76806108675471
LA2,22.295491599596787
LA2,23.234910566777863
LA2,17.4494664909887
LA2,2.2876889700818257
LA2,20.48672409715722
LA2,15.242571411393184
LA2,19.56062012199005
LA2,19.177715954261032
LA2,19.43835548683365
LA2,20.959278947476975
LA2,17.94488658009635
LA2,21.49257831116734
LA2,15.543530470801612
LA2,22.346801964215917
LA2,3.2627625849257904
LA2,22.46077495685996
LA2,2.1400232307798053
LA2,21.387689796185228
LA2,21.04972464043964
LA2,20.74519460254935
LA2,0.9310423693675994
LA2,19.048204930601003
LA2,0.4246495146651344
LA2,0.2280254169309983
LA2,21.014192132663883
LA2,19.83585371582461
LA2,20.7956053296643
LA2,17.37938383001139
LA2,21.06376103218091
LA2,19.984376656775165
LA2,21.621929870014323
LA2,23.414993112456816
LA2,23.278873735061268
LA2,14.436385036170147
LA2,23.77186046849408
LA2,18.89710506831943
LA2,19.48701883508344
LA2,0.0658752928200251
LA2,23.133809019598598
LA2,23.806739078585984
LA2,19.973062799488364
LA2,0.3100502074367955
LA2,20.34680461607304
LA2,21.56032142501192
LA2,0.6033127287834328
LA2,20.0567230753224
LA2,20.31671386745168
LA2,14.919792381604465
LA2,0.0083232461752994
LA2,17.148102641873496
LA2,17.755499715099308
LA2,22.88479003252995
LA2,17.321566469865168
LA2,23.71418205656573
LA2,21.52177819992135
LA2,20.992090793975304
LA2,21.784384192310423
LA2,19.799292913622484
LA2,18.36596140969202
LA2,17.804526274986753
LA2,18.824987913606197
LA2,18.4359632580194
LA2,19.57691400345106
LA2,19.304491797404484
LA2,19.00891002633048
LA2,19.906446668588583
LA2,21.15231997865397
LA2,21.330025729980523
LA2,0.3134175144401726
LA2,22.404333196044185
LA2,17.105207808843538
LA2,19.617194750310738
LA2,19.18046676592704
LA2,20.91590113839942
LA2,23.418423560512448
LA2,0.0688747689251202
LA2,20.4134742920354
LA2,17.920340965587826
LA2,20.83289350964073
LA2,23.56514608833441
LA2,19.594676618056216
LA2,18.895494087327226
LA2,21.641597537347884
LA2,19.52344946835488
LA2,23.91734682970724
LA2,20.279856579563976
LA2,19.116752138485133
LA2,19.6803859366482
LA2,15.42843197419827
LA2,17.178519656033643
LA2,21.86838573675375
LA2,18.232629048439296
LA2,19.681301614720685
LA2,19.76711655370712
LA2,20.497470470843886
LA2,20.11545202614278
LA2,21.85658467634332
LA2,19.377741784424146
LA2,23.43955161210729
LA2,20.829156933164526
LA2,18.9176973139785
LA2,20.0175145540694
LA2,19.005360175084807
LA2,19.49574058993808
LA2,19.3781924745612
LA2,0.3642089902180176
LA2,23.083667036482375
LA2,19.78850720291157
LA2,20.07956326077704
LA2,23.47730547778327
LA2,22.41048629446168
LA2,23.55317055663279
LA2,18.55676564140363
LA2,20.044110339560447
LA2,19.19614585676541
LA2,21.20022835870845
LA2,18.61364338960807
LA2,20.211763048904466
LA2,20.672735334630637
LA2,1.1504235536105871
LA2,18.65318704203128
LA2,20.91696867365077
LA2,18.604631364339088
LA2,22.739235842001733
LA2,20.63671308186236
LA2,22.14109107239488
LA2,23.522385423952105
LA2,20.84802009262228
LA2,22.825836645944253
LA2,21.95058639380176
LA2,20.95075891348209
LA2,18.814113906737187
LA2,19.39802185281965
LA2,18.06970307836276
LA2,19.54375953018951
LA2,23.51391684037458
LA2,14.061058204135277
LA2,19.195299210336405
LA2,21.832785507901075
LA2,21.13741903639799
LA2,23.057856918251737
LA2,19.686690402744517
LA2,20.965767163083257
LA2,19.853021672041816
LA2,22.509422376640597
LA2,12.626314877333018
LA2,20.36229610220736
LA2,19.934915964529832
LA2,19.05882429650913
LA2,14.9437581070372
LA2,18.59084432762947
LA2,20.09270338663327
LA2,19.333878762281383
LA2,21.52481129580204
LA2,22.50846751008124
LA2,18.07774087764597
LA2,14.231835497436892
LA2,16.94672974491741
LA2,20.534934275060717
LA2,17.723668530279923
LA2,23.580661888971846
LA2,23.91704822727497
LA2,20.192970395220392
LA2,21.42031192665077
LA2,19.88854096907584
LA2,17.856557125791248
LA2,18.462662539019764
LA2,22.140267999952208
LA2,20.51069753700789
LA2,20.911079289772488
LA2,19.402602994005367
LA2,22.193232188965972
LA2,22.313561552127407
LA2,20.1102842218814
LA2,21.46695425988664
LA2,20.34061449628148
LA2,17.300488255974802
LA2,21.99946616067564
LA2,22.26032004101448
LA2,20.13203511709217
LA2,21.691742366598827
LA2,22.337670759675355
LA2,17.003845069790533
LA2,21.19336993802758
LA2,0.9070450442616912
LA2,22.636573912334303
LA2,17.076247965997226
LA2,20.96744762405164
LA2,19.596727493868908
LA2,22.887693179312297
LA2,20.78405317619919
LA2,23.68411515049421
LA2,19.238759011253865
LA2,19.69318509420925
LA2,19.000752086929765
LA2,0.026613304812708
LA2,20.06571240656946
LA2,19.147496946420752
LA2,20.214250423239
LA2,6.259848713813365
LA2,21.76222038967447
LA2,21.01745839484313
LA2,19.399792116329166
LA2,21.002131045797128
LA2,20.823702195646
LA2,18.600626051847065
LA2,20.38549669472957
LA2,19.749472410188428
LA2,20.37337819419176
LA2,22.14079500479918
LA2,22.467316927065426
LA2,17.499755245708407
LA2,21.65689941692212
LA2,19.338060299692927
LA2,21.16618607179358
LA2,21.435251500011777
LA2,18.61674482095953
LA2,20.21933528453717
LA2,18.28882387938533
LA2,20.670145990262508
LA2,22.23419539332573
LA2,17.45347142447039
LA2,21.2751714279262
LA2,22.767545306483072
LA2,16.11962116579809
LA2,21.48362754758085
LA2,19.63291250399268
LA2,20.003065950343704
LA2,22.09402654156097
LA2,21.452666527838943
LA2,20.69769436610016
LA2,20.71404616750381
LA2,22.10101219898337
LA2,21.07736368591213
LA2,18.924908111614464
LA2,18.301585996325347
LA2,16.351649552168126
LA2,17.949433171343266
LA2,16.827033886479324
LA2,22.81647287326252
LA2,20.89465153814788
LA2,21.98486876364048
LA2,16.62051180744301
LA2,16.82253336697639
LA2,18.89281263726447
LA2,21.988211716541187
LA2,17.815289412697766
LA2,20.19725568180178
LA2,19.749759625605755
LA2,18.16419811034742
LA2,22.037456694609418
LA2,23.295961929942298
LA2,20.07439001635892
LA2,20.796648323764487
LA2,19.76518875854333
LA2,22.511932963960067
LA2,22.94759036381834
LA2,20.400268920831063
LA2,19.83321758050401
LA2,18.39324398957512
LA2,19.862684556271656
LA2,18.45043205604484
LA2,18.87026355821981
LA2,21.65502685647351
LA2,18.138224190960266
LA2,18.98374439778189
LA2,20.80668661612149
LA2,19.540401092630685
LA2,23.77643660200578
LA2,19.68324271575198
LA2,19.2308415496033
LA2,20.343579254639057
LA2,19.63479023343044
LA2,23.151801750934617
LA2,20.495605723688467
LA2,3.594554250947004
LA2,23.420669449776543
LA2,22.536955920722534
LA2,23.24366044603901
LA2,20.378898418801928
LA2,22.01032676157804
LA2,21.580148006401743
LA2,21.237460696219227
LA2,22.227068610758117
LA2,23.20990475941271
LA2,19.75409459578425
LA2,23.308198459492704
LA2,19.3154279241179
LA2,22.554116897623206
LA2,21.492552738111154
LA2,17.431137259191196
LA2,21.64898890190556
LA2,18.77330795992176
LA2,2.9990988160560508
LA2,18.98042799433935
LA2,20.85375716707296
LA2,19.62787677989733
LA2,23.55688225867134
LA2,19.214325828598152
LA2,20.96764473268049
LA2,21.13899126900392
LA2,20.069235760255964
LA2,23.626616678667787
LA2,21.265718510440117
LA2,21.70149008385679
LA2,22.29855755609576
LA2,19.040796003734933
LA2,20.15975058473285
LA2,1.980071888533829
LA2,18.641735921359917
LA2,2.095961825806405
LA2,21.88658500222048
LA2,19.89615478300685
LA2,23.3603840997255
LA2,20.80896544367568
LA2,20.53585251424741
LA2,18.80761997836189
LA2,21.78929484251259
LA2,20.583774433004567
LA2,16.846902673895528
LA2,22.313895689057677
LA2,17.691401977284666
LA2,22.136040681791982
LA2,17.447255840055035
LA2,21.109938567502077
LA2,19.83261740506635
LA2,18.51517594165809
LA2,20.943305790753996
LA2,21.765182352985647
LA2,22.07900750952986
LA2,15.101335434307964
LA2,22.57987413202658
LA2,21.564466014198796
LA2,18.03701279070033
LA2,18.518588774709013
LA2,20.699302768206557
LA2,21.91793258746144
LA2,20.118702595434016
LA2,22.37475559957176
LA2,20.298671195241248
LA2,21.6460799732587
LA2,20.55589320360303
LA2,19.46917044326945
LA2,18.27452254680053
LA2,21.599259213861487
LA2,18.445989157767794
LA2,20.610386744010768
LA2,17.75226345185931
LA2,20.00699831764048
LA2,22.442792413404963
LA2,16.856545965270975
LA2,17.14839864316499
LA2,21.699637378578856
LA2,16.88467266643398
LA2,19.91906723426402
LA2,19.863063713313608
LA2,21.696902967962664
LA2,18.40950495448249
LA2,17.58829383431793
LA2,15.467152735578765
LA2,20.34691023656505
LA2,23.707070562644045
LA2,21.09896254806796
LA2,0.3063260410622679
LA2,19.398733534218152
LA2,1.681647411388048
LA2,21.17092054562564
LA2,21.634730031174065
LA2,18.246605056068592
LA2,20.8205421754299
LA2,19.37597215176922
LA2,19.204939382126877
LA2,15.665460696497474
LA2,17.464561025949504
LA2,17.861426606072616
LA2,19.533713612440835
LA2,18.572326607370023
LA2,19.024095045130743
LA2,23.130131808014298
LA2,18.48192599456483
LA2,22.551619905876358
LA2,23.58849282348124
LA2,20.39097990764593
LA2,21.513442835612945
LA2,19.896189718842557
LA2,19.825209488829756
LA2,20.62974446301017
LA2,16.124409863978507
LA2,21.067598287470396
LA2,18.93084342066646
LA2,23.41498470064128
LA2,23.65687617028191
LA2,23.075236324385735
LA2,19.44636450348946
LA2,22.73064310121154
LA2,22.459433993361905
LA2,19.356904031621447
LA2,20.097807044222996
LA2,22.55114966453801
LA2,23.05656230948988
LA2,18.039215108999137
LA2,21.133397107207085
LA2,17.22660137180473
LA2,22.50129762268143
LA2,19.93938236187264
LA2,23.26778514500648
LA2,23.36302021863768
LA2,19.01097729195612
LA2,19.06200220276352
LA2,19.09638690396424
LA2,21.476076367309744
LA2,16.814455707637503
LA2,16.228896097526786
LA2,0.0393282827502247
LA2,20.51680194183548
LA2,0.122933003910199
LA2,20.9449983382914
LA2,22.63440291112684
LA2,20.89733541688291
LA2,14.223350725764927
LA2,22.425796589669467
LA2,20.20105264968213
LA2,23.47075616032988
LA2,18.835254811359903
LA2,22.87535812713017
LA2,19.21257470455466
LA2,18.741756271974392
LA2,19.919847141329345
LA2,20.43683165964507
LA2,18.527893295958417
LA2,18.95919704693769
LA2,19.553042133848933
LA2,22.539913227316216
LA2,18.8458425863654
LA2,21.57854236138836
LA2,22.00818453899802
LA2,21.592624585015702
LA2,19.13399833291465
LA2,19.184303222980557
LA2,19.4219037454918
LA2,19.67489969222903
LA2,21.57479441772457
LA2,19.54756608657357
LA2,23.560189859910327
LA2,21.376731837224437
LA2,0.1076542070889039
LA2,22.258276571437957
LA2,21.42778736206017
LA2,19.310010685956183
LA2,23.095228538828877
LA2,17.401691778455696
LA2,20.155880022510747
LA2,19.02943118709536
LA2,19.61711647417387
LA2,18.39535302016427
LA2,22.944020943723743
LA2,22.823307837780572
LA2,19.528819817028907
LA2,1.2924061738652723
LA2,19.05562507418329
LA2,21.827970283990208
LA2,0.6033545523358494
LA2,22.25119022147869
LA2,14.966628879446716
LA2,18.23891486873549
LA2,18.866615180318444
LA2,19.650413933671118
LA2,19.523300394910283
LA2,20.810259247374606
LA2,19.496460080131
LA2,19.27447119940644
LA2,20.938665892789157
LA2,3.497064348378588
LA2,20.83086681703384
LA2,18.4816838084549
LA2,18.457747760892605
LA2,18.27832983892081
LA2,21.076658302330024
LA2,22.63413245086644
LA2,20.63698389616846
LA2,19.30136834432844
LA2,22.028916002696807
LA2,21.4619165164571
LA2,20.867201042556847
LA2,20.406851943310706
LA2,22.863469540690684
LA2,21.670452908376934
LA2,21.100036427873665
LA2,21.573951317104523
LA2,22.44431545284833
LA2,20.422198725844964
LA2,20.190931211939294
LA2,21.6332464694713
LA2,19.707742623447537
LA2,21.28708171901722
LA2,20.877987300775157
LA2,21.14175064585079
LA2,22.36558701244561
LA2,20.557490393250763
LA2,23.871939420892247
LA2,21.099102301165114
LA2,21.174154926248868
LA2,23.15628762396048
LA2,22.84051176787503
LA2,19.265407038788805
LA2,22.37709951062494
LA2,22.92793221563218
LA2,19.82363106175495
LA2,0.8644110646861027
LA2,22.95571580600853
LA2,22.33268653480762
LA2,19.45668889748965
LA2,19.40739912624239
LA2,23.621819821332323
NA1,19.630108976314578
NA1,20.527889100567275
NA1,19.408036645006916
NA1,18.95559636499175
NA1,18.95161494093953
NA1,17.618404843576524
NA1,21.15777457863244
NA1,18.217207991369506
NA1,15.3923523360994
NA1,17.266179460224524
NA1,15.78898582055496
NA1,23.70049496889801
NA1,3.617582294248874
NA1,22.653688972472267
NA1,2.2438622868043563
NA1,21.61282419362846
NA1,22.21725929571116
NA1,23.03429010690221
NA1,19.83350292329691
NA1,18.333551291155405
NA1,20.109683283413187
NA1,19.78383317952552
NA1,2.59607361810907
NA1,16.642247831540175
NA1,22.352010004130857
NA1,21.000669374550167
NA1,19.86855992490588
NA1,0.1984515494078229
NA1,18.653935324988996
NA1,15.30065054004495
NA1,15.30537856131953
NA1,6.900159733540423
NA1,17.263379308299015
NA1,20.26535356933182
NA1,18.586852220385097
NA1,16.4780946229817
NA1,15.406942622102404
NA1,19.135935216663675
NA1,11.748448217443514
NA1,21.00863469829527
NA1,20.323637432667823
NA1,20.69193653275363
NA1,7.717578491182654
NA1,19.13392701693584
NA1,0.2401788820526972
NA1,19.040873602879103
NA1,16.53645864185357
NA1,16.727129402464286
NA1,21.452636715409916
NA1,19.01667803487057
NA1,20.48451914707969
NA1,16.930868833591667
NA1,19.23961271043881
NA1,19.84711655553633
NA1,2.4096441839782066
NA1,23.76839155540233
NA1,21.01348649300064
NA1,17.625385674561443
NA1,19.24850753039871
NA1,22.16938103636313
NA1,17.88373809382043
NA1,16.60254450732881
NA1,19.696859624274648
NA1,19.46446558227681
NA1,19.02668931843538
NA1,22.024390568604808
NA1,20.11263888956204
NA1,19.8153464751782
NA1,18.66332288691252
NA1,22.818303527074427
NA1,23.92090218999262
NA1,19.059856644748336
NA1,15.273277334064185
NA1,22.51785544873112
NA1,17.995472941694757
NA1,23.231457350866464
NA1,21.77173778794816
NA1,17.83576786810096
NA1,22.82531855838528
NA1,17.598325562816996
NA1,19.351059855986957
NA1,20.23275400613555
NA1,23.312498474091463
NA1,22.57486958949961
NA1,20.43745595200397
NA1,21.66278972409572
NA1,19.049621263888906
NA1,23.351905855663805
NA1,22.82160268244875
NA1,20.040624381655224
NA1,15.744655273359871
NA1,23.404870065508124
NA1,20.10209221088335
NA1,18.543571666924777
NA1,19.076902279777364
NA1,23.28399328047771
NA1,16.642713055628434
NA1,22.923233476314845
NA1,22.763461465080443
NA1,20.10891914922809
NA1,1.745285681677065
NA1,17.810699542302697
NA1,17.93808322583682
NA1,22.797031705116225
NA1,16.973033563445927
NA1,18.290822441114905
NA1,15.91299006170414
NA1,18.038204544128416
NA1,12.666648259947774
NA1,19.707203597170384
NA1,19.5417220969668
NA1,20.77278530918917
NA1,20.14747880919692
NA1,23.193134383387715
NA1,19.07351574474269
NA1,15.588991895287808
NA1,19.33933713939426
NA1,23.100528145037497
NA1,19.794697683801058
NA1,23.40611814796697
NA1,21.801468708389685
NA1,19.365576119976264
NA1,16.253520343909734
NA1,21.553930658369467
NA1,19.602804326722215
NA1,18.604415219174715
NA1,17.873044037195566
NA1,17.485179061221743
NA1,20.062518503539643
NA1,20.74452607702579
NA1,20.56978255901226
NA1,19.782384117571336
NA1,3.509110091153624
NA1,17.866737189556513
NA1,20.64401684989344
NA1,19.90631550298824
NA1,18.236689252754942
NA1,20.475604872031624
NA1,18.5150543887039
NA1,20.77043449525452
NA1,23.86816160391398
NA1,0.9091663602659896
NA1,2.2974916756466026
NA1,20.67974672122199
NA1,19.53929201889716
NA1,19.657785863318463
NA1,22.34851824501772
NA1,18.583092881845204
NA1,23.997511320581683
NA1,1.7076020660081357
NA1,22.473337213879624
NA1,21.511871711932415
NA1,0.8323030875810169
NA1,21.894787261905677
NA1,21.62581693666204
NA1,0.5138267755972145
NA1,23.17985515716605
NA1,20.908728216494733
NA1,1.6982922886852505
NA1,16.78089651573562
NA1,20.13632069172363
NA1,17.377054153656378
NA1,18.73654242571589
NA1,18.37221602316758
NA1,23.45263517585849
NA1,0.1818661277095158
NA1,20.78282338391369
NA1,22.004100592246765
NA1,21.03430173771781
NA1,22.609952817821878
NA1,19.239406147558395
NA1,0.0276309654602302
NA1,19.436073854679947
NA1,15.40076451690372
NA1,19.79931249313374
NA1,20.32943049431796
NA1,17.397939288139202
NA1,21.0926255798719
NA1,22.491369197401937
NA1,21.495457864320525
NA1,16.89708914869273
NA1,20.32888751666638
NA1,16.03807632271626
NA1,17.725907058598455
NA1,19.49325676494356
NA1,0.8133660749073762
NA1,1.058810239586254
NA1,17.86873387188561
NA1,0.4268099039016998
NA1,20.77418440205454
NA1,21.25411916708145
NA1,19.852818101057057
NA1,20.11392234719561
NA1,21.263040740350903
NA1,17.505846529794837
NA1,20.132499076050223
NA1,22.54610227759458
NA1,17.722137121838376
NA1,19.582785149018072
NA1,1.6763267150048229
NA1,18.177668454580974
NA1,20.51031166167307
NA1,20.264084509267292
NA1,19.61117811572248
NA1,20.920052650414192
NA1,19.67085525827662
NA1,19.256566835365827
NA1,21.43920160113324
NA1,20.301451301055643
NA1,23.38424171014515
NA1,1.219275337489414
NA1,18.037728209078235
NA1,23.22498349939669
NA1,17.711635536064207
NA1,19.129587698255243
NA1,18.187247542322854
NA1,17.507314310970678
NA1,13.357367622734078
NA1,1.6741880201621582
NA1,3.922553715570478
NA1,16.984100691863325
NA1,17.79805587826478
NA1,19.2770125449282
NA1,22.84750963077273
NA1,16.298904081630592
NA1,19.898099553818348
NA1,21.047310265651124
NA1,17.47726548374111
NA1,21.518763072555927
NA1,19.77018337016581
NA1,21.03979591310336
NA1,18.267749478622623
NA1,15.59982192923015
NA1,21.60601227612396
NA1,20.84299983882522
NA1,17.868801770375434
NA1,19.479620978339856
NA1,19.791000565339758
NA1,16.521684085603543
NA1,20.60758966904616
NA1,22.19871406384486
NA1,0.1876678756552954
NA1,15.667342208488934
NA1,21.544343040543023
NA1,17.203041203397518
NA1,21.374856869203352
NA1,21.489841206386505
NA1,13.56153721299498
NA1,2.080931425191601
NA1,22.132478201156072
NA1,15.343359680049636
NA1,16.52008548263607
NA1,18.176657296461837
NA1,18.58321463327768
NA1,17.041216913069672
NA1,22.96008333116549
NA1,11.39610456846279
NA1,3.0910988676316773
NA1,21.62040965615324
NA1,19.37096384882167
NA1,19.77446503866105
NA1,18.7868253798303
NA1,18.27536553366727
NA1,22.382041242938364
NA1,23.193208823811933
NA1,18.20993469033888
NA1,17.264855329372843
NA1,18.576166276555803
NA1,20.056345671559683
NA1,19.54803568802024
NA1,16.46227328496973
NA1,21.78795600472175
NA1,19.95724958520469
NA1,22.578449619979487
NA1,20.375452259173244
NA1,0.8884654186809275
NA1,14.057857048353442
NA1,15.781948795936971
NA1,21.35020501226472
NA1,23.10543696788967
NA1,21.86300127144192
NA1,18.667947059262588
NA1,18.828661149385933
NA1,17.57910104232076
NA1,18.49988555560578
NA1,0.6832027599461473
NA1,16.49245959960806
NA1,17.33592191239617
NA1,16.08527862556961
NA1,0.9616845275206194
NA1,22.15920690965949
NA1,21.405097700912087
NA1,17.182053079014437
NA1,21.25983828261903
NA1,19.246023295028465
NA1,21.059997018897626
NA1,18.99490998928268
NA1,18.37465365682157
NA1,15.854496343108796
NA1,19.818129379715103
NA1,20.537997957130244
NA1,18.785702381477915
NA1,19.44521167696902
NA1,3.5825667894180504
NA1,16.988255461924606
NA1,18.05610071092492
NA1,21.64073211040374
NA1,22.76125714830849
NA1,20.08705460024208
NA1,22.19975574601377
NA1,22.270589026319108
NA1,20.16059081103408
NA1,22.39511161716667
NA1,18.719763026134974
NA1,21.0213477980239
NA1,20.83366243292244
NA1,21.56793607834849
NA1,19.91041960369028
NA1,20.625381903309343
NA1,16.809596920916075
NA1,22.851032313327877
NA1,0.220210520397137
NA1,2.682266468750991
NA1,20.83034111623201
NA1,0.1259782559754551
NA1,1.9346340441933367
NA1,18.547865969519552
NA1,20.320406205864103
NA1,21.406883053913216
NA1,7.665546361210326
NA1,20.968798328282247
NA1,22.81677835439178
NA1,15.31397300338249
NA1,23.208265629264154
NA1,18.70097501291859
NA1,17.897912518780196
NA1,22.292247253303607
NA1,17.68896784137026
NA1,20.704580315523348
NA1,22.9152902962404
NA1,16.42237354398761
NA1,22.44374557262534
NA1,17.70744583967738
NA1,20.82199916380366
NA1,19.394826643115923
NA1,12.337864955832652
NA1,17.805547092736106
NA1,22.34902759341288
NA1,21.15480959366064
NA1,16.234462201764362
NA1,17.954362294978182
NA1,19.450910730903438
NA1,16.760545148893485
NA1,18.35374611694811
NA1,19.45232251591526
NA1,19.25287011886151
NA1,19.345975008825786
NA1,19.89288561578346
NA1,23.42383016556728
NA1,22.42638774706844
NA1,20.43323370086488
NA1,21.18250949537216
NA1,17.20960101051056
NA1,19.122265175937763
NA1,21.446554741183395
NA1,1.756882514841565
NA1,15.810201012130516
NA1,17.210614971458966
NA1,18.1832042210146
NA1,23.638560712376574
NA1,19.777413052670227
NA1,15.4845435223788
NA1,22.024166241490818
NA1,19.339828541729933
NA1,23.017523905915915
NA1,14.701715472221592
NA1,23.051647404307975
NA1,19.33858432278677
NA1,18.52629584360981
NA1,20.909691966443752
NA1,16.219892072135103
NA1,21.4901585921966
NA1,15.535209216983745
NA1,18.90755556233404
NA1,14.650622880449973
NA1,19.156802112218344
NA1,23.22647068883572
NA1,19.058030393455372
NA1,18.562376187569456
NA1,18.34839426901602
NA1,18.167855209790368
NA1,22.61531033711888
NA1,2.617412237663244
NA1,19.09197317986338
NA1,20.8689533938452
NA1,17.69085742241473
NA1,1.2561242560168773
NA1,22.817959389306008
NA1,18.39674552592521
NA1,18.9446237902132
NA1,17.802179401697696
NA1,22.548050713067767
NA1,20.225411837874564
NA1,18.674070164898897
NA1,3.9138168366636608
NA1,19.232699614426803
NA1,4.561103538116408
NA1,22.69845455943025
NA1,17.308978900309597
NA1,2.370816408962114
NA1,20.020689753107767
NA1,16.147890277514684
NA1,18.732328886467023
NA1,18.1858433365456
NA1,18.531091854025448
NA1,23.581908850327792
NA1,10.181623279374003
NA1,21.267264229406734
NA1,19.229079797277794
NA1,19.53739404745273
NA1,17.240999245609636
NA1,21.427225422479168
NA1,18.853338155015056
NA1,20.244876603227997
NA1,16.595786601571934
NA1,16.65940002917965
NA1,0.168896020803877
NA1,16.619392426306955
NA1,11.610649602820146
NA1,23.819712163756844
NA1,18.37055760937526
NA1,21.7316125102058
NA1,20.887930716062733
NA1,22.66863472383093
NA1,19.14404391113805
NA1,20.90911734439563
NA1,18.42483549791986
NA1,20.88762243034559
NA1,4.993842387996208
NA1,22.59346523818488
NA1,18.492684102191717
NA1,6.897930328755376
NA1,21.57548416123924
NA1,20.038616116438806
NA1,22.233324321370887
NA1,18.74564582887982
NA1,0.0419640044370445
NA1,20.039214303373942
NA1,20.771076722561634
NA1,3.439813216634072
NA1,21.26522742804033
NA1,19.089365089039383
NA1,1.917925286886688
NA1,18.969971675677986
NA1,23.323742054414616
NA1,22.03080548754795
NA1,19.427910137235312
NA1,17.081024291718695
NA1,0.0901625467357716
NA1,17.58463069065629
NA1,20.74860565293485
NA1,0.5497970079775476
NA1,22.52783521718627
NA1,20.67884346055857
NA1,19.1422082685214
NA1,19.51085390260245
NA1,18.30606579408774
NA1,3.0488084622764817
NA1,17.700061458259
NA1,19.35828855922682
NA1,18.635601604930063
NA1,20.565989476149927
NA1,19.59027597901013
NA1,17.36745060581803
NA1,20.30952497303991
NA1,17.11495846720267
NA1,8.078711085380503
NA1,21.9431958394632
NA1,21.98914089598636
NA1,22.07079247586372
NA1,23.086391061898087
NA1,22.22822319093031
NA1,1.5204619862064477
NA1,18.19126975629081
NA1,17.673398110335224
NA1,23.780971552229403
NA1,16.26054054455622
NA1,21.289948049101625
NA1,23.487084889544136
NA1,18.448967302675047
NA1,18.1436872090964
NA1,3.125913762655755
NA1,20.642951257329784
NA1,21.438153546289996
NA1,16.013738995586728
NA1,1.884300289650888
NA1,19.62825535769888
NA1,17.665755645764527
NA1,21.579721235484595
NA1,18.521878070036934
NA1,9.987296499515557
NA1,20.280823822754733
NA1,21.421773253908665
NA1,15.421319702329091
NA1,20.73984690324317
NA1,18.11987368343329
NA1,2.5742989640730225
NA1,17.835486979427973
NA1,19.56179666891117
NA1,23.343644870212582
NA1,4.133939330190877
NA1,22.136064288960966
NA1,20.952667809369384
NA1,19.871539099701128
NA1,18.09292929686888
NA1,17.8368933183256
NA1,22.529713781923466
NA1,22.297057042201317
NA1,23.25523028671409
NA1,20.888012678922596
NA1,21.23935952051848
NA1,17.15954573022116
NA1,18.257472238695343
NA1,21.32264240155409
NA1,21.503663921398257
NA1,18.735544479528823
NA1,18.99305998435428
NA1,18.68929273312266
NA1,17.232843733078123
NA1,20.62731423928936
NA1,18.468717158285664
NA1,23.171608181649688
NA1,19.503080041398366
NA1,0.1358891829210672
NA1,18.913391431733125
NA1,20.703343946216584
NA1,2.342340094943399
NA1,13.348604954204232
NA1,20.911375214653457
NA1,17.082144248277313
NA1,18.03132377021621
NA1,21.28246062976952
NA1,22.34257231298541
NA1,17.671210160003383
NA1,17.91008036467953
NA1,19.83962294210269
NA1,22.82167245793621
NA1,19.850180492908954
NA1,14.121622681818712
NA1,21.38838812556266
NA1,20.969141499082312
NA1,14.578647529108231
NA1,22.90723216736114
NA1,22.617591873226825
NA1,20.171359794852314
NA1,20.636002347307382
NA1,17.08294473131642
NA1,22.027581759777565
NA1,18.1226775626315
NA1,17.5779698739968
NA1,18.663137559011016
NA1,20.43365505001504
NA1,17.818946276571413
NA1,18.78766682778399
NA1,2.669307408435533
NA1,2.118007656624061
NA1,17.135125520234112
NA1,18.55905333012336
NA1,19.5817438236526
NA1,20.97129426801602
NA1,21.05847182588312
NA1,20.71084896150664
NA1,18.978045566898334
NA1,19.090838274011023
NA1,22.34182290130212
NA1,17.798281419954293
NA1,19.17382381297933
NA1,20.82664786941656
NA1,0.9356326293895886
NA1,18.402403366443284
NA1,21.355877170938975
NA1,21.68210045777135
NA1,18.70986094702374
NA1,20.903989628778408
NA1,17.17537198877471
NA1,21.345093176541518
NA1,22.83826255387854
NA1,16.78806436937964
NA1,19.41751930712861
NA1,23.364655186104283
NA1,21.315029358228813
NA1,0.3051764712528144
NA1,21.61583242784665
NA1,15.702483038158006
NA1,3.30286405241708
NA1,19.27000905992889
NA1,20.732261861186306
NA1,21.68266649511284
NA1,23.139432418770262
NA1,20.289220193797124
NA1,19.52473644334045
NA1,20.8661182476319
NA1,15.400284609793308
NA1,23.02508089297644
NA1,20.860722167387383
NA1,21.471705675562752
NA1,23.433882784785546
NA1,15.93868393323655
NA1,12.06132213665592
NA1,17.147158274832126
NA1,17.90182369363374
NA1,15.790180577423492
NA1,22.465837269096
NA1,18.568312017418545
NA1,18.590776790731518
NA1,4.906880993837592
NA1,19.219239417010936
NA1,20.75069178716584
NA1,14.780952974862638
NA1,20.156665955925497
NA1,20.01447499413561
NA1,21.638705784878454
NA1,16.150372746427365
NA1,16.951018463227246
NA1,23.803809029830905
NA1,19.01179935147277
NA1,18.209577104317827
NA1,21.36775732520188
NA1,17.805186492338894
NA1,19.12049506944235
NA1,20.82450473959939
NA1,23.89052452545706
NA1,19.326995288380143
NA1,23.972808648680584
NA1,19.609342599042915
NA1,17.730149218521756
NA1,17.73301117946116
NA1,21.179437953302315
NA1,20.742215663383696
NA1,21.446823996206184
NA1,8.040134390966273
NA1,22.639626602987608
NA1,18.728678472682667
NA1,22.967998883955328
NA1,22.96624200640104
NA1,20.203956181227877
NA1,17.226303489205318
NA1,22.00627775896656
NA1,0.3507182788707418
NA1,23.229014444751066
NA1,17.120034283053908
NA1,15.168595757419746
NA1,17.56750264031331
NA1,1.348750430021719
NA1,18.290708538555823
NA1,19.50938693353167
NA1,22.910944249584794
NA1,8.85169195409291
NA1,17.88586616075395
NA1,19.13805641458481
NA1,20.08623691609896
NA1,20.9274309270457
NA1,22.58249182993776
NA1,2.2787235845128526
NA1,18.501422794752187
NA1,17.574218499120093
NA1,16.24264298898334
NA1,21.893111537073203
NA1,17.54513679052544
NA1,20.59396065036101
NA1,23.60949003512373
NA1,15.341411693056282
NA1,16.872965749816167
NA1,18.94791938896953
NA1,21.63066652763286
NA1,0.7382084780226909
NA1,22.532409460931607
NA1,17.76345809918017
NA1,20.597463994677348
NA1,2.72570216179328
NA1,17.775248217019865
NA1,22.501402272772182
NA1,6.244708718163201
NA1,18.962037703453767
NA1,22.870337185785225
NA1,15.722610288092332
NA1,23.98259330439734
NA1,23.66491354111285
NA1,22.94907526461752
NA1,18.022023038023665
NA1,0.0239694833665277
NA1,21.18277184267266
NA1,20.88664956734097
NA1,22.236952707009216
NA1,19.56232505650693
NA1,20.536283048002296
NA1,19.44546933062616
NA1,0.9327688960387795
NA1,15.215394615685415
NA1,0.1460146151601206
NA1,23.63601676300604
NA1,18.319363448892872
NA1,22.49695635141284
NA1,22.31286330964297
NA1,18.76655997177794
NA1,11.573062858518556
NA1,18.718708671886844
NA1,19.305571451470744
NA1,19.774951022399783
NA1,19.37345996866776
NA1,1.455105046382274
NA1,21.687612769250176
NA1,20.42899584353253
NA1,22.299677049051105
NA1,22.025218683289676
NA1,15.27115715389453
NA1,10.05185643891265
NA1,15.609719783388638
NA1,20.433501753397344
NA1,22.273060184268537
NA1,14.274023148356331
NA1,21.082091321829544
NA1,19.995159133366933
NA1,0.0868353923087873
NA1,18.034910046735096
NA1,0.0241935672098448
NA1,20.02819769701476
NA1,0.9491842168458464
NA1,17.426628954262185
NA1,19.897755325150783
NA1,20.872707964065714
NA1,22.35695439312822
NA1,14.740990652774304
NA1,18.365166727970944
NA1,19.85654392072882
NA1,16.77185894952422
NA1,19.39158070113986
NA1,20.00289284079342
NA1,15.461080848348692
NA1,16.90910105399909
NA1,17.181969810712985
NA1,15.626775688251392
NA1,22.874104543296077
NA1,20.888485666361053
NA1,20.45907457746308
NA1,21.80279204110268
NA1,15.385235133168589
NA1,19.403418180928902
NA1,20.94638998767033
NA1,10.803826404239292
NA1,7.403751881059443
NA1,18.725575430588087
NA1,21.13681370171528
NA1,19.063771441257707
NA1,18.9374115558884
NA1,18.843064846694148
NA1,20.303542241656796
NA1,23.89809582654037
NA1,16.26064274514736
NA1,15.689805109379083
NA1,18.457312156941786
NA1,18.59452431222043
NA1,23.50421324614694
NA1,19.81693001384548
NA1,21.36102223257787
NA1,23.676690939375053
NA1,15.821966850649517
NA1,17.857968773938204
NA1,19.171870138794844
NA1,21.95597615391682
NA1,23.44878242861808
NA1,3.371211753252821
NA1,18.309867121734023
NA1,17.52640558601302
NA1,15.089612412392716
NA1,22.680223304591685
NA1,14.419170422108872
NA1,17.963903691858675
NA1,21.71671031186488
NA1,20.980839648134797
NA1,22.197907847751885
NA1,0.3034455586813156
NA1,22.77120739740278
NA1,1.8927488472404657
NA1,21.91377943272807
NA1,18.626002167225558
NA1,20.35674255602916
NA1,17.847460467335054
NA1,15.15400275780578
NA1,21.76814741988791
NA1,9.15164688749084
NA1,12.768444523875528
NA1,17.370934594623996
NA1,23.492032208808137
NA1,2.7928445230368397
NA1,16.535743194755185
NA1,19.94740402215724
NA1,23.00951350786904
NA1,4.003936162181724
NA1,20.455036258620144
NA1,0.1879973497108748
NA1,17.586147234222576
NA1,21.016032962235528
NA1,20.04105406267377
NA1,17.966668340450582
NA1,18.083294287339136
NA1,22.828079962228955
NA1,15.222517970537572
NA1,21.41124326815693
NA1,20.196580499466386
NA1,18.68259185818545
NA1,18.304499151250248
NA1,23.91768664526248
NA1,20.53819306600285
NA1,21.111121218774603
NA1,16.15803196693261
NA1,23.99774601975831
NA1,23.50580142073157
NA1,22.62737617750492
NA1,18.71019244187884
NA1,19.99956520332471
NA1,15.602613306796732
NA1,17.839118372506693
NA1,23.040738387064724
NA1,1.31342649186069
NA1,23.169126146096723
NA1,17.877540031740494
NA1,17.342079265034094
NA1,22.596156105464445
NA1,19.26795533883794
NA1,22.129193634998305
NA1,18.517961827047294
NA1,15.303667754935589
NA1,20.332284261275827
NA1,13.583343328941844
NA1,20.08507373478381
NA1,19.337811414427065
NA1,19.031738854476583
NA1,16.59520081627367
NA1,22.565298595754665
NA1,18.31361540510591
NA1,21.79400891134468
NA1,22.820239533391057
NA1,20.23665845835863
NA1,22.81537648701063
NA1,14.658338491225866
NA1,18.758297191376297
NA1,18.739025887163617
NA1,18.78522273102717
NA1,22.557521332334822
NA1,18.04368975723453
NA1,20.886854527572726
NA1,18.21213839004444
NA1,21.95182932660464
NA1,18.96111111150778
NA1,19.928473771982237
NA1,2.1082761895310176
NA1,18.567317906915115
NA1,17.86784925594687
NA1,17.902160176716542
NA1,15.976373825373848
NA1,0.3073044783061825
NA1,21.05380066168603
NA1,17.070220813859436
NA1,17.592791504165824
NA1,19.943603065756225
NA1,22.04369206342096
NA1,17.083290625268866
NA1,22.891696746889
NA1,0.774510882878775
NA1,19.44209300423364
NA1,19.34252006014502
NA1,16.132843529228232
NA1,3.905395039364488
NA1,7.747794010164986
NA1,21.47390110765344
NA1,1.047966633756216
NA1,20.28758554927577
NA1,16.640796595187872
NA1,20.199597369191466
NA1,21.024918003594298
NA1,19.13323112738812
NA1,19.66657653330572
NA1,18.40917002927434
NA1,22.95587103389021
NA1,17.241692127850346
NA1,18.508123338974887
NA1,14.4111858918234
NA1,17.428228800622577
NA1,20.570462473558187
NA1,20.009199697639183
NA1,21.797080848727877
NA1,16.99531666945595
NA1,21.695230609011645
NA1,21.864978998648493
NA1,22.69829478298652
NA1,16.86249713728929
NA1,21.6321909659052
NA1,19.790413002717344
NA1,23.49685870253751
NA1,0.7784391642346419
NA1,19.861777562134687
NA1,13.897546230276348
NA1,0.7779243567859035
NA1,23.08373438750241
NA1,0.2446375999094137
NA1,21.019419052556263
NA1,19.643121344589
NA1,20.914847852896276
NA1,21.5407026011152
NA1,22.047254717338745
NA1,18.475866747388128
NA1,22.93041426402059
NA1,22.498683734387185
NA1,17.155524909471257
NA1,7.075664798759401
NA1,22.52273661756112
NA1,17.154051489049923
NA1,22.719110894296417
NA1,18.359992069648683
NA1,16.46075071761482
NA1,20.478672838322503
NA1,22.197912671452453
NA1,18.74392547687641
NA1,19.071909723424643
NA1,19.112289868677266
NA1,23.896295727756957
NA1,20.311896848519627
NA1,20.608276322789937
NA1,18.668304554516855
NA1,17.46293062867635
NA1,12.424636069778543
NA1,19.53542986477008
NA1,21.36188705307535
NA1,21.56697263006695
NA1,21.438502882639405
NA1,20.420741997270703
NA1,18.253917131225396
NA1,17.948111666185365
NA1,23.001381288942085
NA1,6.363141818426615
NA1,23.299859961676447
NA1,16.428343198386795
NA1,20.917878732396492
NA1,0.4154076633034049
NA1,21.760195786769263
NA1,16.473218202729534
NA1,21.62797867966096
NA1,21.66326147441565
NA1,20.572276094710297
NA1,0.8864994238509969
NA1,19.393469042168647
NA1,0.4872783131090439
NA1,22.70474293538015
NA1,23.410869803002026
NA1,23.124388279935356
NA1,18.92908723770246
NA1,18.716684198644828
NA1,20.21656368103041
NA1,22.993761870680885
NA1,23.02698259322432
NA1,16.04657370718928
NA1,1.1199991581253113
NA1,20.82485759804509
NA1,12.655117012105167
NA1,17.675033962201212
NA1,0.804429707545205
NA1,22.73639726431709
NA1,23.22571043326412
NA1,21.337285203194803
NA1,8.606725650478857
NA1,16.302369282711567
NA1,14.33014907417921
NA1,22.12651337647712
NA1,18.92627629316875
NA1,16.30563348325049
NA1,21.31907869651464
NA1,21.197158124339577
NA1,19.243811424409348
NA1,20.28012937031457
NA1,17.904061149350067
NA1,18.36680363629273
NA1,18.52293251758445
NA1,21.35662194787317
NA1,18.837128927459663
NA1,0.6563316082822119
NA1,6.555065839440852
NA1,20.619640407066647
NA1,15.491570362834429
NA1,18.65811430655541
NA1,18.86193116080273
OC1,16.84100044155782
OC1,20.311221052348145
OC1,22.17085873239086
OC1,14.851896267492988
OC1,21.355245411643477
OC1,21.51373106899288
OC1,20.708387587382767
OC1,18.21106234031115
OC1,20.556078764432264
OC1,0.2521491001401846
OC1,16.9390611762486
OC1,23.570329974858332
OC1,21.6896040183966
OC1,20.870758020192863
OC1,20.7491923522752
OC1,20.662724812650016
OC1,18.56528608311741
OC1,20.397399405249164
OC1,19.540558500580808
OC1,19.756161859767776
OC1,20.920332900706
OC1,17.792177965827484
OC1,17.207772482467043
OC1,17.06650985736978
OC1,20.16477959784806
OC1,18.67627541680706
OC1,19.509753661809786
OC1,0.4703552959763394
OC1,23.10710637439849
OC1,23.02055563567314
OC1,18.68305179217793
OC1,20.678687724243684
OC1,20.19075823188537
OC1,21.23507223452996
OC1,16.73267635821154
OC1,18.92658352173584
OC1,18.471245812746165
OC1,18.065657183518308
OC1,18.12777278421168
OC1,22.386160916794346
OC1,21.601107014169397
OC1,1.4341069742380947
OC1,19.64314672012481
OC1,19.341617646232777
OC1,20.85453908194174
OC1,18.36989418060966
OC1,21.680058850759558
OC1,18.816883487320936
OC1,22.25522083961301
OC1,18.011101088546305
OC1,21.004953720869143
OC1,19.65328595335826
OC1,15.110168089118105
OC1,19.82335067363605
OC1,19.069991067479723
OC1,14.201185538166634
OC1,18.26011473422272
OC1,20.19036459723501
OC1,17.513988672280835
OC1,17.696858648049695
OC1,18.908493452239888
OC1,22.419135223501357
OC1,22.13489581437937
OC1,15.624908251158464
OC1,18.66342391535385
OC1,16.498631175208263
OC1,13.325540715654755
OC1,18.358268307430336
OC1,21.95861298582738
OC1,19.686672100790787
OC1,18.463491032718306
OC1,18.62065153260228
OC1,22.077841278440683
OC1,17.342966767082054
OC1,20.36204014578653
OC1,15.052398406850717
OC1,15.619786412338724
OC1,20.643107973653827
OC1,21.896482998319254
OC1,18.036774885799343
OC1,16.98373369428272
OC1,20.71135025713896
OC1,20.04894187404328
OC1,16.18532793787119
OC1,20.514258848814013
OC1,22.98309211300817
OC1,17.422769473649904
OC1,18.35806807919884
OC1,21.353508663685577
OC1,20.311717516039323
OC1,19.8219721783898
OC1,18.398475734104185
OC1,21.13462702676364
OC1,19.96356893697608
OC1,16.915009951675717
OC1,19.3360017381539
OC1,20.45598452615369
OC1,21.98801791619381
OC1,20.05487654845214
OC1,3.330988700488547
OC1,0.1871889148532542
OC1,17.717760680457456
OC1,19.369345809745788
OC1,15.70395522634694
OC1,22.74176315201165
OC1,19.364117477458823
OC1,15.121740338020643
OC1,20.831825814065137
OC1,19.01950385664192
OC1,18.79466194005717
OC1,13.56889218845232
OC1,22.66785148032904
OC1,17.03716851596571
OC1,18.660427261500555
OC1,20.195009793490534
OC1,21.825434258040605
OC1,20.076437655032613
OC1,15.544914939865407
OC1,18.150332071835237
OC1,23.86434788585151
OC1,20.14885641892705
OC1,17.87073515605489
OC1,17.91386947789379
OC1,19.4056349419898
OC1,16.53198747985466
OC1,19.5779405446971
OC1,18.63446607715427
OC1,23.03667900923588
OC1,21.94742985328172
OC1,18.63158777015478
OC1,21.88414803002237
OC1,19.37033032611888
OC1,17.522899415072747
OC1,19.82418169404495
OC1,15.498167179457791
OC1,1.5576862995284129
OC1,20.943763473930623
OC1,19.373939477337707
OC1,19.806173979948007
OC1,16.797201846339888
OC1,19.564452173341174
OC1,19.358277860302422
OC1,19.46913113050485
OC1,18.94283025901655
OC1,19.800783925730265
OC1,19.75747808579972
OC1,17.70473066996319
OC1,18.173321091078623
OC1,19.77935710710905
OC1,15.5838406742461
OC1,19.10797500841557
OC1,18.70985764417821
OC1,12.159883922345278
OC1,19.6889590976106
OC1,18.92306630444515
OC1,20.96581342758995
OC1,17.941894872675206
OC1,21.25739681247217
OC1,17.923284958428457
OC1,16.54378830360371
OC1,17.65000019542698
OC1,21.53651938574749
OC1,23.53416200353281
OC1,14.6283271096438
OC1,11.156661426828208
OC1,19.05955608532833
OC1,17.507272435320388
OC1,13.045730002196592
OC1,16.3809321242311
OC1,14.692440171122186
OC1,18.05133374013911
OC1,21.522786639763336
OC1,22.287968416179147
OC1,16.937594339516657
OC1,17.554288201514414
OC1,18.34033303938521
OC1,20.29508385170332
OC1,18.58243965579577
OC1,19.858671893981544
OC1,19.30391481125864
OC1,14.61930387567558
OC1,21.567323194533884
OC1,16.88977324751288
OC1,23.391487005657904
OC1,15.469640237403766
OC1,20.23839356177664
OC1,15.5394056393405
OC1,18.24967040946004
OC1,22.42341888482181
OC1,18.650111586130897
OC1,19.719184232008867
OC1,23.08614875199775
OC1,9.653648446018789
OC1,17.398252113979556
OC1,22.02454086046229
OC1,19.977946054466702
OC1,21.00473075774408
OC1,21.15826610346448
OC1,17.328952659953732
OC1,16.03022967058393
OC1,19.15630581943128
OC1,20.647889199356776
OC1,17.346512546649038
OC1,15.398298023541368
OC1,18.1163505490639
OC1,21.212779095744185
OC1,21.79259407178545
OC1,17.640791297226766
OC1,20.044394259465623
OC1,22.4904562510246
OC1,22.77068807432649
OC1,18.117312026738592
OC1,17.397703107843924
OC1,17.247425227247312
OC1,19.29007208466059
OC1,19.75849896932986
OC1,19.19302762245277
OC1,23.24047185952046
OC1,23.814147557133783
OC1,16.45391560314973
OC1,13.991113164593164
OC1,21.24475054712769
OC1,15.28342299981877
OC1,2.317189580175705
OC1,14.246546060586564
OC1,17.832236998111732
OC1,16.664271073213683
OC1,16.186630811878896
OC1,1.3989828401584223
OC1,19.17506868567768
OC1,17.63714315750011
OC1,20.20662511391789
OC1,15.66199768516216
OC1,17.944182933963532
OC1,15.53018506039196
OC1,19.131952926035552
OC1,0.8363257976211298
OC1,19.74583023261333
OC1,20.217620523085653
OC1,19.5495908670648
OC1,19.44622654349184
OC1,0.2801740850896096
OC1,14.755688186898784
OC1,21.113351765483223
OC1,20.760190380695
OC1,19.41667735769404
OC1,20.8247934316542
OC1,21.04257387517088
OC1,19.517834105854973
OC1,0.074872028640271
OC1,17.16677161445125
OC1,15.961945351525836
OC1,18.83712427033683
OC1,19.88849575252201
OC1,20.451529607659783
OC1,22.876063425823364
OC1,1.2897603561024131
OC1,20.635300003081024
OC1,19.85320265034973
OC1,22.218508437426223
OC1,18.175759525878227
OC1,14.53454785145817
OC1,16.66997549622199
OC1,20.723334143993423
OC1,20.23293081014568
OC1,22.451665194275787
OC1,16.201053384932024
OC1,20.143900515868623
OC1,19.192548233546155
OC1,20.53336711694068
OC1,19.22604079516441
OC1,20.88738400064742
OC1,14.579426760687904
OC1,17.421742084989813
OC1,17.95869479416284
OC1,18.665604822993117
OC1,0.8269350068548318
OC1,22.602444227880685
OC1,22.04065000453712
OC1,20.313821996927185
OC1,23.188012903839617
OC1,20.28790727842263
OC1,22.963829110940825
OC1,17.650141798812346
OC1,20.190812469970314
OC1,19.0058766049577
OC1,20.401349802235483
OC1,13.391475992715986
OC1,20.22208471377489
OC1,16.82987817000927
OC1,18.49431537705619
OC1,17.2092928933034
OC1,20.473028069488908
OC1,20.836707882867344
OC1,20.278785491489845
OC1,15.414655196812497
OC1,20.23830142166044
OC1,1.1549757735424342
OC1,18.91834898215021
OC1,20.428055432107
OC1,19.816750866493564
OC1,15.0101678801233
OC1,18.23701180357185
OC1,21.29575431513452
OC1,20.58490144659764
OC1,19.56600938937197
OC1,0.4857837315959233
OC1,20.195795684732595
OC1,19.330827142117084
OC1,18.31372934603973
OC1,19.69120357280511
OC1,19.31772980434428
OC1,22.133852480579897
OC1,15.314683297426352
OC1,22.043788988647748
OC1,14.935783297860867
OC1,18.23336112159172
OC1,17.732717203055028
OC1,21.478388107171817
OC1,17.270579331007074
OC1,19.15663100691444
OC1,18.059104486426047
OC1,18.54047965224917
OC1,17.57842926160812
OC1,21.27724644730634
OC1,18.236603628034928
OC1,19.66989272556961
OC1,23.066298519585
OC1,19.91700368153999
OC1,20.92720799683588
OC1,23.30320432510004
OC1,19.020043296927906
OC1,22.148741569808134
OC1,22.719524559739945
OC1,21.85369225630538
OC1,16.241900636262393
OC1,19.77299195501672
OC1,18.849242619730283
OC1,21.484627654351712
OC1,16.038285469206205
OC1,21.388909104770207
OC1,15.686410993817306
OC1,18.19422703828466
OC1,16.897735719839332
OC1,14.790261606313983
OC1,16.571102599811056
OC1,15.583279506237918
OC1,16.29796360456901
OC1,18.939689386928364
OC1,20.56598085560916
OC1,19.36207213596744
OC1,18.69043931677319
OC1,16.63380526672373
OC1,14.747397699387918
OC1,17.113182662165922
OC1,21.16216416648137
OC1,20.68099591149189
OC1,14.640260722007891
OC1,20.5763377354994
OC1,18.67992661413819
OC1,20.678683379376505
OC1,18.692426113381188
OC1,17.676478391708024
OC1,17.502797555664557
OC1,14.323531473399802
OC1,22.56455087993015
OC1,22.701504903554795
OC1,22.77347913185356
OC1,17.58703982653844
OC1,19.800177303095797
OC1,17.87986639837635
OC1,21.57980946238283
OC1,20.212189759066675
OC1,13.360495651065794
OC1,18.40706686282056
OC1,0.696277371487564
OC1,14.47208406546311
OC1,20.7861874962317
OC1,19.59708438687021
OC1,16.001535968792794
OC1,21.59545678048241
OC1,22.87760003847487
OC1,17.222327883137062
OC1,20.699328301777147
OC1,16.47722188539117
OC1,2.768774395045225
OC1,18.525772754555557
OC1,20.89415384214614
OC1,20.09658967026085
OC1,20.482557867735316
OC1,17.145621266898047
OC1,19.754190491699617
OC1,18.585082609398736
OC1,20.078211985787856
OC1,18.422046978094656
OC1,22.76333854093992
OC1,16.94014279202129
OC1,19.94943249430341
OC1,19.696181339234663
OC1,15.701702373546416
OC1,19.910140269579063
OC1,19.703982418897624
OC1,17.57937044842623
OC1,19.657099480422616
OC1,20.42167256567604
OC1,17.062070121131903
OC1,18.36887367490319
OC1,22.93849468663969
OC1,22.84877089255836
OC1,0.741527457904181
OC1,18.54480098074633
OC1,20.332361843634818
OC1,20.62580154847748
OC1,20.571651020598686
OC1,20.97898497331862
OC1,17.918654839372184
OC1,17.59951329495494
OC1,22.057188097687504
OC1,23.26369854083428
OC1,18.68466838277746
OC1,18.15832920325001
OC1,18.712784414063208
OC1,19.200658515425804
OC1,21.47415686644159
OC1,21.21791695643433
OC1,21.47251805890334
OC1,20.85980530511219
OC1,20.147612644197995
OC1,20.02324180209049
OC1,20.35789835516527
OC1,17.4740927412786
OC1,17.542233693424812
OC1,20.055887412349684
OC1,20.22849469091901
OC1,17.24116208649632
OC1,16.811503966553474
OC1,17.14042812794863
OC1,17.969423429041836
OC1,15.026988020115745
OC1,21.036818746664544
OC1,16.937336318037236
OC1,18.03467673462658
OC1,14.856720260380774
OC1,17.225288545945222
OC1,20.372786480223297
OC1,20.41519502195002
OC1,23.795827088034795
OC1,21.275677499457384
OC1,17.028330060679913
OC1,17.92257656484776
OC1,18.02461547374953
OC1,19.436854897846736
OC1,21.52155232696076
OC1,17.497231961756587
OC1,17.216122040832325
OC1,19.22548803311433
OC1,19.136189552554548
OC1,22.02464211922551
OC1,22.203063552846384
OC1,21.17124715387651
OC1,18.69533239070652
OC1,21.61666511310952
OC1,15.987703369765228
OC1,20.79591723366921
OC1,22.602426442714357
OC1,23.706379592560957
OC1,20.31521427680113
OC1,0.4845446073507486
OC1,21.67345575962496
OC1,20.13238617045535
OC1,22.80542720900244
OC1,17.858631067686865
OC1,19.7286537293268
OC1,16.901129587750795
OC1,19.967172378525454
OC1,16.33400189495895
OC1,19.88745105842769
OC1,21.058049940628333
OC1,21.911808629626854
OC1,22.88428002450465
OC1,20.746864822245108
OC1,23.201297093831787
OC1,22.75334229706004
OC1,19.807545701418057
OC1,20.532661172668345
OC1,18.02269101303316
OC1,16.511194486081724
OC1,21.543230485408618
OC1,18.34620444858298
OC1,17.66438440971617
OC1,18.549136912542256
OC1,21.29455083761173
OC1,20.7537563850025
OC1,19.02525434590685
OC1,17.92501364258029
OC1,22.502886868647693
OC1,16.27934363268986
OC1,0.0449181531476233
OC1,1.3340974489499835
OC1,21.212736945120312
OC1,14.372662213726024
OC1,18.703205266163074
OC1,20.73960696594633
OC1,17.444811510989094
OC1,20.636059723737755
OC1,16.47744739412149
OC1,21.011127522343173
OC1,19.781840877833105
OC1,21.6329096697335
OC1,19.080203801029715
OC1,22.688109013319988
OC1,15.612042212239546
OC1,21.79181618421592
OC1,16.326842508806052
OC1,11.347058587620818
OC1,15.42712017509299
OC1,17.289958405975106
OC1,15.787657638633751
OC1,19.220688382514417
OC1,23.985687205223357
OC1,0.6769253178488834
OC1,18.62196783597719
OC1,19.9547941849335
OC1,18.89602065221777
OC1,17.53323465242782
OC1,18.257986390809283
OC1,20.67806392750333
OC1,19.43667979143638
OC1,21.12340723602184
OC1,20.044181760735825
OC1,19.782395694125523
OC1,18.78647146185511
OC1,14.65751113013863
OC1,16.203473320823104
OC1,19.884329880424094
OC1,19.04468607235112
OC1,17.093836011014968
OC1,19.824314287114053
OC1,23.711450827230298
OC1,15.565071205026074
OC1,17.283903918860904
OC1,20.19467833445538
OC1,19.868977895620887
OC1,15.838378905459829
OC1,17.855955489455642
OC1,22.55522865305588
OC1,17.65184997811449
OC1,21.09237568142958
OC1,4.020007093992209
OC1,20.086091214562423
OC1,17.57608908317203
OC1,20.013214257313063
OC1,22.67340571789897
OC1,11.642703783545477
OC1,20.11430038990713
OC1,19.30551807289954
OC1,20.911193982343818
OC1,16.131730258116413
OC1,19.202499166486493
OC1,17.929459723425847
OC1,18.140407206526422
OC1,18.82668775872632
OC1,23.252296835212928
OC1,18.98086085592143
OC1,20.27060131265829
OC1,20.694711771861414
OC1,21.610900959377712
OC1,20.57212066393449
OC1,19.451395286397805
OC1,17.28102848164823
OC1,20.275885069960182
OC1,19.36260831028048
OC1,17.328254854233286
OC1,19.78729808483561
OC1,21.873140069845867
OC1,20.56828931631141
OC1,19.40546574197342
OC1,19.436404711632456
OC1,20.657494833665712
OC1,0.8716339193201478
OC1,18.25310148409362
OC1,21.21124089467231
OC1,16.228000167037983
OC1,16.98418942135434
OC1,0.484469428894823
OC1,17.67433552010182
OC1,18.470330331512653
OC1,17.282640045923024
OC1,16.778295726976125
OC1,16.43572033391155
OC1,17.993225650007712
OC1,18.6095531887498
OC1,18.505927932739
OC1,18.17897113545744
OC1,17.938236066424615
OC1,18.534708840496204
OC1,19.776337133163192
OC1,18.017419651445845
OC1,16.566536242349905
OC1,15.81150999604541
OC1,15.480227433051118
OC1,16.98927249579134
OC1,18.38038885460617
OC1,12.11328153432881
OC1,18.96887543264724
OC1,18.838200249860463
OC1,19.87548805222388
OC1,23.176464630481437
OC1,15.474983846323266
OC1,19.68882645843927
OC1,17.86906066267089
OC1,20.14312205358316
OC1,21.965766938829187
OC1,15.062768450378064
OC1,16.710286081018157
OC1,12.427900501604348
OC1,12.462729070233449
OC1,17.49368504834598
OC1,16.116949505736507
OC1,21.85279009150689
OC1,14.56640905892369
OC1,17.753109663417213
OC1,18.71939290724786
OC1,16.174487093050633
OC1,21.497015694922315
OC1,21.668694715946845
OC1,19.949796494878544
OC1,14.401968428518254
OC1,18.28245113459537
OC1,21.8740662588132
OC1,17.981243903601957
OC1,17.870926481499566
OC1,18.27146800288141
OC1,19.55284382686913
OC1,0.7525494310100067
OC1,20.4906158733914
OC1,22.30477492427763
OC1,18.368551518009657
OC1,17.165073422839335
OC1,17.72393489672748
OC1,21.47662670753933
OC1,19.356862647562348
OC1,16.514744809608114
OC1,16.44020857493262
OC1,19.505537430218084
OC1,17.993855952193503
OC1,14.468362995805668
OC1,16.915051600721952
OC1,18.98983502896917
OC1,17.723701947851563
OC1,19.129757094405512
OC1,18.932027623729407
OC1,22.783430287835547
OC1,19.854810498314183
OC1,15.412476063054148
OC1,19.790677638150378
OC1,19.570886843168097
OC1,17.24938952882824
OC1,21.6435508858578
OC1,0.2298109970572173
OC1,18.82907192954404
OC1,18.85756611528705
OC1,20.149087464025627
OC1,18.195311300399105
OC1,20.265652585206965
OC1,18.323725858895987
OC1,20.414677007294
OC1,19.96181875649411
OC1,16.307831231302455
OC1,18.77553329203779
OC1,21.457128267786445
OC1,15.396181738631803
OC1,17.78983555209354
OC1,13.514340209754254
OC1,21.423426182742865
OC1,17.669552916999276
OC1,21.4899741503292
OC1,17.171606643367564
OC1,17.999583144915224
OC1,17.88584210337941
OC1,17.718340452052644
OC1,20.822531589339885
OC1,22.212835757946912
OC1,21.0017232610869
OC1,17.92354081485599
OC1,20.410025903078736
OC1,19.137646715674872
OC1,23.33097865944812
OC1,13.892992064882623
OC1,19.880786610385996
OC1,18.25889346692412
OC1,17.3893913934064
OC1,17.66484800657557
OC1,19.079200128990266
OC1,19.16578996709065
OC1,14.213677494973435
OC1,18.74026979900225
OC1,21.31100297939986
OC1,14.591391745464607
OC1,20.067496552847658
OC1,15.962741969343012
OC1,21.129236568028293
OC1,20.299049326582924
OC1,19.691258734547425
OC1,20.90713440620636
OC1,21.583709328812446
OC1,19.820027180258872
OC1,17.985019599036765
OC1,20.43827839922344
OC1,17.19500884610577
OC1,15.804057526640047
OC1,17.5145803848898
OC1,19.529272451143196
OC1,17.100438789014397
OC1,20.16966532357456
OC1,17.86373255660484
OC1,19.87139134658426
OC1,18.879680768633797
OC1,17.743199139860536
OC1,19.95841763156667
OC1,21.774822237262416
OC1,0.4988973542101001
OC1,21.620129158861296
OC1,19.708532106825405
OC1,17.391830352153526
OC1,16.648579195647653
OC1,17.86122634113523
OC1,19.58538883587257
OC1,19.806904126102754
OC1,17.245564428668057
OC1,17.674294585569
OC1,19.029156832929576
OC1,21.37997916248024
OC1,17.609158116850903
OC1,23.83501144311871
OC1,20.64452444510688
OC1,12.634668205985996
OC1,19.93810899703063
OC1,20.78228388855132
OC1,15.989962820366149
OC1,23.087948768432867
OC1,20.087340904377346
OC1,22.02959411313337
OC1,18.790482039113357
OC1,23.222535092764545
OC1,20.80400146289881
OC1,18.568532628616847
OC1,2.5056876352729094
OC1,14.88390050688862
OC1,18.60538827692282
OC1,19.372079599762447
OC1,19.44975612197539
OC1,23.56163872831378
OC1,20.0321286429976
OC1,19.23778231286449
OC1,16.816650544350576
OC1,21.167742554757183
OC1,20.851140223158637
OC1,22.55140917223609
OC1,22.499989068337868
OC1,21.467228163414678
OC1,19.887006855144985
OC1,20.115711412793782
OC1,22.84640862151669
OC1,0.4266245615994491
OC1,14.73913940815214
OC1,22.63518497721697
OC1,21.798350679288955
OC1,22.716727196738475
OC1,18.37638886089573
OC1,22.170644345620293
OC1,23.14908735060554
OC1,19.305809493433586
OC1,15.951196130148713
OC1,17.54359097009209
OC1,18.013954148929734
OC1,0.6938186710613682
OC1,19.795269600655537
OC1,19.98032470708808
OC1,19.899707149138276
OC1,22.59732550927012
OC1,19.782018779094223
OC1,21.46641258616113
OC1,22.38303275723341
OC1,20.518992784193795
OC1,20.190783248501532
OC1,16.70781051199295
OC1,16.359610146938685
OC1,2.7339132841877687
OC1,21.028791674935263
OC1,19.68112127452009
OC1,20.330933260002347
OC1,18.6443960372023
OC1,19.743400238271885
OC1,20.21477754691464
OC1,19.50717577153647
OC1,21.7086246708086
OC1,20.79431719244324
OC1,19.31817489307298
OC1,18.754585397597506
OC1,17.63351215957842
OC1,20.281240616480027
OC1,20.66779775019306
OC1,20.34999460289976
OC1,20.45068252683968
OC1,18.84539384136429
OC1,20.25726475682981
OC1,19.75569542643313
OC1,17.926758332671064
OC1,17.937512270505536
OC1,18.414813187337923
OC1,1.7055054253607418
OC1,21.62071778605107
OC1,18.04918345498835
OC1,21.69176505633125
OC1,21.04572288099555
OC1,16.6736783017542
OC1,20.99979551010382
OC1,21.292558687955054
OC1,20.47631916718216
OC1,18.068108130581145
OC1,22.711748708504864
OC1,21.389812278925994
OC1,23.48780828720018
OC1,0.0799086463370711
OC1,1.2550899739301324
OC1,17.03034065528545
OC1,18.990286058180235
OC1,22.35575781659696
OC1,16.72744307396028
OC1,22.20889290892453
OC1,19.530690703042257
OC1,18.924934118876717
OC1,18.545880709324397
OC1,16.22619426724419
OC1,19.35726086228335
OC1,21.501790792686155
OC1,17.246348140943162
OC1,15.7309972262053
OC1,18.7333708834988
OC1,21.71927385179766
OC1,18.516528348875763
OC1,18.835295218488916
OC1,16.046024658111595
OC1,11.01403833298621
OC1,18.556951766710107
OC1,20.61355346092485
OC1,18.221579775344495
OC1,22.698201244687784
OC1,18.0699656388194
OC1,21.15286059684197
OC1,19.05271208872737
OC1,19.20955293333737
OC1,23.012855956054253
OC1,20.22037273334479
OC1,20.644134890025843
OC1,18.756817444827263
OC1,18.18291063205149
OC1,20.498005452329668
OC1,18.30790765391003
OC1,16.42679785956302
OC1,17.823932829682583
OC1,17.24919115985603
OC1,16.820928248497548
OC1,18.17021713671248
OC1,18.308159843062903
OC1,21.74073773246502
OC1,17.797676925498617
OC1,18.1684096804202
OC1,20.446591203992007
OC1,20.11850361972495
OC1,16.808736923648073
OC1,20.35394854258815
OC1,19.61135373062832
OC1,19.719930820266885
OC1,20.207828262977284
OC1,18.45872896999161
OC1,16.356320749234285
OC1,23.813367654479144
OC1,0.2072220326439354
OC1,19.33728234082479
OC1,21.65125376483632
OC1,17.814949338757035
OC1,13.577309255691462
OC1,21.79036533945316
OC1,16.52664941000605
OC1,19.78631339821412
OC1,23.42150395671353
OC1,22.557233408436957
OC1,21.14181227940948
OC1,20.24881722077359
OC1,20.98833513148244
OC1,4.739252617345031
OC1,20.3008021313455
OC1,18.55824826649493
OC1,16.979898934331423
OC1,23.257906153058997
OC1,20.956938304422376
OC1,21.6752223900868
OC1,19.1318130230932
OC1,19.81095179379741
OC1,17.09718544557897
OC1,19.21379176310597
OC1,19.26129000415508
OC1,18.147621518670796
OC1,17.464147966966568
OC1,22.517958048634277
OC1,22.25909362118602
OC1,17.77979022909044
OC1,16.6756146556212
OC1,22.339256338960706
OC1,18.70777770222849
OC1,21.7575066819963
OC1,15.905422819749203
OC1,20.66963933959535
OC1,17.855029488147405
OC1,19.19020065995808
OC1,20.345120004697986
OC1,20.441408485468823
OC1,21.13405197740364
OC1,16.705237874561213
OC1,22.08086162895884
OC1,18.92492259183178
OC1,18.42699703331299
OC1,20.49315370350544
OC1,20.384595836300477
OC1,23.618107818391294
OC1,17.608252273460295
OC1,20.958107802904426
OC1,19.62982999874808
OC1,14.558414278149735
OC1,18.945222774306465
OC1,16.88269477833637
OC1,20.429543414239443
OC1,21.17200405946544
OC1,18.86648864950549
OC1,20.54534604695375
OC1,14.250436464069663
OC1,19.65961593291205
OC1,16.59399666663818
OC1,17.14707564859427
OC1,19.80589495555804
OC1,20.83381960292675
OC1,20.54317747953388
OC1,21.44323028094512
OC1,2.4425699568687835
OC1,0.0234685660171334
OC1,0.0515296255633283
OC1,20.614317069142672
OC1,19.54406050795131
OC1,21.963278329380216
OC1,19.556140747080665
OC1,22.800596840691327
OC1,0.9643663439485152
OC1,19.39922902016704
OC1,23.15906719789743
OC1,22.15736430755376
OC1,18.483590234920413
OC1,16.854230970054164
OC1,14.074605025361572
OC1,17.368338950865837
OC1,19.92668705517282
OC1,21.96081795341976
OC1,21.94587232823685
OC1,19.747468947908807
OC1,1.2448223078465848
OC1,13.494247696658569
OC1,16.704287629880792
OC1,17.32232407658377
OC1,21.96170340954835
OC1,19.729288173331604
OC1,21.114834154775984
OC1,17.336187825247748
OC1,22.92174610321701
OC1,21.88034751973448
OC1,23.3544152951896
OC1,19.87232703197435
OC1,13.695080322139184
OC1,0.8646840080740003
OC1,19.00617625715255
OC1,21.89272635449332
OC1,20.1230128848985
OC1,23.286340346884195
OC1,19.879787455068776
OC1,22.53510770497981
OC1,0.6718036414412769
OC1,16.650940181027845
OC1,20.8371033066799
OC1,18.362520421915274
OC1,16.76736676752017
OC1,18.413619482650017
OC1,15.25623349713462
OC1,22.537557809494064
OC1,21.09436754974735
OC1,22.818414135465957
OC1,19.41662944924208
OC1,19.870822433627307
OC1,2.5943013451262016
